2025-05-13 09:34:02,168 - __main__ - INFO - Begin training on FashionAI dataset.
2025-05-13 09:34:05,848 - __main__ - INFO - Task id: 0	Train Epoch: 1 [0/20000]	Loss: 3.3632 (3.3632) 	Acc: 81.25% (81.25%)
2025-05-13 09:35:08,072 - __main__ - INFO - Task id: 0	Train Epoch: 1 [6400/20000]	Loss: 3.1457 (3.0564) 	Acc: 75.00% (75.84%)
2025-05-13 09:36:00,449 - __main__ - INFO - Task id: 0	Train Epoch: 1 [12800/20000]	Loss: 2.4927 (2.9524) 	Acc: 100.00% (79.31%)
2025-05-13 09:36:43,922 - __main__ - INFO - Task id: 0	Train Epoch: 1 [19200/20000]	Loss: 2.7255 (2.8834) 	Acc: 81.25% (81.25%)
2025-05-13 09:36:53,245 - __main__ - INFO - Task id: 0
2025-05-13 09:36:53,245 - __main__ - INFO - Train Epoch: 1
2025-05-13 09:36:53,245 - __main__ - INFO - skirt_length mAP: 57.2795
2025-05-13 09:36:53,245 - __main__ - INFO - sleeve_length mAP: 0.0000
2025-05-13 09:36:53,245 - __main__ - INFO - coat_length mAP: 0.0000
2025-05-13 09:36:53,245 - __main__ - INFO - pant_length mAP: 0.0000
2025-05-13 09:36:53,245 - __main__ - INFO - collar_design mAP: 0.0000
2025-05-13 09:36:53,245 - __main__ - INFO - lapel_design mAP: 0.0000
2025-05-13 09:36:53,245 - __main__ - INFO - neckline_design mAP: 0.0000
2025-05-13 09:36:53,245 - __main__ - INFO - neck_design mAP: 0.0000
2025-05-13 09:36:53,245 - __main__ - INFO - texture-related mAP: 0.0000
2025-05-13 09:36:53,245 - __main__ - INFO - fabric-related mAP: 0.0000
2025-05-13 09:36:53,245 - __main__ - INFO - shape-related mAP: 0.0000
2025-05-13 09:36:53,245 - __main__ - INFO - part-related mAP: 0.0000
2025-05-13 09:36:53,245 - __main__ - INFO - style-related mAP: 0.0000
2025-05-13 09:36:53,245 - __main__ - INFO - clothes category mAP: 0.0000
2025-05-13 09:36:53,245 - __main__ - INFO - clothes button mAP: 0.0000
2025-05-13 09:36:53,245 - __main__ - INFO - clothes color mAP: 0.0000
2025-05-13 09:36:53,246 - __main__ - INFO - clothes length mAP: 0.0000
2025-05-13 09:36:53,246 - __main__ - INFO - clothes pattern mAP: 0.0000
2025-05-13 09:36:53,246 - __main__ - INFO - clothes shape mAP: 0.0000
2025-05-13 09:36:53,246 - __main__ - INFO - collar shape mAP: 0.0000
2025-05-13 09:36:53,246 - __main__ - INFO - sleeve length mAP: 0.0000
2025-05-13 09:36:53,246 - __main__ - INFO - sleeve shape mAP: 0.0000
2025-05-13 09:36:53,246 - __main__ - INFO - MeanAP: 57.2795

2025-05-13 09:36:54,687 - __main__ - INFO - lr:0.0001
2025-05-13 09:36:55,407 - __main__ - INFO - Task id: 0	Train Epoch: 2 [0/20000]	Loss: 2.5405 (2.5405) 	Acc: 93.75% (93.75%)
2025-05-13 09:37:36,802 - __main__ - INFO - Task id: 0	Train Epoch: 2 [6400/20000]	Loss: 2.4805 (2.6702) 	Acc: 81.25% (86.91%)
2025-05-13 09:38:18,394 - __main__ - INFO - Task id: 0	Train Epoch: 2 [12800/20000]	Loss: 2.6817 (2.6454) 	Acc: 81.25% (87.65%)
2025-05-13 09:38:59,664 - __main__ - INFO - Task id: 0	Train Epoch: 2 [19200/20000]	Loss: 2.2797 (2.6120) 	Acc: 100.00% (88.34%)
2025-05-13 09:39:08,738 - __main__ - INFO - Task id: 0
2025-05-13 09:39:08,738 - __main__ - INFO - Train Epoch: 2
2025-05-13 09:39:08,738 - __main__ - INFO - skirt_length mAP: 58.8859
2025-05-13 09:39:08,738 - __main__ - INFO - sleeve_length mAP: 0.0000
2025-05-13 09:39:08,738 - __main__ - INFO - coat_length mAP: 0.0000
2025-05-13 09:39:08,738 - __main__ - INFO - pant_length mAP: 0.0000
2025-05-13 09:39:08,738 - __main__ - INFO - collar_design mAP: 0.0000
2025-05-13 09:39:08,738 - __main__ - INFO - lapel_design mAP: 0.0000
2025-05-13 09:39:08,738 - __main__ - INFO - neckline_design mAP: 0.0000
2025-05-13 09:39:08,738 - __main__ - INFO - neck_design mAP: 0.0000
2025-05-13 09:39:08,738 - __main__ - INFO - texture-related mAP: 0.0000
2025-05-13 09:39:08,738 - __main__ - INFO - fabric-related mAP: 0.0000
2025-05-13 09:39:08,738 - __main__ - INFO - shape-related mAP: 0.0000
2025-05-13 09:39:08,738 - __main__ - INFO - part-related mAP: 0.0000
2025-05-13 09:39:08,739 - __main__ - INFO - style-related mAP: 0.0000
2025-05-13 09:39:08,739 - __main__ - INFO - clothes category mAP: 0.0000
2025-05-13 09:39:08,739 - __main__ - INFO - clothes button mAP: 0.0000
2025-05-13 09:39:08,739 - __main__ - INFO - clothes color mAP: 0.0000
2025-05-13 09:39:08,739 - __main__ - INFO - clothes length mAP: 0.0000
2025-05-13 09:39:08,739 - __main__ - INFO - clothes pattern mAP: 0.0000
2025-05-13 09:39:08,739 - __main__ - INFO - clothes shape mAP: 0.0000
2025-05-13 09:39:08,739 - __main__ - INFO - collar shape mAP: 0.0000
2025-05-13 09:39:08,739 - __main__ - INFO - sleeve length mAP: 0.0000
2025-05-13 09:39:08,739 - __main__ - INFO - sleeve shape mAP: 0.0000
2025-05-13 09:39:08,739 - __main__ - INFO - MeanAP: 58.8859

2025-05-13 09:39:10,042 - __main__ - INFO - lr:0.0001
2025-05-13 09:39:10,779 - __main__ - INFO - Task id: 0	Train Epoch: 3 [0/20000]	Loss: 2.0865 (2.0865) 	Acc: 93.75% (93.75%)
2025-05-13 09:39:52,302 - __main__ - INFO - Task id: 0	Train Epoch: 3 [6400/20000]	Loss: 2.6481 (2.5214) 	Acc: 93.75% (90.31%)
2025-05-13 09:40:33,296 - __main__ - INFO - Task id: 0	Train Epoch: 3 [12800/20000]	Loss: 2.8922 (2.5020) 	Acc: 81.25% (90.58%)
2025-05-13 09:41:14,165 - __main__ - INFO - Task id: 0	Train Epoch: 3 [19200/20000]	Loss: 2.4068 (2.4842) 	Acc: 100.00% (90.93%)
2025-05-13 09:41:23,136 - __main__ - INFO - Task id: 0
2025-05-13 09:41:23,136 - __main__ - INFO - Train Epoch: 3
2025-05-13 09:41:23,136 - __main__ - INFO - skirt_length mAP: 59.8295
2025-05-13 09:41:23,136 - __main__ - INFO - sleeve_length mAP: 0.0000
2025-05-13 09:41:23,137 - __main__ - INFO - coat_length mAP: 0.0000
2025-05-13 09:41:23,137 - __main__ - INFO - pant_length mAP: 0.0000
2025-05-13 09:41:23,137 - __main__ - INFO - collar_design mAP: 0.0000
2025-05-13 09:41:23,137 - __main__ - INFO - lapel_design mAP: 0.0000
2025-05-13 09:41:23,137 - __main__ - INFO - neckline_design mAP: 0.0000
2025-05-13 09:41:23,137 - __main__ - INFO - neck_design mAP: 0.0000
2025-05-13 09:41:23,137 - __main__ - INFO - texture-related mAP: 0.0000
2025-05-13 09:41:23,137 - __main__ - INFO - fabric-related mAP: 0.0000
2025-05-13 09:41:23,137 - __main__ - INFO - shape-related mAP: 0.0000
2025-05-13 09:41:23,137 - __main__ - INFO - part-related mAP: 0.0000
2025-05-13 09:41:23,137 - __main__ - INFO - style-related mAP: 0.0000
2025-05-13 09:41:23,137 - __main__ - INFO - clothes category mAP: 0.0000
2025-05-13 09:41:23,137 - __main__ - INFO - clothes button mAP: 0.0000
2025-05-13 09:41:23,137 - __main__ - INFO - clothes color mAP: 0.0000
2025-05-13 09:41:23,137 - __main__ - INFO - clothes length mAP: 0.0000
2025-05-13 09:41:23,137 - __main__ - INFO - clothes pattern mAP: 0.0000
2025-05-13 09:41:23,137 - __main__ - INFO - clothes shape mAP: 0.0000
2025-05-13 09:41:23,137 - __main__ - INFO - collar shape mAP: 0.0000
2025-05-13 09:41:23,137 - __main__ - INFO - sleeve length mAP: 0.0000
2025-05-13 09:41:23,137 - __main__ - INFO - sleeve shape mAP: 0.0000
2025-05-13 09:41:23,137 - __main__ - INFO - MeanAP: 59.8295

2025-05-13 09:41:24,467 - __main__ - INFO - lr:9e-05
2025-05-13 09:41:25,195 - __main__ - INFO - Task id: 0	Train Epoch: 4 [0/20000]	Loss: 2.7643 (2.7643) 	Acc: 87.50% (87.50%)
2025-05-13 09:42:06,225 - __main__ - INFO - Task id: 0	Train Epoch: 4 [6400/20000]	Loss: 2.7636 (2.3932) 	Acc: 93.75% (92.80%)
2025-05-13 09:42:47,113 - __main__ - INFO - Task id: 0	Train Epoch: 4 [12800/20000]	Loss: 2.3047 (2.3781) 	Acc: 87.50% (93.09%)
2025-05-13 09:43:27,870 - __main__ - INFO - Task id: 0	Train Epoch: 4 [19200/20000]	Loss: 2.2874 (2.3590) 	Acc: 93.75% (93.19%)
2025-05-13 09:43:36,878 - __main__ - INFO - Task id: 0
2025-05-13 09:43:36,878 - __main__ - INFO - Train Epoch: 4
2025-05-13 09:43:36,878 - __main__ - INFO - skirt_length mAP: 61.5828
2025-05-13 09:43:36,878 - __main__ - INFO - sleeve_length mAP: 0.0000
2025-05-13 09:43:36,878 - __main__ - INFO - coat_length mAP: 0.0000
2025-05-13 09:43:36,878 - __main__ - INFO - pant_length mAP: 0.0000
2025-05-13 09:43:36,878 - __main__ - INFO - collar_design mAP: 0.0000
2025-05-13 09:43:36,878 - __main__ - INFO - lapel_design mAP: 0.0000
2025-05-13 09:43:36,878 - __main__ - INFO - neckline_design mAP: 0.0000
2025-05-13 09:43:36,878 - __main__ - INFO - neck_design mAP: 0.0000
2025-05-13 09:43:36,878 - __main__ - INFO - texture-related mAP: 0.0000
2025-05-13 09:43:36,879 - __main__ - INFO - fabric-related mAP: 0.0000
2025-05-13 09:43:36,879 - __main__ - INFO - shape-related mAP: 0.0000
2025-05-13 09:43:36,879 - __main__ - INFO - part-related mAP: 0.0000
2025-05-13 09:43:36,879 - __main__ - INFO - style-related mAP: 0.0000
2025-05-13 09:43:36,879 - __main__ - INFO - clothes category mAP: 0.0000
2025-05-13 09:43:36,879 - __main__ - INFO - clothes button mAP: 0.0000
2025-05-13 09:43:36,879 - __main__ - INFO - clothes color mAP: 0.0000
2025-05-13 09:43:36,879 - __main__ - INFO - clothes length mAP: 0.0000
2025-05-13 09:43:36,879 - __main__ - INFO - clothes pattern mAP: 0.0000
2025-05-13 09:43:36,879 - __main__ - INFO - clothes shape mAP: 0.0000
2025-05-13 09:43:36,879 - __main__ - INFO - collar shape mAP: 0.0000
2025-05-13 09:43:36,879 - __main__ - INFO - sleeve length mAP: 0.0000
2025-05-13 09:43:36,879 - __main__ - INFO - sleeve shape mAP: 0.0000
2025-05-13 09:43:36,879 - __main__ - INFO - MeanAP: 61.5828

2025-05-13 09:43:38,197 - __main__ - INFO - lr:9e-05
2025-05-13 09:43:38,938 - __main__ - INFO - Task id: 0	Train Epoch: 5 [0/20000]	Loss: 2.1426 (2.1426) 	Acc: 100.00% (100.00%)
2025-05-13 09:44:19,835 - __main__ - INFO - Task id: 0	Train Epoch: 5 [6400/20000]	Loss: 2.2473 (2.2662) 	Acc: 93.75% (94.39%)
2025-05-13 09:45:00,353 - __main__ - INFO - Task id: 0	Train Epoch: 5 [12800/20000]	Loss: 1.9525 (2.2584) 	Acc: 93.75% (94.41%)
2025-05-13 09:45:41,058 - __main__ - INFO - Task id: 0	Train Epoch: 5 [19200/20000]	Loss: 2.0903 (2.2489) 	Acc: 87.50% (94.60%)
2025-05-13 09:45:49,918 - __main__ - INFO - Task id: 0
2025-05-13 09:45:49,919 - __main__ - INFO - Train Epoch: 5
2025-05-13 09:45:49,919 - __main__ - INFO - skirt_length mAP: 61.9790
2025-05-13 09:45:49,919 - __main__ - INFO - sleeve_length mAP: 0.0000
2025-05-13 09:45:49,919 - __main__ - INFO - coat_length mAP: 0.0000
2025-05-13 09:45:49,919 - __main__ - INFO - pant_length mAP: 0.0000
2025-05-13 09:45:49,919 - __main__ - INFO - collar_design mAP: 0.0000
2025-05-13 09:45:49,919 - __main__ - INFO - lapel_design mAP: 0.0000
2025-05-13 09:45:49,919 - __main__ - INFO - neckline_design mAP: 0.0000
2025-05-13 09:45:49,919 - __main__ - INFO - neck_design mAP: 0.0000
2025-05-13 09:45:49,919 - __main__ - INFO - texture-related mAP: 0.0000
2025-05-13 09:45:49,919 - __main__ - INFO - fabric-related mAP: 0.0000
2025-05-13 09:45:49,919 - __main__ - INFO - shape-related mAP: 0.0000
2025-05-13 09:45:49,919 - __main__ - INFO - part-related mAP: 0.0000
2025-05-13 09:45:49,919 - __main__ - INFO - style-related mAP: 0.0000
2025-05-13 09:45:49,919 - __main__ - INFO - clothes category mAP: 0.0000
2025-05-13 09:45:49,919 - __main__ - INFO - clothes button mAP: 0.0000
2025-05-13 09:45:49,919 - __main__ - INFO - clothes color mAP: 0.0000
2025-05-13 09:45:49,919 - __main__ - INFO - clothes length mAP: 0.0000
2025-05-13 09:45:49,919 - __main__ - INFO - clothes pattern mAP: 0.0000
2025-05-13 09:45:49,919 - __main__ - INFO - clothes shape mAP: 0.0000
2025-05-13 09:45:49,919 - __main__ - INFO - collar shape mAP: 0.0000
2025-05-13 09:45:49,919 - __main__ - INFO - sleeve length mAP: 0.0000
2025-05-13 09:45:49,919 - __main__ - INFO - sleeve shape mAP: 0.0000
2025-05-13 09:45:49,919 - __main__ - INFO - MeanAP: 61.9790

2025-05-13 09:45:51,217 - __main__ - INFO - lr:9e-05
2025-05-13 09:45:51,909 - __main__ - INFO - Task id: 0	Train Epoch: 6 [0/20000]	Loss: 2.0095 (2.0095) 	Acc: 93.75% (93.75%)
2025-05-13 09:46:32,619 - __main__ - INFO - Task id: 0	Train Epoch: 6 [6400/20000]	Loss: 2.1915 (2.2045) 	Acc: 100.00% (95.45%)
2025-05-13 09:47:13,910 - __main__ - INFO - Task id: 0	Train Epoch: 6 [12800/20000]	Loss: 2.2444 (2.1936) 	Acc: 93.75% (95.76%)
2025-05-13 09:47:55,080 - __main__ - INFO - Task id: 0	Train Epoch: 6 [19200/20000]	Loss: 2.0748 (2.1774) 	Acc: 93.75% (95.89%)
2025-05-13 09:48:04,099 - __main__ - INFO - Task id: 0
2025-05-13 09:48:04,099 - __main__ - INFO - Train Epoch: 6
2025-05-13 09:48:04,099 - __main__ - INFO - skirt_length mAP: 61.5640
2025-05-13 09:48:04,099 - __main__ - INFO - sleeve_length mAP: 0.0000
2025-05-13 09:48:04,099 - __main__ - INFO - coat_length mAP: 0.0000
2025-05-13 09:48:04,099 - __main__ - INFO - pant_length mAP: 0.0000
2025-05-13 09:48:04,099 - __main__ - INFO - collar_design mAP: 0.0000
2025-05-13 09:48:04,099 - __main__ - INFO - lapel_design mAP: 0.0000
2025-05-13 09:48:04,100 - __main__ - INFO - neckline_design mAP: 0.0000
2025-05-13 09:48:04,100 - __main__ - INFO - neck_design mAP: 0.0000
2025-05-13 09:48:04,100 - __main__ - INFO - texture-related mAP: 0.0000
2025-05-13 09:48:04,100 - __main__ - INFO - fabric-related mAP: 0.0000
2025-05-13 09:48:04,100 - __main__ - INFO - shape-related mAP: 0.0000
2025-05-13 09:48:04,100 - __main__ - INFO - part-related mAP: 0.0000
2025-05-13 09:48:04,100 - __main__ - INFO - style-related mAP: 0.0000
2025-05-13 09:48:04,100 - __main__ - INFO - clothes category mAP: 0.0000
2025-05-13 09:48:04,100 - __main__ - INFO - clothes button mAP: 0.0000
2025-05-13 09:48:04,100 - __main__ - INFO - clothes color mAP: 0.0000
2025-05-13 09:48:04,100 - __main__ - INFO - clothes length mAP: 0.0000
2025-05-13 09:48:04,100 - __main__ - INFO - clothes pattern mAP: 0.0000
2025-05-13 09:48:04,100 - __main__ - INFO - clothes shape mAP: 0.0000
2025-05-13 09:48:04,100 - __main__ - INFO - collar shape mAP: 0.0000
2025-05-13 09:48:04,100 - __main__ - INFO - sleeve length mAP: 0.0000
2025-05-13 09:48:04,100 - __main__ - INFO - sleeve shape mAP: 0.0000
2025-05-13 09:48:04,100 - __main__ - INFO - MeanAP: 61.5640

2025-05-13 09:48:04,687 - __main__ - INFO - lr:8.1e-05
2025-05-13 09:48:05,400 - __main__ - INFO - Task id: 0	Train Epoch: 7 [0/20000]	Loss: 2.3072 (2.3072) 	Acc: 93.75% (93.75%)
2025-05-13 09:48:45,512 - __main__ - INFO - Task id: 0	Train Epoch: 7 [6400/20000]	Loss: 1.9896 (2.1222) 	Acc: 100.00% (96.62%)
2025-05-13 09:49:25,768 - __main__ - INFO - Task id: 0	Train Epoch: 7 [12800/20000]	Loss: 2.7125 (2.1063) 	Acc: 100.00% (96.78%)
2025-05-13 09:50:05,681 - __main__ - INFO - Task id: 0	Train Epoch: 7 [19200/20000]	Loss: 1.8976 (2.0941) 	Acc: 100.00% (96.78%)
2025-05-13 09:50:14,469 - __main__ - INFO - Task id: 0
2025-05-13 09:50:14,469 - __main__ - INFO - Train Epoch: 7
2025-05-13 09:50:14,469 - __main__ - INFO - skirt_length mAP: 62.9296
2025-05-13 09:50:14,469 - __main__ - INFO - sleeve_length mAP: 0.0000
2025-05-13 09:50:14,469 - __main__ - INFO - coat_length mAP: 0.0000
2025-05-13 09:50:14,469 - __main__ - INFO - pant_length mAP: 0.0000
2025-05-13 09:50:14,469 - __main__ - INFO - collar_design mAP: 0.0000
2025-05-13 09:50:14,469 - __main__ - INFO - lapel_design mAP: 0.0000
2025-05-13 09:50:14,469 - __main__ - INFO - neckline_design mAP: 0.0000
2025-05-13 09:50:14,469 - __main__ - INFO - neck_design mAP: 0.0000
2025-05-13 09:50:14,469 - __main__ - INFO - texture-related mAP: 0.0000
2025-05-13 09:50:14,469 - __main__ - INFO - fabric-related mAP: 0.0000
2025-05-13 09:50:14,469 - __main__ - INFO - shape-related mAP: 0.0000
2025-05-13 09:50:14,470 - __main__ - INFO - part-related mAP: 0.0000
2025-05-13 09:50:14,470 - __main__ - INFO - style-related mAP: 0.0000
2025-05-13 09:50:14,470 - __main__ - INFO - clothes category mAP: 0.0000
2025-05-13 09:50:14,470 - __main__ - INFO - clothes button mAP: 0.0000
2025-05-13 09:50:14,470 - __main__ - INFO - clothes color mAP: 0.0000
2025-05-13 09:50:14,470 - __main__ - INFO - clothes length mAP: 0.0000
2025-05-13 09:50:14,470 - __main__ - INFO - clothes pattern mAP: 0.0000
2025-05-13 09:50:14,470 - __main__ - INFO - clothes shape mAP: 0.0000
2025-05-13 09:50:14,470 - __main__ - INFO - collar shape mAP: 0.0000
2025-05-13 09:50:14,470 - __main__ - INFO - sleeve length mAP: 0.0000
2025-05-13 09:50:14,470 - __main__ - INFO - sleeve shape mAP: 0.0000
2025-05-13 09:50:14,470 - __main__ - INFO - MeanAP: 62.9296

2025-05-13 09:50:15,826 - __main__ - INFO - lr:8.1e-05
2025-05-13 09:50:16,564 - __main__ - INFO - Task id: 0	Train Epoch: 8 [0/20000]	Loss: 2.0426 (2.0426) 	Acc: 93.75% (93.75%)
2025-05-13 09:50:57,563 - __main__ - INFO - Task id: 0	Train Epoch: 8 [6400/20000]	Loss: 1.9657 (2.0144) 	Acc: 100.00% (97.71%)
2025-05-13 09:51:37,934 - __main__ - INFO - Task id: 0	Train Epoch: 8 [12800/20000]	Loss: 2.0028 (2.0172) 	Acc: 93.75% (97.73%)
2025-05-13 09:52:18,735 - __main__ - INFO - Task id: 0	Train Epoch: 8 [19200/20000]	Loss: 1.9048 (2.0231) 	Acc: 93.75% (97.73%)
2025-05-13 09:52:27,674 - __main__ - INFO - Task id: 0
2025-05-13 09:52:27,674 - __main__ - INFO - Train Epoch: 8
2025-05-13 09:52:27,674 - __main__ - INFO - skirt_length mAP: 62.4932
2025-05-13 09:52:27,674 - __main__ - INFO - sleeve_length mAP: 0.0000
2025-05-13 09:52:27,674 - __main__ - INFO - coat_length mAP: 0.0000
2025-05-13 09:52:27,674 - __main__ - INFO - pant_length mAP: 0.0000
2025-05-13 09:52:27,674 - __main__ - INFO - collar_design mAP: 0.0000
2025-05-13 09:52:27,674 - __main__ - INFO - lapel_design mAP: 0.0000
2025-05-13 09:52:27,674 - __main__ - INFO - neckline_design mAP: 0.0000
2025-05-13 09:52:27,675 - __main__ - INFO - neck_design mAP: 0.0000
2025-05-13 09:52:27,675 - __main__ - INFO - texture-related mAP: 0.0000
2025-05-13 09:52:27,675 - __main__ - INFO - fabric-related mAP: 0.0000
2025-05-13 09:52:27,675 - __main__ - INFO - shape-related mAP: 0.0000
2025-05-13 09:52:27,675 - __main__ - INFO - part-related mAP: 0.0000
2025-05-13 09:52:27,675 - __main__ - INFO - style-related mAP: 0.0000
2025-05-13 09:52:27,675 - __main__ - INFO - clothes category mAP: 0.0000
2025-05-13 09:52:27,675 - __main__ - INFO - clothes button mAP: 0.0000
2025-05-13 09:52:27,675 - __main__ - INFO - clothes color mAP: 0.0000
2025-05-13 09:52:27,675 - __main__ - INFO - clothes length mAP: 0.0000
2025-05-13 09:52:27,675 - __main__ - INFO - clothes pattern mAP: 0.0000
2025-05-13 09:52:27,675 - __main__ - INFO - clothes shape mAP: 0.0000
2025-05-13 09:52:27,675 - __main__ - INFO - collar shape mAP: 0.0000
2025-05-13 09:52:27,675 - __main__ - INFO - sleeve length mAP: 0.0000
2025-05-13 09:52:27,675 - __main__ - INFO - sleeve shape mAP: 0.0000
2025-05-13 09:52:27,675 - __main__ - INFO - MeanAP: 62.4932

2025-05-13 09:52:28,253 - __main__ - INFO - lr:8.1e-05
2025-05-13 09:52:28,964 - __main__ - INFO - Task id: 0	Train Epoch: 9 [0/20000]	Loss: 1.8239 (1.8239) 	Acc: 93.75% (93.75%)
2025-05-13 09:53:09,391 - __main__ - INFO - Task id: 0	Train Epoch: 9 [6400/20000]	Loss: 1.9452 (2.0029) 	Acc: 93.75% (97.85%)
2025-05-13 09:53:49,385 - __main__ - INFO - Task id: 0	Train Epoch: 9 [12800/20000]	Loss: 1.8973 (1.9858) 	Acc: 100.00% (98.02%)
2025-05-13 09:54:29,391 - __main__ - INFO - Task id: 0	Train Epoch: 9 [19200/20000]	Loss: 1.9369 (1.9853) 	Acc: 100.00% (98.13%)
2025-05-13 09:54:38,305 - __main__ - INFO - Task id: 0
2025-05-13 09:54:38,305 - __main__ - INFO - Train Epoch: 9
2025-05-13 09:54:38,305 - __main__ - INFO - skirt_length mAP: 61.9914
2025-05-13 09:54:38,305 - __main__ - INFO - sleeve_length mAP: 0.0000
2025-05-13 09:54:38,305 - __main__ - INFO - coat_length mAP: 0.0000
2025-05-13 09:54:38,306 - __main__ - INFO - pant_length mAP: 0.0000
2025-05-13 09:54:38,306 - __main__ - INFO - collar_design mAP: 0.0000
2025-05-13 09:54:38,306 - __main__ - INFO - lapel_design mAP: 0.0000
2025-05-13 09:54:38,306 - __main__ - INFO - neckline_design mAP: 0.0000
2025-05-13 09:54:38,306 - __main__ - INFO - neck_design mAP: 0.0000
2025-05-13 09:54:38,306 - __main__ - INFO - texture-related mAP: 0.0000
2025-05-13 09:54:38,306 - __main__ - INFO - fabric-related mAP: 0.0000
2025-05-13 09:54:38,306 - __main__ - INFO - shape-related mAP: 0.0000
2025-05-13 09:54:38,306 - __main__ - INFO - part-related mAP: 0.0000
2025-05-13 09:54:38,306 - __main__ - INFO - style-related mAP: 0.0000
2025-05-13 09:54:38,306 - __main__ - INFO - clothes category mAP: 0.0000
2025-05-13 09:54:38,306 - __main__ - INFO - clothes button mAP: 0.0000
2025-05-13 09:54:38,306 - __main__ - INFO - clothes color mAP: 0.0000
2025-05-13 09:54:38,306 - __main__ - INFO - clothes length mAP: 0.0000
2025-05-13 09:54:38,306 - __main__ - INFO - clothes pattern mAP: 0.0000
2025-05-13 09:54:38,306 - __main__ - INFO - clothes shape mAP: 0.0000
2025-05-13 09:54:38,306 - __main__ - INFO - collar shape mAP: 0.0000
2025-05-13 09:54:38,306 - __main__ - INFO - sleeve length mAP: 0.0000
2025-05-13 09:54:38,306 - __main__ - INFO - sleeve shape mAP: 0.0000
2025-05-13 09:54:38,306 - __main__ - INFO - MeanAP: 61.9914

2025-05-13 09:54:38,996 - __main__ - INFO - lr:7.290000000000001e-05
2025-05-13 09:54:39,723 - __main__ - INFO - Task id: 0	Train Epoch: 10 [0/20000]	Loss: 1.9363 (1.9363) 	Acc: 93.75% (93.75%)
2025-05-13 09:55:20,127 - __main__ - INFO - Task id: 0	Train Epoch: 10 [6400/20000]	Loss: 1.8855 (1.9445) 	Acc: 100.00% (98.38%)
2025-05-13 09:56:00,150 - __main__ - INFO - Task id: 0	Train Epoch: 10 [12800/20000]	Loss: 1.7703 (1.9513) 	Acc: 100.00% (98.46%)
2025-05-13 09:56:40,721 - __main__ - INFO - Task id: 0	Train Epoch: 10 [19200/20000]	Loss: 1.7066 (1.9398) 	Acc: 100.00% (98.57%)
2025-05-13 09:56:49,595 - __main__ - INFO - Task id: 0
2025-05-13 09:56:49,595 - __main__ - INFO - Train Epoch: 10
2025-05-13 09:56:49,595 - __main__ - INFO - skirt_length mAP: 60.7576
2025-05-13 09:56:49,596 - __main__ - INFO - sleeve_length mAP: 0.0000
2025-05-13 09:56:49,596 - __main__ - INFO - coat_length mAP: 0.0000
2025-05-13 09:56:49,596 - __main__ - INFO - pant_length mAP: 0.0000
2025-05-13 09:56:49,596 - __main__ - INFO - collar_design mAP: 0.0000
2025-05-13 09:56:49,596 - __main__ - INFO - lapel_design mAP: 0.0000
2025-05-13 09:56:49,596 - __main__ - INFO - neckline_design mAP: 0.0000
2025-05-13 09:56:49,596 - __main__ - INFO - neck_design mAP: 0.0000
2025-05-13 09:56:49,596 - __main__ - INFO - texture-related mAP: 0.0000
2025-05-13 09:56:49,596 - __main__ - INFO - fabric-related mAP: 0.0000
2025-05-13 09:56:49,596 - __main__ - INFO - shape-related mAP: 0.0000
2025-05-13 09:56:49,596 - __main__ - INFO - part-related mAP: 0.0000
2025-05-13 09:56:49,596 - __main__ - INFO - style-related mAP: 0.0000
2025-05-13 09:56:49,596 - __main__ - INFO - clothes category mAP: 0.0000
2025-05-13 09:56:49,596 - __main__ - INFO - clothes button mAP: 0.0000
2025-05-13 09:56:49,596 - __main__ - INFO - clothes color mAP: 0.0000
2025-05-13 09:56:49,596 - __main__ - INFO - clothes length mAP: 0.0000
2025-05-13 09:56:49,596 - __main__ - INFO - clothes pattern mAP: 0.0000
2025-05-13 09:56:49,596 - __main__ - INFO - clothes shape mAP: 0.0000
2025-05-13 09:56:49,596 - __main__ - INFO - collar shape mAP: 0.0000
2025-05-13 09:56:49,596 - __main__ - INFO - sleeve length mAP: 0.0000
2025-05-13 09:56:49,596 - __main__ - INFO - sleeve shape mAP: 0.0000
2025-05-13 09:56:49,596 - __main__ - INFO - MeanAP: 60.7576

2025-05-13 09:56:50,177 - __main__ - INFO - lr:7.290000000000001e-05
2025-05-13 09:56:52,296 - __main__ - INFO - Task id: 1	Train Epoch: 1 [0/20000]	Loss: 3.4021 (3.4021) 	Acc: 50.00% (50.00%)
2025-05-13 09:57:37,641 - __main__ - INFO - Task id: 1	Train Epoch: 1 [6400/20000]	Loss: 3.1855 (3.1071) 	Acc: 87.50% (69.44%)
2025-05-13 09:58:20,202 - __main__ - INFO - Task id: 1	Train Epoch: 1 [12800/20000]	Loss: 2.9630 (2.9195) 	Acc: 75.00% (75.58%)
2025-05-13 09:59:02,564 - __main__ - INFO - Task id: 1	Train Epoch: 1 [19200/20000]	Loss: 2.4722 (2.8053) 	Acc: 87.50% (78.58%)
2025-05-13 09:59:16,782 - __main__ - INFO - Task id: 1
2025-05-13 09:59:16,782 - __main__ - INFO - Train Epoch: 1
2025-05-13 09:59:16,782 - __main__ - INFO - skirt_length mAP: 0.0000
2025-05-13 09:59:16,782 - __main__ - INFO - sleeve_length mAP: 44.0034
2025-05-13 09:59:16,782 - __main__ - INFO - coat_length mAP: 0.0000
2025-05-13 09:59:16,783 - __main__ - INFO - pant_length mAP: 0.0000
2025-05-13 09:59:16,783 - __main__ - INFO - collar_design mAP: 0.0000
2025-05-13 09:59:16,783 - __main__ - INFO - lapel_design mAP: 0.0000
2025-05-13 09:59:16,783 - __main__ - INFO - neckline_design mAP: 0.0000
2025-05-13 09:59:16,783 - __main__ - INFO - neck_design mAP: 0.0000
2025-05-13 09:59:16,783 - __main__ - INFO - texture-related mAP: 0.0000
2025-05-13 09:59:16,783 - __main__ - INFO - fabric-related mAP: 0.0000
2025-05-13 09:59:16,783 - __main__ - INFO - shape-related mAP: 0.0000
2025-05-13 09:59:16,783 - __main__ - INFO - part-related mAP: 0.0000
2025-05-13 09:59:16,783 - __main__ - INFO - style-related mAP: 0.0000
2025-05-13 09:59:16,783 - __main__ - INFO - clothes category mAP: 0.0000
2025-05-13 09:59:16,783 - __main__ - INFO - clothes button mAP: 0.0000
2025-05-13 09:59:16,783 - __main__ - INFO - clothes color mAP: 0.0000
2025-05-13 09:59:16,783 - __main__ - INFO - clothes length mAP: 0.0000
2025-05-13 09:59:16,783 - __main__ - INFO - clothes pattern mAP: 0.0000
2025-05-13 09:59:16,783 - __main__ - INFO - clothes shape mAP: 0.0000
2025-05-13 09:59:16,783 - __main__ - INFO - collar shape mAP: 0.0000
2025-05-13 09:59:16,783 - __main__ - INFO - sleeve length mAP: 0.0000
2025-05-13 09:59:16,783 - __main__ - INFO - sleeve shape mAP: 0.0000
2025-05-13 09:59:16,783 - __main__ - INFO - MeanAP: 44.0034

2025-05-13 09:59:17,855 - __main__ - INFO - lr:0.0001
2025-05-13 09:59:18,605 - __main__ - INFO - Task id: 1	Train Epoch: 2 [0/20000]	Loss: 2.5603 (2.5603) 	Acc: 87.50% (87.50%)
2025-05-13 10:00:02,200 - __main__ - INFO - Task id: 1	Train Epoch: 2 [6400/20000]	Loss: 2.3650 (2.4568) 	Acc: 81.25% (87.55%)
2025-05-13 10:00:44,386 - __main__ - INFO - Task id: 1	Train Epoch: 2 [12800/20000]	Loss: 2.4204 (2.4422) 	Acc: 93.75% (87.58%)
2025-05-13 10:01:30,234 - __main__ - INFO - Task id: 1	Train Epoch: 2 [19200/20000]	Loss: 2.0220 (2.4058) 	Acc: 87.50% (88.15%)
2025-05-13 10:01:43,941 - __main__ - INFO - Task id: 1
2025-05-13 10:01:43,941 - __main__ - INFO - Train Epoch: 2
2025-05-13 10:01:43,941 - __main__ - INFO - skirt_length mAP: 0.0000
2025-05-13 10:01:43,941 - __main__ - INFO - sleeve_length mAP: 51.2897
2025-05-13 10:01:43,941 - __main__ - INFO - coat_length mAP: 0.0000
2025-05-13 10:01:43,941 - __main__ - INFO - pant_length mAP: 0.0000
2025-05-13 10:01:43,941 - __main__ - INFO - collar_design mAP: 0.0000
2025-05-13 10:01:43,941 - __main__ - INFO - lapel_design mAP: 0.0000
2025-05-13 10:01:43,941 - __main__ - INFO - neckline_design mAP: 0.0000
2025-05-13 10:01:43,941 - __main__ - INFO - neck_design mAP: 0.0000
2025-05-13 10:01:43,941 - __main__ - INFO - texture-related mAP: 0.0000
2025-05-13 10:01:43,941 - __main__ - INFO - fabric-related mAP: 0.0000
2025-05-13 10:01:43,941 - __main__ - INFO - shape-related mAP: 0.0000
2025-05-13 10:01:43,941 - __main__ - INFO - part-related mAP: 0.0000
2025-05-13 10:01:43,941 - __main__ - INFO - style-related mAP: 0.0000
2025-05-13 10:01:43,941 - __main__ - INFO - clothes category mAP: 0.0000
2025-05-13 10:01:43,941 - __main__ - INFO - clothes button mAP: 0.0000
2025-05-13 10:01:43,941 - __main__ - INFO - clothes color mAP: 0.0000
2025-05-13 10:01:43,941 - __main__ - INFO - clothes length mAP: 0.0000
2025-05-13 10:01:43,942 - __main__ - INFO - clothes pattern mAP: 0.0000
2025-05-13 10:01:43,942 - __main__ - INFO - clothes shape mAP: 0.0000
2025-05-13 10:01:43,942 - __main__ - INFO - collar shape mAP: 0.0000
2025-05-13 10:01:43,942 - __main__ - INFO - sleeve length mAP: 0.0000
2025-05-13 10:01:43,942 - __main__ - INFO - sleeve shape mAP: 0.0000
2025-05-13 10:01:43,942 - __main__ - INFO - MeanAP: 51.2897

2025-05-13 10:01:45,174 - __main__ - INFO - lr:0.0001
2025-05-13 10:01:45,863 - __main__ - INFO - Task id: 1	Train Epoch: 3 [0/20000]	Loss: 1.9568 (1.9568) 	Acc: 87.50% (87.50%)
2025-05-13 10:02:27,165 - __main__ - INFO - Task id: 1	Train Epoch: 3 [6400/20000]	Loss: 2.2298 (2.2635) 	Acc: 87.50% (89.79%)
2025-05-13 10:03:09,055 - __main__ - INFO - Task id: 1	Train Epoch: 3 [12800/20000]	Loss: 2.8976 (2.2756) 	Acc: 81.25% (89.90%)
2025-05-13 10:03:51,604 - __main__ - INFO - Task id: 1	Train Epoch: 3 [19200/20000]	Loss: 2.2193 (2.2623) 	Acc: 93.75% (90.20%)
2025-05-13 10:04:05,334 - __main__ - INFO - Task id: 1
2025-05-13 10:04:05,334 - __main__ - INFO - Train Epoch: 3
2025-05-13 10:04:05,334 - __main__ - INFO - skirt_length mAP: 0.0000
2025-05-13 10:04:05,334 - __main__ - INFO - sleeve_length mAP: 52.8882
2025-05-13 10:04:05,334 - __main__ - INFO - coat_length mAP: 0.0000
2025-05-13 10:04:05,334 - __main__ - INFO - pant_length mAP: 0.0000
2025-05-13 10:04:05,334 - __main__ - INFO - collar_design mAP: 0.0000
2025-05-13 10:04:05,334 - __main__ - INFO - lapel_design mAP: 0.0000
2025-05-13 10:04:05,334 - __main__ - INFO - neckline_design mAP: 0.0000
2025-05-13 10:04:05,334 - __main__ - INFO - neck_design mAP: 0.0000
2025-05-13 10:04:05,334 - __main__ - INFO - texture-related mAP: 0.0000
2025-05-13 10:04:05,334 - __main__ - INFO - fabric-related mAP: 0.0000
2025-05-13 10:04:05,334 - __main__ - INFO - shape-related mAP: 0.0000
2025-05-13 10:04:05,334 - __main__ - INFO - part-related mAP: 0.0000
2025-05-13 10:04:05,334 - __main__ - INFO - style-related mAP: 0.0000
2025-05-13 10:04:05,334 - __main__ - INFO - clothes category mAP: 0.0000
2025-05-13 10:04:05,334 - __main__ - INFO - clothes button mAP: 0.0000
2025-05-13 10:04:05,334 - __main__ - INFO - clothes color mAP: 0.0000
2025-05-13 10:04:05,334 - __main__ - INFO - clothes length mAP: 0.0000
2025-05-13 10:04:05,334 - __main__ - INFO - clothes pattern mAP: 0.0000
2025-05-13 10:04:05,334 - __main__ - INFO - clothes shape mAP: 0.0000
2025-05-13 10:04:05,335 - __main__ - INFO - collar shape mAP: 0.0000
2025-05-13 10:04:05,335 - __main__ - INFO - sleeve length mAP: 0.0000
2025-05-13 10:04:05,335 - __main__ - INFO - sleeve shape mAP: 0.0000
2025-05-13 10:04:05,335 - __main__ - INFO - MeanAP: 52.8882

2025-05-13 10:04:06,531 - __main__ - INFO - lr:9e-05
2025-05-13 10:04:07,248 - __main__ - INFO - Task id: 1	Train Epoch: 4 [0/20000]	Loss: 2.4137 (2.4137) 	Acc: 93.75% (93.75%)
2025-05-13 10:04:49,621 - __main__ - INFO - Task id: 1	Train Epoch: 4 [6400/20000]	Loss: 2.1745 (2.1791) 	Acc: 81.25% (91.69%)
2025-05-13 10:05:31,412 - __main__ - INFO - Task id: 1	Train Epoch: 4 [12800/20000]	Loss: 1.7644 (2.1627) 	Acc: 93.75% (92.03%)
2025-05-13 10:06:13,249 - __main__ - INFO - Task id: 1	Train Epoch: 4 [19200/20000]	Loss: 1.9855 (2.1508) 	Acc: 81.25% (92.23%)
2025-05-13 10:06:26,749 - __main__ - INFO - Task id: 1
2025-05-13 10:06:26,750 - __main__ - INFO - Train Epoch: 4
2025-05-13 10:06:26,750 - __main__ - INFO - skirt_length mAP: 0.0000
2025-05-13 10:06:26,750 - __main__ - INFO - sleeve_length mAP: 55.8667
2025-05-13 10:06:26,750 - __main__ - INFO - coat_length mAP: 0.0000
2025-05-13 10:06:26,750 - __main__ - INFO - pant_length mAP: 0.0000
2025-05-13 10:06:26,750 - __main__ - INFO - collar_design mAP: 0.0000
2025-05-13 10:06:26,750 - __main__ - INFO - lapel_design mAP: 0.0000
2025-05-13 10:06:26,750 - __main__ - INFO - neckline_design mAP: 0.0000
2025-05-13 10:06:26,750 - __main__ - INFO - neck_design mAP: 0.0000
2025-05-13 10:06:26,750 - __main__ - INFO - texture-related mAP: 0.0000
2025-05-13 10:06:26,750 - __main__ - INFO - fabric-related mAP: 0.0000
2025-05-13 10:06:26,750 - __main__ - INFO - shape-related mAP: 0.0000
2025-05-13 10:06:26,750 - __main__ - INFO - part-related mAP: 0.0000
2025-05-13 10:06:26,750 - __main__ - INFO - style-related mAP: 0.0000
2025-05-13 10:06:26,750 - __main__ - INFO - clothes category mAP: 0.0000
2025-05-13 10:06:26,750 - __main__ - INFO - clothes button mAP: 0.0000
2025-05-13 10:06:26,750 - __main__ - INFO - clothes color mAP: 0.0000
2025-05-13 10:06:26,750 - __main__ - INFO - clothes length mAP: 0.0000
2025-05-13 10:06:26,750 - __main__ - INFO - clothes pattern mAP: 0.0000
2025-05-13 10:06:26,750 - __main__ - INFO - clothes shape mAP: 0.0000
2025-05-13 10:06:26,750 - __main__ - INFO - collar shape mAP: 0.0000
2025-05-13 10:06:26,750 - __main__ - INFO - sleeve length mAP: 0.0000
2025-05-13 10:06:26,750 - __main__ - INFO - sleeve shape mAP: 0.0000
2025-05-13 10:06:26,750 - __main__ - INFO - MeanAP: 55.8667

2025-05-13 10:06:27,994 - __main__ - INFO - lr:9e-05
2025-05-13 10:06:28,717 - __main__ - INFO - Task id: 1	Train Epoch: 5 [0/20000]	Loss: 2.2427 (2.2427) 	Acc: 93.75% (93.75%)
2025-05-13 10:07:10,614 - __main__ - INFO - Task id: 1	Train Epoch: 5 [6400/20000]	Loss: 2.2071 (2.0899) 	Acc: 87.50% (92.86%)
2025-05-13 10:07:52,123 - __main__ - INFO - Task id: 1	Train Epoch: 5 [12800/20000]	Loss: 2.0159 (2.0886) 	Acc: 87.50% (93.11%)
2025-05-13 10:08:33,684 - __main__ - INFO - Task id: 1	Train Epoch: 5 [19200/20000]	Loss: 2.1592 (2.0774) 	Acc: 87.50% (93.26%)
2025-05-13 10:08:47,363 - __main__ - INFO - Task id: 1
2025-05-13 10:08:47,364 - __main__ - INFO - Train Epoch: 5
2025-05-13 10:08:47,364 - __main__ - INFO - skirt_length mAP: 0.0000
2025-05-13 10:08:47,364 - __main__ - INFO - sleeve_length mAP: 56.3518
2025-05-13 10:08:47,364 - __main__ - INFO - coat_length mAP: 0.0000
2025-05-13 10:08:47,364 - __main__ - INFO - pant_length mAP: 0.0000
2025-05-13 10:08:47,364 - __main__ - INFO - collar_design mAP: 0.0000
2025-05-13 10:08:47,364 - __main__ - INFO - lapel_design mAP: 0.0000
2025-05-13 10:08:47,364 - __main__ - INFO - neckline_design mAP: 0.0000
2025-05-13 10:08:47,364 - __main__ - INFO - neck_design mAP: 0.0000
2025-05-13 10:08:47,364 - __main__ - INFO - texture-related mAP: 0.0000
2025-05-13 10:08:47,364 - __main__ - INFO - fabric-related mAP: 0.0000
2025-05-13 10:08:47,364 - __main__ - INFO - shape-related mAP: 0.0000
2025-05-13 10:08:47,364 - __main__ - INFO - part-related mAP: 0.0000
2025-05-13 10:08:47,364 - __main__ - INFO - style-related mAP: 0.0000
2025-05-13 10:08:47,364 - __main__ - INFO - clothes category mAP: 0.0000
2025-05-13 10:08:47,364 - __main__ - INFO - clothes button mAP: 0.0000
2025-05-13 10:08:47,364 - __main__ - INFO - clothes color mAP: 0.0000
2025-05-13 10:08:47,364 - __main__ - INFO - clothes length mAP: 0.0000
2025-05-13 10:08:47,364 - __main__ - INFO - clothes pattern mAP: 0.0000
2025-05-13 10:08:47,364 - __main__ - INFO - clothes shape mAP: 0.0000
2025-05-13 10:08:47,364 - __main__ - INFO - collar shape mAP: 0.0000
2025-05-13 10:08:47,364 - __main__ - INFO - sleeve length mAP: 0.0000
2025-05-13 10:08:47,364 - __main__ - INFO - sleeve shape mAP: 0.0000
2025-05-13 10:08:47,364 - __main__ - INFO - MeanAP: 56.3518

2025-05-13 10:08:48,721 - __main__ - INFO - lr:9e-05
2025-05-13 10:08:49,409 - __main__ - INFO - Task id: 1	Train Epoch: 6 [0/20000]	Loss: 2.0410 (2.0410) 	Acc: 93.75% (93.75%)
2025-05-13 10:09:31,518 - __main__ - INFO - Task id: 1	Train Epoch: 6 [6400/20000]	Loss: 1.9392 (2.0445) 	Acc: 87.50% (93.70%)
2025-05-13 10:10:13,861 - __main__ - INFO - Task id: 1	Train Epoch: 6 [12800/20000]	Loss: 2.2620 (2.0356) 	Acc: 87.50% (93.93%)
2025-05-13 10:10:56,826 - __main__ - INFO - Task id: 1	Train Epoch: 6 [19200/20000]	Loss: 2.0868 (2.0304) 	Acc: 93.75% (94.09%)
2025-05-13 10:11:10,555 - __main__ - INFO - Task id: 1
2025-05-13 10:11:10,555 - __main__ - INFO - Train Epoch: 6
2025-05-13 10:11:10,555 - __main__ - INFO - skirt_length mAP: 0.0000
2025-05-13 10:11:10,555 - __main__ - INFO - sleeve_length mAP: 56.5337
2025-05-13 10:11:10,555 - __main__ - INFO - coat_length mAP: 0.0000
2025-05-13 10:11:10,555 - __main__ - INFO - pant_length mAP: 0.0000
2025-05-13 10:11:10,555 - __main__ - INFO - collar_design mAP: 0.0000
2025-05-13 10:11:10,556 - __main__ - INFO - lapel_design mAP: 0.0000
2025-05-13 10:11:10,556 - __main__ - INFO - neckline_design mAP: 0.0000
2025-05-13 10:11:10,556 - __main__ - INFO - neck_design mAP: 0.0000
2025-05-13 10:11:10,556 - __main__ - INFO - texture-related mAP: 0.0000
2025-05-13 10:11:10,556 - __main__ - INFO - fabric-related mAP: 0.0000
2025-05-13 10:11:10,556 - __main__ - INFO - shape-related mAP: 0.0000
2025-05-13 10:11:10,556 - __main__ - INFO - part-related mAP: 0.0000
2025-05-13 10:11:10,556 - __main__ - INFO - style-related mAP: 0.0000
2025-05-13 10:11:10,556 - __main__ - INFO - clothes category mAP: 0.0000
2025-05-13 10:11:10,556 - __main__ - INFO - clothes button mAP: 0.0000
2025-05-13 10:11:10,556 - __main__ - INFO - clothes color mAP: 0.0000
2025-05-13 10:11:10,556 - __main__ - INFO - clothes length mAP: 0.0000
2025-05-13 10:11:10,556 - __main__ - INFO - clothes pattern mAP: 0.0000
2025-05-13 10:11:10,556 - __main__ - INFO - clothes shape mAP: 0.0000
2025-05-13 10:11:10,556 - __main__ - INFO - collar shape mAP: 0.0000
2025-05-13 10:11:10,556 - __main__ - INFO - sleeve length mAP: 0.0000
2025-05-13 10:11:10,556 - __main__ - INFO - sleeve shape mAP: 0.0000
2025-05-13 10:11:10,556 - __main__ - INFO - MeanAP: 56.5337

2025-05-13 10:11:11,754 - __main__ - INFO - lr:8.1e-05
2025-05-13 10:11:12,499 - __main__ - INFO - Task id: 1	Train Epoch: 7 [0/20000]	Loss: 1.8656 (1.8656) 	Acc: 87.50% (87.50%)
2025-05-13 10:11:55,124 - __main__ - INFO - Task id: 1	Train Epoch: 7 [6400/20000]	Loss: 1.9865 (1.9911) 	Acc: 100.00% (94.53%)
2025-05-13 10:12:38,079 - __main__ - INFO - Task id: 1	Train Epoch: 7 [12800/20000]	Loss: 2.1235 (1.9827) 	Acc: 100.00% (94.54%)
2025-05-13 10:13:20,590 - __main__ - INFO - Task id: 1	Train Epoch: 7 [19200/20000]	Loss: 1.7347 (1.9717) 	Acc: 100.00% (94.66%)
2025-05-13 10:13:34,516 - __main__ - INFO - Task id: 1
2025-05-13 10:13:34,516 - __main__ - INFO - Train Epoch: 7
2025-05-13 10:13:34,516 - __main__ - INFO - skirt_length mAP: 0.0000
2025-05-13 10:13:34,516 - __main__ - INFO - sleeve_length mAP: 57.8346
2025-05-13 10:13:34,516 - __main__ - INFO - coat_length mAP: 0.0000
2025-05-13 10:13:34,516 - __main__ - INFO - pant_length mAP: 0.0000
2025-05-13 10:13:34,516 - __main__ - INFO - collar_design mAP: 0.0000
2025-05-13 10:13:34,517 - __main__ - INFO - lapel_design mAP: 0.0000
2025-05-13 10:13:34,517 - __main__ - INFO - neckline_design mAP: 0.0000
2025-05-13 10:13:34,517 - __main__ - INFO - neck_design mAP: 0.0000
2025-05-13 10:13:34,517 - __main__ - INFO - texture-related mAP: 0.0000
2025-05-13 10:13:34,517 - __main__ - INFO - fabric-related mAP: 0.0000
2025-05-13 10:13:34,517 - __main__ - INFO - shape-related mAP: 0.0000
2025-05-13 10:13:34,517 - __main__ - INFO - part-related mAP: 0.0000
2025-05-13 10:13:34,517 - __main__ - INFO - style-related mAP: 0.0000
2025-05-13 10:13:34,517 - __main__ - INFO - clothes category mAP: 0.0000
2025-05-13 10:13:34,517 - __main__ - INFO - clothes button mAP: 0.0000
2025-05-13 10:13:34,517 - __main__ - INFO - clothes color mAP: 0.0000
2025-05-13 10:13:34,517 - __main__ - INFO - clothes length mAP: 0.0000
2025-05-13 10:13:34,517 - __main__ - INFO - clothes pattern mAP: 0.0000
2025-05-13 10:13:34,517 - __main__ - INFO - clothes shape mAP: 0.0000
2025-05-13 10:13:34,517 - __main__ - INFO - collar shape mAP: 0.0000
2025-05-13 10:13:34,517 - __main__ - INFO - sleeve length mAP: 0.0000
2025-05-13 10:13:34,517 - __main__ - INFO - sleeve shape mAP: 0.0000
2025-05-13 10:13:34,517 - __main__ - INFO - MeanAP: 57.8346

2025-05-13 10:13:35,720 - __main__ - INFO - lr:8.1e-05
2025-05-13 10:13:36,448 - __main__ - INFO - Task id: 1	Train Epoch: 8 [0/20000]	Loss: 2.2332 (2.2332) 	Acc: 81.25% (81.25%)
2025-05-13 10:14:18,381 - __main__ - INFO - Task id: 1	Train Epoch: 8 [6400/20000]	Loss: 1.7720 (1.9581) 	Acc: 100.00% (94.75%)
2025-05-13 10:14:59,626 - __main__ - INFO - Task id: 1	Train Epoch: 8 [12800/20000]	Loss: 2.0939 (1.9471) 	Acc: 87.50% (95.08%)
2025-05-13 10:15:41,201 - __main__ - INFO - Task id: 1	Train Epoch: 8 [19200/20000]	Loss: 2.0525 (1.9428) 	Acc: 93.75% (95.05%)
2025-05-13 10:15:54,864 - __main__ - INFO - Task id: 1
2025-05-13 10:15:54,864 - __main__ - INFO - Train Epoch: 8
2025-05-13 10:15:54,864 - __main__ - INFO - skirt_length mAP: 0.0000
2025-05-13 10:15:54,864 - __main__ - INFO - sleeve_length mAP: 57.7366
2025-05-13 10:15:54,864 - __main__ - INFO - coat_length mAP: 0.0000
2025-05-13 10:15:54,864 - __main__ - INFO - pant_length mAP: 0.0000
2025-05-13 10:15:54,864 - __main__ - INFO - collar_design mAP: 0.0000
2025-05-13 10:15:54,864 - __main__ - INFO - lapel_design mAP: 0.0000
2025-05-13 10:15:54,864 - __main__ - INFO - neckline_design mAP: 0.0000
2025-05-13 10:15:54,864 - __main__ - INFO - neck_design mAP: 0.0000
2025-05-13 10:15:54,864 - __main__ - INFO - texture-related mAP: 0.0000
2025-05-13 10:15:54,864 - __main__ - INFO - fabric-related mAP: 0.0000
2025-05-13 10:15:54,864 - __main__ - INFO - shape-related mAP: 0.0000
2025-05-13 10:15:54,864 - __main__ - INFO - part-related mAP: 0.0000
2025-05-13 10:15:54,864 - __main__ - INFO - style-related mAP: 0.0000
2025-05-13 10:15:54,864 - __main__ - INFO - clothes category mAP: 0.0000
2025-05-13 10:15:54,864 - __main__ - INFO - clothes button mAP: 0.0000
2025-05-13 10:15:54,864 - __main__ - INFO - clothes color mAP: 0.0000
2025-05-13 10:15:54,864 - __main__ - INFO - clothes length mAP: 0.0000
2025-05-13 10:15:54,864 - __main__ - INFO - clothes pattern mAP: 0.0000
2025-05-13 10:15:54,864 - __main__ - INFO - clothes shape mAP: 0.0000
2025-05-13 10:15:54,864 - __main__ - INFO - collar shape mAP: 0.0000
2025-05-13 10:15:54,864 - __main__ - INFO - sleeve length mAP: 0.0000
2025-05-13 10:15:54,865 - __main__ - INFO - sleeve shape mAP: 0.0000
2025-05-13 10:15:54,865 - __main__ - INFO - MeanAP: 57.7366

2025-05-13 10:15:55,469 - __main__ - INFO - lr:8.1e-05
2025-05-13 10:15:56,203 - __main__ - INFO - Task id: 1	Train Epoch: 9 [0/20000]	Loss: 2.0121 (2.0121) 	Acc: 93.75% (93.75%)
2025-05-13 10:16:38,727 - __main__ - INFO - Task id: 1	Train Epoch: 9 [6400/20000]	Loss: 2.0046 (1.9188) 	Acc: 100.00% (95.84%)
2025-05-13 10:17:20,910 - __main__ - INFO - Task id: 1	Train Epoch: 9 [12800/20000]	Loss: 1.5755 (1.9143) 	Acc: 100.00% (95.73%)
2025-05-13 10:18:03,171 - __main__ - INFO - Task id: 1	Train Epoch: 9 [19200/20000]	Loss: 1.7846 (1.9045) 	Acc: 93.75% (95.76%)
2025-05-13 10:18:16,900 - __main__ - INFO - Task id: 1
2025-05-13 10:18:16,900 - __main__ - INFO - Train Epoch: 9
2025-05-13 10:18:16,900 - __main__ - INFO - skirt_length mAP: 0.0000
2025-05-13 10:18:16,900 - __main__ - INFO - sleeve_length mAP: 59.4552
2025-05-13 10:18:16,900 - __main__ - INFO - coat_length mAP: 0.0000
2025-05-13 10:18:16,900 - __main__ - INFO - pant_length mAP: 0.0000
2025-05-13 10:18:16,900 - __main__ - INFO - collar_design mAP: 0.0000
2025-05-13 10:18:16,900 - __main__ - INFO - lapel_design mAP: 0.0000
2025-05-13 10:18:16,901 - __main__ - INFO - neckline_design mAP: 0.0000
2025-05-13 10:18:16,901 - __main__ - INFO - neck_design mAP: 0.0000
2025-05-13 10:18:16,901 - __main__ - INFO - texture-related mAP: 0.0000
2025-05-13 10:18:16,901 - __main__ - INFO - fabric-related mAP: 0.0000
2025-05-13 10:18:16,901 - __main__ - INFO - shape-related mAP: 0.0000
2025-05-13 10:18:16,901 - __main__ - INFO - part-related mAP: 0.0000
2025-05-13 10:18:16,901 - __main__ - INFO - style-related mAP: 0.0000
2025-05-13 10:18:16,901 - __main__ - INFO - clothes category mAP: 0.0000
2025-05-13 10:18:16,901 - __main__ - INFO - clothes button mAP: 0.0000
2025-05-13 10:18:16,901 - __main__ - INFO - clothes color mAP: 0.0000
2025-05-13 10:18:16,901 - __main__ - INFO - clothes length mAP: 0.0000
2025-05-13 10:18:16,901 - __main__ - INFO - clothes pattern mAP: 0.0000
2025-05-13 10:18:16,901 - __main__ - INFO - clothes shape mAP: 0.0000
2025-05-13 10:18:16,901 - __main__ - INFO - collar shape mAP: 0.0000
2025-05-13 10:18:16,901 - __main__ - INFO - sleeve length mAP: 0.0000
2025-05-13 10:18:16,901 - __main__ - INFO - sleeve shape mAP: 0.0000
2025-05-13 10:18:16,901 - __main__ - INFO - MeanAP: 59.4552

2025-05-13 10:18:18,059 - __main__ - INFO - lr:7.290000000000001e-05
2025-05-13 10:18:21,668 - __main__ - INFO - Task id: 1	Train Epoch: 10 [0/20000]	Loss: 2.1639 (2.1639) 	Acc: 100.00% (100.00%)
2025-05-13 10:19:14,425 - __main__ - INFO - Task id: 1	Train Epoch: 10 [6400/20000]	Loss: 1.5494 (1.8577) 	Acc: 100.00% (96.77%)
2025-05-13 10:19:59,210 - __main__ - INFO - Task id: 1	Train Epoch: 10 [12800/20000]	Loss: 1.7993 (1.8622) 	Acc: 100.00% (96.75%)
2025-05-13 10:20:41,454 - __main__ - INFO - Task id: 1	Train Epoch: 10 [19200/20000]	Loss: 2.0041 (1.8559) 	Acc: 93.75% (96.76%)
2025-05-13 10:20:55,235 - __main__ - INFO - Task id: 1
2025-05-13 10:20:55,235 - __main__ - INFO - Train Epoch: 10
2025-05-13 10:20:55,236 - __main__ - INFO - skirt_length mAP: 0.0000
2025-05-13 10:20:55,236 - __main__ - INFO - sleeve_length mAP: 59.0977
2025-05-13 10:20:55,236 - __main__ - INFO - coat_length mAP: 0.0000
2025-05-13 10:20:55,236 - __main__ - INFO - pant_length mAP: 0.0000
2025-05-13 10:20:55,236 - __main__ - INFO - collar_design mAP: 0.0000
2025-05-13 10:20:55,236 - __main__ - INFO - lapel_design mAP: 0.0000
2025-05-13 10:20:55,236 - __main__ - INFO - neckline_design mAP: 0.0000
2025-05-13 10:20:55,236 - __main__ - INFO - neck_design mAP: 0.0000
2025-05-13 10:20:55,236 - __main__ - INFO - texture-related mAP: 0.0000
2025-05-13 10:20:55,236 - __main__ - INFO - fabric-related mAP: 0.0000
2025-05-13 10:20:55,236 - __main__ - INFO - shape-related mAP: 0.0000
2025-05-13 10:20:55,236 - __main__ - INFO - part-related mAP: 0.0000
2025-05-13 10:20:55,236 - __main__ - INFO - style-related mAP: 0.0000
2025-05-13 10:20:55,236 - __main__ - INFO - clothes category mAP: 0.0000
2025-05-13 10:20:55,236 - __main__ - INFO - clothes button mAP: 0.0000
2025-05-13 10:20:55,236 - __main__ - INFO - clothes color mAP: 0.0000
2025-05-13 10:20:55,236 - __main__ - INFO - clothes length mAP: 0.0000
2025-05-13 10:20:55,236 - __main__ - INFO - clothes pattern mAP: 0.0000
2025-05-13 10:20:55,236 - __main__ - INFO - clothes shape mAP: 0.0000
2025-05-13 10:20:55,236 - __main__ - INFO - collar shape mAP: 0.0000
2025-05-13 10:20:55,236 - __main__ - INFO - sleeve length mAP: 0.0000
2025-05-13 10:20:55,236 - __main__ - INFO - sleeve shape mAP: 0.0000
2025-05-13 10:20:55,236 - __main__ - INFO - MeanAP: 59.0977

2025-05-13 10:20:55,826 - __main__ - INFO - lr:7.290000000000001e-05
2025-05-13 10:20:57,815 - __main__ - INFO - Task id: 2	Train Epoch: 1 [0/20000]	Loss: 3.3832 (3.3832) 	Acc: 56.25% (56.25%)
2025-05-13 10:21:40,921 - __main__ - INFO - Task id: 2	Train Epoch: 1 [6400/20000]	Loss: 3.1384 (3.0621) 	Acc: 62.50% (74.31%)
2025-05-13 10:22:23,319 - __main__ - INFO - Task id: 2	Train Epoch: 1 [12800/20000]	Loss: 2.5775 (2.9628) 	Acc: 93.75% (77.47%)
2025-05-13 10:23:05,212 - __main__ - INFO - Task id: 2	Train Epoch: 1 [19200/20000]	Loss: 2.4000 (2.8870) 	Acc: 81.25% (79.49%)
2025-05-13 10:23:22,074 - __main__ - INFO - Task id: 2
2025-05-13 10:23:22,074 - __main__ - INFO - Train Epoch: 1
2025-05-13 10:23:22,075 - __main__ - INFO - skirt_length mAP: 0.0000
2025-05-13 10:23:22,075 - __main__ - INFO - sleeve_length mAP: 0.0000
2025-05-13 10:23:22,075 - __main__ - INFO - coat_length mAP: 46.0952
2025-05-13 10:23:22,075 - __main__ - INFO - pant_length mAP: 0.0000
2025-05-13 10:23:22,075 - __main__ - INFO - collar_design mAP: 0.0000
2025-05-13 10:23:22,075 - __main__ - INFO - lapel_design mAP: 0.0000
2025-05-13 10:23:22,075 - __main__ - INFO - neckline_design mAP: 0.0000
2025-05-13 10:23:22,075 - __main__ - INFO - neck_design mAP: 0.0000
2025-05-13 10:23:22,075 - __main__ - INFO - texture-related mAP: 0.0000
2025-05-13 10:23:22,075 - __main__ - INFO - fabric-related mAP: 0.0000
2025-05-13 10:23:22,075 - __main__ - INFO - shape-related mAP: 0.0000
2025-05-13 10:23:22,075 - __main__ - INFO - part-related mAP: 0.0000
2025-05-13 10:23:22,075 - __main__ - INFO - style-related mAP: 0.0000
2025-05-13 10:23:22,075 - __main__ - INFO - clothes category mAP: 0.0000
2025-05-13 10:23:22,075 - __main__ - INFO - clothes button mAP: 0.0000
2025-05-13 10:23:22,075 - __main__ - INFO - clothes color mAP: 0.0000
2025-05-13 10:23:22,075 - __main__ - INFO - clothes length mAP: 0.0000
2025-05-13 10:23:22,075 - __main__ - INFO - clothes pattern mAP: 0.0000
2025-05-13 10:23:22,075 - __main__ - INFO - clothes shape mAP: 0.0000
2025-05-13 10:23:22,075 - __main__ - INFO - collar shape mAP: 0.0000
2025-05-13 10:23:22,075 - __main__ - INFO - sleeve length mAP: 0.0000
2025-05-13 10:23:22,075 - __main__ - INFO - sleeve shape mAP: 0.0000
2025-05-13 10:23:22,075 - __main__ - INFO - MeanAP: 46.0952

2025-05-13 10:23:23,214 - __main__ - INFO - lr:0.0001
2025-05-13 10:23:23,932 - __main__ - INFO - Task id: 2	Train Epoch: 2 [0/20000]	Loss: 2.5153 (2.5153) 	Acc: 93.75% (93.75%)
2025-05-13 10:24:07,462 - __main__ - INFO - Task id: 2	Train Epoch: 2 [6400/20000]	Loss: 2.4857 (2.6384) 	Acc: 87.50% (85.97%)
2025-05-13 10:24:50,914 - __main__ - INFO - Task id: 2	Train Epoch: 2 [12800/20000]	Loss: 2.7837 (2.6030) 	Acc: 100.00% (86.57%)
2025-05-13 10:25:35,116 - __main__ - INFO - Task id: 2	Train Epoch: 2 [19200/20000]	Loss: 2.3289 (2.5770) 	Acc: 93.75% (87.03%)
2025-05-13 10:25:51,940 - __main__ - INFO - Task id: 2
2025-05-13 10:25:51,940 - __main__ - INFO - Train Epoch: 2
2025-05-13 10:25:51,940 - __main__ - INFO - skirt_length mAP: 0.0000
2025-05-13 10:25:51,941 - __main__ - INFO - sleeve_length mAP: 0.0000
2025-05-13 10:25:51,941 - __main__ - INFO - coat_length mAP: 49.9270
2025-05-13 10:25:51,941 - __main__ - INFO - pant_length mAP: 0.0000
2025-05-13 10:25:51,941 - __main__ - INFO - collar_design mAP: 0.0000
2025-05-13 10:25:51,941 - __main__ - INFO - lapel_design mAP: 0.0000
2025-05-13 10:25:51,941 - __main__ - INFO - neckline_design mAP: 0.0000
2025-05-13 10:25:51,941 - __main__ - INFO - neck_design mAP: 0.0000
2025-05-13 10:25:51,941 - __main__ - INFO - texture-related mAP: 0.0000
2025-05-13 10:25:51,941 - __main__ - INFO - fabric-related mAP: 0.0000
2025-05-13 10:25:51,941 - __main__ - INFO - shape-related mAP: 0.0000
2025-05-13 10:25:51,941 - __main__ - INFO - part-related mAP: 0.0000
2025-05-13 10:25:51,941 - __main__ - INFO - style-related mAP: 0.0000
2025-05-13 10:25:51,941 - __main__ - INFO - clothes category mAP: 0.0000
2025-05-13 10:25:51,941 - __main__ - INFO - clothes button mAP: 0.0000
2025-05-13 10:25:51,941 - __main__ - INFO - clothes color mAP: 0.0000
2025-05-13 10:25:51,941 - __main__ - INFO - clothes length mAP: 0.0000
2025-05-13 10:25:51,941 - __main__ - INFO - clothes pattern mAP: 0.0000
2025-05-13 10:25:51,941 - __main__ - INFO - clothes shape mAP: 0.0000
2025-05-13 10:25:51,941 - __main__ - INFO - collar shape mAP: 0.0000
2025-05-13 10:25:51,941 - __main__ - INFO - sleeve length mAP: 0.0000
2025-05-13 10:25:51,941 - __main__ - INFO - sleeve shape mAP: 0.0000
2025-05-13 10:25:51,941 - __main__ - INFO - MeanAP: 49.9270

2025-05-13 10:25:53,119 - __main__ - INFO - lr:0.0001
2025-05-13 10:25:53,857 - __main__ - INFO - Task id: 2	Train Epoch: 3 [0/20000]	Loss: 2.8010 (2.8010) 	Acc: 81.25% (81.25%)
2025-05-13 10:26:35,912 - __main__ - INFO - Task id: 2	Train Epoch: 3 [6400/20000]	Loss: 2.6290 (2.4645) 	Acc: 87.50% (89.48%)
2025-05-13 10:27:18,379 - __main__ - INFO - Task id: 2	Train Epoch: 3 [12800/20000]	Loss: 2.1608 (2.4397) 	Acc: 93.75% (89.75%)
2025-05-13 10:28:01,219 - __main__ - INFO - Task id: 2	Train Epoch: 3 [19200/20000]	Loss: 2.6135 (2.4242) 	Acc: 93.75% (89.98%)
2025-05-13 10:28:18,205 - __main__ - INFO - Task id: 2
2025-05-13 10:28:18,206 - __main__ - INFO - Train Epoch: 3
2025-05-13 10:28:18,206 - __main__ - INFO - skirt_length mAP: 0.0000
2025-05-13 10:28:18,206 - __main__ - INFO - sleeve_length mAP: 0.0000
2025-05-13 10:28:18,206 - __main__ - INFO - coat_length mAP: 52.4406
2025-05-13 10:28:18,206 - __main__ - INFO - pant_length mAP: 0.0000
2025-05-13 10:28:18,206 - __main__ - INFO - collar_design mAP: 0.0000
2025-05-13 10:28:18,206 - __main__ - INFO - lapel_design mAP: 0.0000
2025-05-13 10:28:18,206 - __main__ - INFO - neckline_design mAP: 0.0000
2025-05-13 10:28:18,206 - __main__ - INFO - neck_design mAP: 0.0000
2025-05-13 10:28:18,206 - __main__ - INFO - texture-related mAP: 0.0000
2025-05-13 10:28:18,206 - __main__ - INFO - fabric-related mAP: 0.0000
2025-05-13 10:28:18,206 - __main__ - INFO - shape-related mAP: 0.0000
2025-05-13 10:28:18,206 - __main__ - INFO - part-related mAP: 0.0000
2025-05-13 10:28:18,206 - __main__ - INFO - style-related mAP: 0.0000
2025-05-13 10:28:18,206 - __main__ - INFO - clothes category mAP: 0.0000
2025-05-13 10:28:18,206 - __main__ - INFO - clothes button mAP: 0.0000
2025-05-13 10:28:18,206 - __main__ - INFO - clothes color mAP: 0.0000
2025-05-13 10:28:18,206 - __main__ - INFO - clothes length mAP: 0.0000
2025-05-13 10:28:18,206 - __main__ - INFO - clothes pattern mAP: 0.0000
2025-05-13 10:28:18,206 - __main__ - INFO - clothes shape mAP: 0.0000
2025-05-13 10:28:18,206 - __main__ - INFO - collar shape mAP: 0.0000
2025-05-13 10:28:18,206 - __main__ - INFO - sleeve length mAP: 0.0000
2025-05-13 10:28:18,206 - __main__ - INFO - sleeve shape mAP: 0.0000
2025-05-13 10:28:18,206 - __main__ - INFO - MeanAP: 52.4406

2025-05-13 10:28:19,405 - __main__ - INFO - lr:9e-05
2025-05-13 10:28:20,173 - __main__ - INFO - Task id: 2	Train Epoch: 4 [0/20000]	Loss: 2.6791 (2.6791) 	Acc: 87.50% (87.50%)
2025-05-13 10:29:03,500 - __main__ - INFO - Task id: 2	Train Epoch: 4 [6400/20000]	Loss: 2.3025 (2.3042) 	Acc: 87.50% (91.12%)
2025-05-13 10:29:46,397 - __main__ - INFO - Task id: 2	Train Epoch: 4 [12800/20000]	Loss: 2.3280 (2.2892) 	Acc: 93.75% (91.76%)
2025-05-13 10:30:32,666 - __main__ - INFO - Task id: 2	Train Epoch: 4 [19200/20000]	Loss: 2.0580 (2.2767) 	Acc: 100.00% (92.06%)
2025-05-13 10:30:52,830 - __main__ - INFO - Task id: 2
2025-05-13 10:30:52,830 - __main__ - INFO - Train Epoch: 4
2025-05-13 10:30:52,830 - __main__ - INFO - skirt_length mAP: 0.0000
2025-05-13 10:30:52,830 - __main__ - INFO - sleeve_length mAP: 0.0000
2025-05-13 10:30:52,830 - __main__ - INFO - coat_length mAP: 53.6890
2025-05-13 10:30:52,830 - __main__ - INFO - pant_length mAP: 0.0000
2025-05-13 10:30:52,830 - __main__ - INFO - collar_design mAP: 0.0000
2025-05-13 10:30:52,830 - __main__ - INFO - lapel_design mAP: 0.0000
2025-05-13 10:30:52,830 - __main__ - INFO - neckline_design mAP: 0.0000
2025-05-13 10:30:52,830 - __main__ - INFO - neck_design mAP: 0.0000
2025-05-13 10:30:52,830 - __main__ - INFO - texture-related mAP: 0.0000
2025-05-13 10:30:52,830 - __main__ - INFO - fabric-related mAP: 0.0000
2025-05-13 10:30:52,830 - __main__ - INFO - shape-related mAP: 0.0000
2025-05-13 10:30:52,830 - __main__ - INFO - part-related mAP: 0.0000
2025-05-13 10:30:52,830 - __main__ - INFO - style-related mAP: 0.0000
2025-05-13 10:30:52,830 - __main__ - INFO - clothes category mAP: 0.0000
2025-05-13 10:30:52,831 - __main__ - INFO - clothes button mAP: 0.0000
2025-05-13 10:30:52,831 - __main__ - INFO - clothes color mAP: 0.0000
2025-05-13 10:30:52,831 - __main__ - INFO - clothes length mAP: 0.0000
2025-05-13 10:30:52,831 - __main__ - INFO - clothes pattern mAP: 0.0000
2025-05-13 10:30:52,831 - __main__ - INFO - clothes shape mAP: 0.0000
2025-05-13 10:30:52,831 - __main__ - INFO - collar shape mAP: 0.0000
2025-05-13 10:30:52,831 - __main__ - INFO - sleeve length mAP: 0.0000
2025-05-13 10:30:52,831 - __main__ - INFO - sleeve shape mAP: 0.0000
2025-05-13 10:30:52,831 - __main__ - INFO - MeanAP: 53.6890

2025-05-13 10:30:54,202 - __main__ - INFO - lr:9e-05
2025-05-13 10:30:54,969 - __main__ - INFO - Task id: 2	Train Epoch: 5 [0/20000]	Loss: 2.2979 (2.2979) 	Acc: 93.75% (93.75%)
2025-05-13 10:31:40,404 - __main__ - INFO - Task id: 2	Train Epoch: 5 [6400/20000]	Loss: 2.4239 (2.2458) 	Acc: 93.75% (93.10%)
2025-05-13 10:32:25,631 - __main__ - INFO - Task id: 2	Train Epoch: 5 [12800/20000]	Loss: 2.2284 (2.2171) 	Acc: 100.00% (93.43%)
2025-05-13 10:33:10,407 - __main__ - INFO - Task id: 2	Train Epoch: 5 [19200/20000]	Loss: 2.0154 (2.2078) 	Acc: 93.75% (93.47%)
2025-05-13 10:33:28,715 - __main__ - INFO - Task id: 2
2025-05-13 10:33:28,715 - __main__ - INFO - Train Epoch: 5
2025-05-13 10:33:28,715 - __main__ - INFO - skirt_length mAP: 0.0000
2025-05-13 10:33:28,715 - __main__ - INFO - sleeve_length mAP: 0.0000
2025-05-13 10:33:28,716 - __main__ - INFO - coat_length mAP: 54.6556
2025-05-13 10:33:28,716 - __main__ - INFO - pant_length mAP: 0.0000
2025-05-13 10:33:28,716 - __main__ - INFO - collar_design mAP: 0.0000
2025-05-13 10:33:28,716 - __main__ - INFO - lapel_design mAP: 0.0000
2025-05-13 10:33:28,716 - __main__ - INFO - neckline_design mAP: 0.0000
2025-05-13 10:33:28,716 - __main__ - INFO - neck_design mAP: 0.0000
2025-05-13 10:33:28,716 - __main__ - INFO - texture-related mAP: 0.0000
2025-05-13 10:33:28,716 - __main__ - INFO - fabric-related mAP: 0.0000
2025-05-13 10:33:28,716 - __main__ - INFO - shape-related mAP: 0.0000
2025-05-13 10:33:28,716 - __main__ - INFO - part-related mAP: 0.0000
2025-05-13 10:33:28,716 - __main__ - INFO - style-related mAP: 0.0000
2025-05-13 10:33:28,716 - __main__ - INFO - clothes category mAP: 0.0000
2025-05-13 10:33:28,716 - __main__ - INFO - clothes button mAP: 0.0000
2025-05-13 10:33:28,716 - __main__ - INFO - clothes color mAP: 0.0000
2025-05-13 10:33:28,716 - __main__ - INFO - clothes length mAP: 0.0000
2025-05-13 10:33:28,716 - __main__ - INFO - clothes pattern mAP: 0.0000
2025-05-13 10:33:28,716 - __main__ - INFO - clothes shape mAP: 0.0000
2025-05-13 10:33:28,716 - __main__ - INFO - collar shape mAP: 0.0000
2025-05-13 10:33:28,716 - __main__ - INFO - sleeve length mAP: 0.0000
2025-05-13 10:33:28,716 - __main__ - INFO - sleeve shape mAP: 0.0000
2025-05-13 10:33:28,716 - __main__ - INFO - MeanAP: 54.6556

2025-05-13 10:33:30,066 - __main__ - INFO - lr:9e-05
2025-05-13 10:33:30,833 - __main__ - INFO - Task id: 2	Train Epoch: 6 [0/20000]	Loss: 1.9160 (1.9160) 	Acc: 100.00% (100.00%)
2025-05-13 10:34:14,611 - __main__ - INFO - Task id: 2	Train Epoch: 6 [6400/20000]	Loss: 2.3452 (2.1312) 	Acc: 100.00% (94.44%)
2025-05-13 10:34:57,149 - __main__ - INFO - Task id: 2	Train Epoch: 6 [12800/20000]	Loss: 2.1659 (2.1198) 	Acc: 87.50% (94.62%)
2025-05-13 10:35:40,746 - __main__ - INFO - Task id: 2	Train Epoch: 6 [19200/20000]	Loss: 1.8166 (2.1047) 	Acc: 100.00% (94.76%)
2025-05-13 10:35:57,183 - __main__ - INFO - Task id: 2
2025-05-13 10:35:57,183 - __main__ - INFO - Train Epoch: 6
2025-05-13 10:35:57,183 - __main__ - INFO - skirt_length mAP: 0.0000
2025-05-13 10:35:57,183 - __main__ - INFO - sleeve_length mAP: 0.0000
2025-05-13 10:35:57,183 - __main__ - INFO - coat_length mAP: 53.5781
2025-05-13 10:35:57,183 - __main__ - INFO - pant_length mAP: 0.0000
2025-05-13 10:35:57,183 - __main__ - INFO - collar_design mAP: 0.0000
2025-05-13 10:35:57,183 - __main__ - INFO - lapel_design mAP: 0.0000
2025-05-13 10:35:57,183 - __main__ - INFO - neckline_design mAP: 0.0000
2025-05-13 10:35:57,183 - __main__ - INFO - neck_design mAP: 0.0000
2025-05-13 10:35:57,183 - __main__ - INFO - texture-related mAP: 0.0000
2025-05-13 10:35:57,183 - __main__ - INFO - fabric-related mAP: 0.0000
2025-05-13 10:35:57,183 - __main__ - INFO - shape-related mAP: 0.0000
2025-05-13 10:35:57,183 - __main__ - INFO - part-related mAP: 0.0000
2025-05-13 10:35:57,183 - __main__ - INFO - style-related mAP: 0.0000
2025-05-13 10:35:57,183 - __main__ - INFO - clothes category mAP: 0.0000
2025-05-13 10:35:57,183 - __main__ - INFO - clothes button mAP: 0.0000
2025-05-13 10:35:57,183 - __main__ - INFO - clothes color mAP: 0.0000
2025-05-13 10:35:57,183 - __main__ - INFO - clothes length mAP: 0.0000
2025-05-13 10:35:57,183 - __main__ - INFO - clothes pattern mAP: 0.0000
2025-05-13 10:35:57,183 - __main__ - INFO - clothes shape mAP: 0.0000
2025-05-13 10:35:57,183 - __main__ - INFO - collar shape mAP: 0.0000
2025-05-13 10:35:57,183 - __main__ - INFO - sleeve length mAP: 0.0000
2025-05-13 10:35:57,183 - __main__ - INFO - sleeve shape mAP: 0.0000
2025-05-13 10:35:57,184 - __main__ - INFO - MeanAP: 53.5781

2025-05-13 10:35:57,794 - __main__ - INFO - lr:8.1e-05
2025-05-13 10:35:58,570 - __main__ - INFO - Task id: 2	Train Epoch: 7 [0/20000]	Loss: 1.9339 (1.9339) 	Acc: 100.00% (100.00%)
2025-05-13 10:36:41,139 - __main__ - INFO - Task id: 2	Train Epoch: 7 [6400/20000]	Loss: 2.3983 (2.0309) 	Acc: 81.25% (95.04%)
2025-05-13 10:37:23,295 - __main__ - INFO - Task id: 2	Train Epoch: 7 [12800/20000]	Loss: 2.1267 (2.0178) 	Acc: 87.50% (95.65%)
2025-05-13 10:38:05,482 - __main__ - INFO - Task id: 2	Train Epoch: 7 [19200/20000]	Loss: 1.9405 (2.0123) 	Acc: 93.75% (95.67%)
2025-05-13 10:38:21,817 - __main__ - INFO - Task id: 2
2025-05-13 10:38:21,818 - __main__ - INFO - Train Epoch: 7
2025-05-13 10:38:21,818 - __main__ - INFO - skirt_length mAP: 0.0000
2025-05-13 10:38:21,818 - __main__ - INFO - sleeve_length mAP: 0.0000
2025-05-13 10:38:21,818 - __main__ - INFO - coat_length mAP: 54.2804
2025-05-13 10:38:21,818 - __main__ - INFO - pant_length mAP: 0.0000
2025-05-13 10:38:21,818 - __main__ - INFO - collar_design mAP: 0.0000
2025-05-13 10:38:21,818 - __main__ - INFO - lapel_design mAP: 0.0000
2025-05-13 10:38:21,818 - __main__ - INFO - neckline_design mAP: 0.0000
2025-05-13 10:38:21,818 - __main__ - INFO - neck_design mAP: 0.0000
2025-05-13 10:38:21,818 - __main__ - INFO - texture-related mAP: 0.0000
2025-05-13 10:38:21,818 - __main__ - INFO - fabric-related mAP: 0.0000
2025-05-13 10:38:21,818 - __main__ - INFO - shape-related mAP: 0.0000
2025-05-13 10:38:21,818 - __main__ - INFO - part-related mAP: 0.0000
2025-05-13 10:38:21,818 - __main__ - INFO - style-related mAP: 0.0000
2025-05-13 10:38:21,818 - __main__ - INFO - clothes category mAP: 0.0000
2025-05-13 10:38:21,818 - __main__ - INFO - clothes button mAP: 0.0000
2025-05-13 10:38:21,818 - __main__ - INFO - clothes color mAP: 0.0000
2025-05-13 10:38:21,818 - __main__ - INFO - clothes length mAP: 0.0000
2025-05-13 10:38:21,818 - __main__ - INFO - clothes pattern mAP: 0.0000
2025-05-13 10:38:21,818 - __main__ - INFO - clothes shape mAP: 0.0000
2025-05-13 10:38:21,818 - __main__ - INFO - collar shape mAP: 0.0000
2025-05-13 10:38:21,818 - __main__ - INFO - sleeve length mAP: 0.0000
2025-05-13 10:38:21,818 - __main__ - INFO - sleeve shape mAP: 0.0000
2025-05-13 10:38:21,818 - __main__ - INFO - MeanAP: 54.2804

2025-05-13 10:38:22,405 - __main__ - INFO - lr:8.1e-05
2025-05-13 10:38:23,116 - __main__ - INFO - Task id: 2	Train Epoch: 8 [0/20000]	Loss: 1.7035 (1.7035) 	Acc: 100.00% (100.00%)
2025-05-13 10:39:05,455 - __main__ - INFO - Task id: 2	Train Epoch: 8 [6400/20000]	Loss: 2.5245 (1.9764) 	Acc: 81.25% (96.21%)
2025-05-13 10:39:47,208 - __main__ - INFO - Task id: 2	Train Epoch: 8 [12800/20000]	Loss: 2.1403 (1.9703) 	Acc: 81.25% (96.33%)
2025-05-13 10:40:28,996 - __main__ - INFO - Task id: 2	Train Epoch: 8 [19200/20000]	Loss: 1.7832 (1.9621) 	Acc: 100.00% (96.54%)
2025-05-13 10:40:45,965 - __main__ - INFO - Task id: 2
2025-05-13 10:40:45,965 - __main__ - INFO - Train Epoch: 8
2025-05-13 10:40:45,965 - __main__ - INFO - skirt_length mAP: 0.0000
2025-05-13 10:40:45,965 - __main__ - INFO - sleeve_length mAP: 0.0000
2025-05-13 10:40:45,965 - __main__ - INFO - coat_length mAP: 54.7699
2025-05-13 10:40:45,965 - __main__ - INFO - pant_length mAP: 0.0000
2025-05-13 10:40:45,965 - __main__ - INFO - collar_design mAP: 0.0000
2025-05-13 10:40:45,965 - __main__ - INFO - lapel_design mAP: 0.0000
2025-05-13 10:40:45,965 - __main__ - INFO - neckline_design mAP: 0.0000
2025-05-13 10:40:45,965 - __main__ - INFO - neck_design mAP: 0.0000
2025-05-13 10:40:45,965 - __main__ - INFO - texture-related mAP: 0.0000
2025-05-13 10:40:45,965 - __main__ - INFO - fabric-related mAP: 0.0000
2025-05-13 10:40:45,965 - __main__ - INFO - shape-related mAP: 0.0000
2025-05-13 10:40:45,965 - __main__ - INFO - part-related mAP: 0.0000
2025-05-13 10:40:45,965 - __main__ - INFO - style-related mAP: 0.0000
2025-05-13 10:40:45,965 - __main__ - INFO - clothes category mAP: 0.0000
2025-05-13 10:40:45,966 - __main__ - INFO - clothes button mAP: 0.0000
2025-05-13 10:40:45,966 - __main__ - INFO - clothes color mAP: 0.0000
2025-05-13 10:40:45,966 - __main__ - INFO - clothes length mAP: 0.0000
2025-05-13 10:40:45,966 - __main__ - INFO - clothes pattern mAP: 0.0000
2025-05-13 10:40:45,966 - __main__ - INFO - clothes shape mAP: 0.0000
2025-05-13 10:40:45,966 - __main__ - INFO - collar shape mAP: 0.0000
2025-05-13 10:40:45,966 - __main__ - INFO - sleeve length mAP: 0.0000
2025-05-13 10:40:45,966 - __main__ - INFO - sleeve shape mAP: 0.0000
2025-05-13 10:40:45,966 - __main__ - INFO - MeanAP: 54.7699

2025-05-13 10:40:47,167 - __main__ - INFO - lr:8.1e-05
2025-05-13 10:40:47,884 - __main__ - INFO - Task id: 2	Train Epoch: 9 [0/20000]	Loss: 2.2200 (2.2200) 	Acc: 100.00% (100.00%)
2025-05-13 10:41:31,108 - __main__ - INFO - Task id: 2	Train Epoch: 9 [6400/20000]	Loss: 1.9228 (1.9383) 	Acc: 100.00% (96.76%)
2025-05-13 10:42:13,698 - __main__ - INFO - Task id: 2	Train Epoch: 9 [12800/20000]	Loss: 2.0412 (1.9305) 	Acc: 93.75% (96.94%)
2025-05-13 10:42:56,071 - __main__ - INFO - Task id: 2	Train Epoch: 9 [19200/20000]	Loss: 2.0681 (1.9219) 	Acc: 100.00% (97.08%)
2025-05-13 10:43:12,687 - __main__ - INFO - Task id: 2
2025-05-13 10:43:12,687 - __main__ - INFO - Train Epoch: 9
2025-05-13 10:43:12,687 - __main__ - INFO - skirt_length mAP: 0.0000
2025-05-13 10:43:12,687 - __main__ - INFO - sleeve_length mAP: 0.0000
2025-05-13 10:43:12,687 - __main__ - INFO - coat_length mAP: 55.5839
2025-05-13 10:43:12,687 - __main__ - INFO - pant_length mAP: 0.0000
2025-05-13 10:43:12,687 - __main__ - INFO - collar_design mAP: 0.0000
2025-05-13 10:43:12,687 - __main__ - INFO - lapel_design mAP: 0.0000
2025-05-13 10:43:12,687 - __main__ - INFO - neckline_design mAP: 0.0000
2025-05-13 10:43:12,687 - __main__ - INFO - neck_design mAP: 0.0000
2025-05-13 10:43:12,688 - __main__ - INFO - texture-related mAP: 0.0000
2025-05-13 10:43:12,688 - __main__ - INFO - fabric-related mAP: 0.0000
2025-05-13 10:43:12,688 - __main__ - INFO - shape-related mAP: 0.0000
2025-05-13 10:43:12,688 - __main__ - INFO - part-related mAP: 0.0000
2025-05-13 10:43:12,688 - __main__ - INFO - style-related mAP: 0.0000
2025-05-13 10:43:12,688 - __main__ - INFO - clothes category mAP: 0.0000
2025-05-13 10:43:12,688 - __main__ - INFO - clothes button mAP: 0.0000
2025-05-13 10:43:12,688 - __main__ - INFO - clothes color mAP: 0.0000
2025-05-13 10:43:12,688 - __main__ - INFO - clothes length mAP: 0.0000
2025-05-13 10:43:12,688 - __main__ - INFO - clothes pattern mAP: 0.0000
2025-05-13 10:43:12,688 - __main__ - INFO - clothes shape mAP: 0.0000
2025-05-13 10:43:12,688 - __main__ - INFO - collar shape mAP: 0.0000
2025-05-13 10:43:12,688 - __main__ - INFO - sleeve length mAP: 0.0000
2025-05-13 10:43:12,688 - __main__ - INFO - sleeve shape mAP: 0.0000
2025-05-13 10:43:12,688 - __main__ - INFO - MeanAP: 55.5839

2025-05-13 10:43:13,887 - __main__ - INFO - lr:7.290000000000001e-05
2025-05-13 10:43:14,622 - __main__ - INFO - Task id: 2	Train Epoch: 10 [0/20000]	Loss: 1.7170 (1.7170) 	Acc: 100.00% (100.00%)
2025-05-13 10:43:57,647 - __main__ - INFO - Task id: 2	Train Epoch: 10 [6400/20000]	Loss: 2.1113 (1.8744) 	Acc: 100.00% (97.65%)
2025-05-13 10:44:40,365 - __main__ - INFO - Task id: 2	Train Epoch: 10 [12800/20000]	Loss: 1.9973 (1.8654) 	Acc: 100.00% (97.60%)
2025-05-13 10:45:23,214 - __main__ - INFO - Task id: 2	Train Epoch: 10 [19200/20000]	Loss: 1.6139 (1.8580) 	Acc: 93.75% (97.66%)
2025-05-13 10:45:39,888 - __main__ - INFO - Task id: 2
2025-05-13 10:45:39,888 - __main__ - INFO - Train Epoch: 10
2025-05-13 10:45:39,888 - __main__ - INFO - skirt_length mAP: 0.0000
2025-05-13 10:45:39,888 - __main__ - INFO - sleeve_length mAP: 0.0000
2025-05-13 10:45:39,888 - __main__ - INFO - coat_length mAP: 55.4176
2025-05-13 10:45:39,888 - __main__ - INFO - pant_length mAP: 0.0000
2025-05-13 10:45:39,888 - __main__ - INFO - collar_design mAP: 0.0000
2025-05-13 10:45:39,888 - __main__ - INFO - lapel_design mAP: 0.0000
2025-05-13 10:45:39,888 - __main__ - INFO - neckline_design mAP: 0.0000
2025-05-13 10:45:39,888 - __main__ - INFO - neck_design mAP: 0.0000
2025-05-13 10:45:39,888 - __main__ - INFO - texture-related mAP: 0.0000
2025-05-13 10:45:39,888 - __main__ - INFO - fabric-related mAP: 0.0000
2025-05-13 10:45:39,888 - __main__ - INFO - shape-related mAP: 0.0000
2025-05-13 10:45:39,888 - __main__ - INFO - part-related mAP: 0.0000
2025-05-13 10:45:39,888 - __main__ - INFO - style-related mAP: 0.0000
2025-05-13 10:45:39,888 - __main__ - INFO - clothes category mAP: 0.0000
2025-05-13 10:45:39,888 - __main__ - INFO - clothes button mAP: 0.0000
2025-05-13 10:45:39,888 - __main__ - INFO - clothes color mAP: 0.0000
2025-05-13 10:45:39,889 - __main__ - INFO - clothes length mAP: 0.0000
2025-05-13 10:45:39,889 - __main__ - INFO - clothes pattern mAP: 0.0000
2025-05-13 10:45:39,889 - __main__ - INFO - clothes shape mAP: 0.0000
2025-05-13 10:45:39,889 - __main__ - INFO - collar shape mAP: 0.0000
2025-05-13 10:45:39,889 - __main__ - INFO - sleeve length mAP: 0.0000
2025-05-13 10:45:39,889 - __main__ - INFO - sleeve shape mAP: 0.0000
2025-05-13 10:45:39,889 - __main__ - INFO - MeanAP: 55.4176

2025-05-13 10:45:40,478 - __main__ - INFO - lr:7.290000000000001e-05
2025-05-13 10:45:42,168 - __main__ - INFO - Task id: 3	Train Epoch: 1 [0/20000]	Loss: 3.4360 (3.4360) 	Acc: 25.00% (25.00%)
2025-05-13 10:46:26,730 - __main__ - INFO - Task id: 3	Train Epoch: 1 [6400/20000]	Loss: 3.0873 (3.0508) 	Acc: 100.00% (75.05%)
2025-05-13 10:47:10,006 - __main__ - INFO - Task id: 3	Train Epoch: 1 [12800/20000]	Loss: 2.9431 (2.9248) 	Acc: 100.00% (79.70%)
2025-05-13 10:47:53,247 - __main__ - INFO - Task id: 3	Train Epoch: 1 [19200/20000]	Loss: 2.5991 (2.8457) 	Acc: 81.25% (82.11%)
2025-05-13 10:48:13,437 - __main__ - INFO - Task id: 3
2025-05-13 10:48:13,437 - __main__ - INFO - Train Epoch: 1
2025-05-13 10:48:13,437 - __main__ - INFO - skirt_length mAP: 0.0000
2025-05-13 10:48:13,437 - __main__ - INFO - sleeve_length mAP: 0.0000
2025-05-13 10:48:13,437 - __main__ - INFO - coat_length mAP: 0.0000
2025-05-13 10:48:13,437 - __main__ - INFO - pant_length mAP: 59.5377
2025-05-13 10:48:13,437 - __main__ - INFO - collar_design mAP: 0.0000
2025-05-13 10:48:13,437 - __main__ - INFO - lapel_design mAP: 0.0000
2025-05-13 10:48:13,437 - __main__ - INFO - neckline_design mAP: 0.0000
2025-05-13 10:48:13,437 - __main__ - INFO - neck_design mAP: 0.0000
2025-05-13 10:48:13,437 - __main__ - INFO - texture-related mAP: 0.0000
2025-05-13 10:48:13,437 - __main__ - INFO - fabric-related mAP: 0.0000
2025-05-13 10:48:13,437 - __main__ - INFO - shape-related mAP: 0.0000
2025-05-13 10:48:13,437 - __main__ - INFO - part-related mAP: 0.0000
2025-05-13 10:48:13,437 - __main__ - INFO - style-related mAP: 0.0000
2025-05-13 10:48:13,437 - __main__ - INFO - clothes category mAP: 0.0000
2025-05-13 10:48:13,437 - __main__ - INFO - clothes button mAP: 0.0000
2025-05-13 10:48:13,437 - __main__ - INFO - clothes color mAP: 0.0000
2025-05-13 10:48:13,438 - __main__ - INFO - clothes length mAP: 0.0000
2025-05-13 10:48:13,438 - __main__ - INFO - clothes pattern mAP: 0.0000
2025-05-13 10:48:13,438 - __main__ - INFO - clothes shape mAP: 0.0000
2025-05-13 10:48:13,438 - __main__ - INFO - collar shape mAP: 0.0000
2025-05-13 10:48:13,438 - __main__ - INFO - sleeve length mAP: 0.0000
2025-05-13 10:48:13,438 - __main__ - INFO - sleeve shape mAP: 0.0000
2025-05-13 10:48:13,438 - __main__ - INFO - MeanAP: 59.5377

2025-05-13 10:48:14,555 - __main__ - INFO - lr:0.0001
2025-05-13 10:48:15,273 - __main__ - INFO - Task id: 3	Train Epoch: 2 [0/20000]	Loss: 2.9100 (2.9100) 	Acc: 81.25% (81.25%)
2025-05-13 10:48:59,767 - __main__ - INFO - Task id: 3	Train Epoch: 2 [6400/20000]	Loss: 2.8116 (2.6206) 	Acc: 75.00% (87.80%)
2025-05-13 10:49:43,117 - __main__ - INFO - Task id: 3	Train Epoch: 2 [12800/20000]	Loss: 2.2293 (2.5847) 	Acc: 93.75% (88.94%)
2025-05-13 10:50:26,679 - __main__ - INFO - Task id: 3	Train Epoch: 2 [19200/20000]	Loss: 2.3016 (2.5596) 	Acc: 93.75% (89.46%)
2025-05-13 10:50:46,025 - __main__ - INFO - Task id: 3
2025-05-13 10:50:46,025 - __main__ - INFO - Train Epoch: 2
2025-05-13 10:50:46,026 - __main__ - INFO - skirt_length mAP: 0.0000
2025-05-13 10:50:46,026 - __main__ - INFO - sleeve_length mAP: 0.0000
2025-05-13 10:50:46,026 - __main__ - INFO - coat_length mAP: 0.0000
2025-05-13 10:50:46,026 - __main__ - INFO - pant_length mAP: 63.3999
2025-05-13 10:50:46,026 - __main__ - INFO - collar_design mAP: 0.0000
2025-05-13 10:50:46,026 - __main__ - INFO - lapel_design mAP: 0.0000
2025-05-13 10:50:46,026 - __main__ - INFO - neckline_design mAP: 0.0000
2025-05-13 10:50:46,026 - __main__ - INFO - neck_design mAP: 0.0000
2025-05-13 10:50:46,026 - __main__ - INFO - texture-related mAP: 0.0000
2025-05-13 10:50:46,026 - __main__ - INFO - fabric-related mAP: 0.0000
2025-05-13 10:50:46,026 - __main__ - INFO - shape-related mAP: 0.0000
2025-05-13 10:50:46,026 - __main__ - INFO - part-related mAP: 0.0000
2025-05-13 10:50:46,026 - __main__ - INFO - style-related mAP: 0.0000
2025-05-13 10:50:46,026 - __main__ - INFO - clothes category mAP: 0.0000
2025-05-13 10:50:46,026 - __main__ - INFO - clothes button mAP: 0.0000
2025-05-13 10:50:46,026 - __main__ - INFO - clothes color mAP: 0.0000
2025-05-13 10:50:46,026 - __main__ - INFO - clothes length mAP: 0.0000
2025-05-13 10:50:46,026 - __main__ - INFO - clothes pattern mAP: 0.0000
2025-05-13 10:50:46,026 - __main__ - INFO - clothes shape mAP: 0.0000
2025-05-13 10:50:46,026 - __main__ - INFO - collar shape mAP: 0.0000
2025-05-13 10:50:46,026 - __main__ - INFO - sleeve length mAP: 0.0000
2025-05-13 10:50:46,026 - __main__ - INFO - sleeve shape mAP: 0.0000
2025-05-13 10:50:46,026 - __main__ - INFO - MeanAP: 63.3999

2025-05-13 10:50:47,380 - __main__ - INFO - lr:0.0001
2025-05-13 10:50:48,152 - __main__ - INFO - Task id: 3	Train Epoch: 3 [0/20000]	Loss: 2.8583 (2.8583) 	Acc: 87.50% (87.50%)
2025-05-13 10:51:32,419 - __main__ - INFO - Task id: 3	Train Epoch: 3 [6400/20000]	Loss: 2.1731 (2.4752) 	Acc: 93.75% (90.76%)
2025-05-13 10:52:16,150 - __main__ - INFO - Task id: 3	Train Epoch: 3 [12800/20000]	Loss: 2.5585 (2.4534) 	Acc: 87.50% (91.57%)
2025-05-13 10:52:59,457 - __main__ - INFO - Task id: 3	Train Epoch: 3 [19200/20000]	Loss: 2.5123 (2.4255) 	Acc: 87.50% (91.95%)
2025-05-13 10:53:18,699 - __main__ - INFO - Task id: 3
2025-05-13 10:53:18,699 - __main__ - INFO - Train Epoch: 3
2025-05-13 10:53:18,699 - __main__ - INFO - skirt_length mAP: 0.0000
2025-05-13 10:53:18,699 - __main__ - INFO - sleeve_length mAP: 0.0000
2025-05-13 10:53:18,699 - __main__ - INFO - coat_length mAP: 0.0000
2025-05-13 10:53:18,699 - __main__ - INFO - pant_length mAP: 65.0492
2025-05-13 10:53:18,699 - __main__ - INFO - collar_design mAP: 0.0000
2025-05-13 10:53:18,699 - __main__ - INFO - lapel_design mAP: 0.0000
2025-05-13 10:53:18,699 - __main__ - INFO - neckline_design mAP: 0.0000
2025-05-13 10:53:18,699 - __main__ - INFO - neck_design mAP: 0.0000
2025-05-13 10:53:18,699 - __main__ - INFO - texture-related mAP: 0.0000
2025-05-13 10:53:18,699 - __main__ - INFO - fabric-related mAP: 0.0000
2025-05-13 10:53:18,699 - __main__ - INFO - shape-related mAP: 0.0000
2025-05-13 10:53:18,699 - __main__ - INFO - part-related mAP: 0.0000
2025-05-13 10:53:18,700 - __main__ - INFO - style-related mAP: 0.0000
2025-05-13 10:53:18,700 - __main__ - INFO - clothes category mAP: 0.0000
2025-05-13 10:53:18,700 - __main__ - INFO - clothes button mAP: 0.0000
2025-05-13 10:53:18,700 - __main__ - INFO - clothes color mAP: 0.0000
2025-05-13 10:53:18,700 - __main__ - INFO - clothes length mAP: 0.0000
2025-05-13 10:53:18,700 - __main__ - INFO - clothes pattern mAP: 0.0000
2025-05-13 10:53:18,700 - __main__ - INFO - clothes shape mAP: 0.0000
2025-05-13 10:53:18,700 - __main__ - INFO - collar shape mAP: 0.0000
2025-05-13 10:53:18,700 - __main__ - INFO - sleeve length mAP: 0.0000
2025-05-13 10:53:18,700 - __main__ - INFO - sleeve shape mAP: 0.0000
2025-05-13 10:53:18,700 - __main__ - INFO - MeanAP: 65.0492

2025-05-13 10:53:20,085 - __main__ - INFO - lr:9e-05
2025-05-13 10:53:20,786 - __main__ - INFO - Task id: 3	Train Epoch: 4 [0/20000]	Loss: 2.4008 (2.4008) 	Acc: 93.75% (93.75%)
2025-05-13 10:54:03,821 - __main__ - INFO - Task id: 3	Train Epoch: 4 [6400/20000]	Loss: 2.1736 (2.3256) 	Acc: 100.00% (93.13%)
2025-05-13 10:54:45,464 - __main__ - INFO - Task id: 3	Train Epoch: 4 [12800/20000]	Loss: 2.7898 (2.3061) 	Acc: 87.50% (93.48%)
2025-05-13 10:55:27,886 - __main__ - INFO - Task id: 3	Train Epoch: 4 [19200/20000]	Loss: 2.1758 (2.2871) 	Acc: 100.00% (93.88%)
2025-05-13 10:55:46,345 - __main__ - INFO - Task id: 3
2025-05-13 10:55:46,345 - __main__ - INFO - Train Epoch: 4
2025-05-13 10:55:46,345 - __main__ - INFO - skirt_length mAP: 0.0000
2025-05-13 10:55:46,345 - __main__ - INFO - sleeve_length mAP: 0.0000
2025-05-13 10:55:46,345 - __main__ - INFO - coat_length mAP: 0.0000
2025-05-13 10:55:46,345 - __main__ - INFO - pant_length mAP: 68.1216
2025-05-13 10:55:46,345 - __main__ - INFO - collar_design mAP: 0.0000
2025-05-13 10:55:46,345 - __main__ - INFO - lapel_design mAP: 0.0000
2025-05-13 10:55:46,345 - __main__ - INFO - neckline_design mAP: 0.0000
2025-05-13 10:55:46,345 - __main__ - INFO - neck_design mAP: 0.0000
2025-05-13 10:55:46,345 - __main__ - INFO - texture-related mAP: 0.0000
2025-05-13 10:55:46,345 - __main__ - INFO - fabric-related mAP: 0.0000
2025-05-13 10:55:46,345 - __main__ - INFO - shape-related mAP: 0.0000
2025-05-13 10:55:46,346 - __main__ - INFO - part-related mAP: 0.0000
2025-05-13 10:55:46,346 - __main__ - INFO - style-related mAP: 0.0000
2025-05-13 10:55:46,346 - __main__ - INFO - clothes category mAP: 0.0000
2025-05-13 10:55:46,346 - __main__ - INFO - clothes button mAP: 0.0000
2025-05-13 10:55:46,346 - __main__ - INFO - clothes color mAP: 0.0000
2025-05-13 10:55:46,346 - __main__ - INFO - clothes length mAP: 0.0000
2025-05-13 10:55:46,346 - __main__ - INFO - clothes pattern mAP: 0.0000
2025-05-13 10:55:46,346 - __main__ - INFO - clothes shape mAP: 0.0000
2025-05-13 10:55:46,346 - __main__ - INFO - collar shape mAP: 0.0000
2025-05-13 10:55:46,346 - __main__ - INFO - sleeve length mAP: 0.0000
2025-05-13 10:55:46,346 - __main__ - INFO - sleeve shape mAP: 0.0000
2025-05-13 10:55:46,346 - __main__ - INFO - MeanAP: 68.1216

2025-05-13 10:55:47,687 - __main__ - INFO - lr:9e-05
2025-05-13 10:55:48,386 - __main__ - INFO - Task id: 3	Train Epoch: 5 [0/20000]	Loss: 2.0391 (2.0391) 	Acc: 93.75% (93.75%)
2025-05-13 10:56:31,156 - __main__ - INFO - Task id: 3	Train Epoch: 5 [6400/20000]	Loss: 2.2028 (2.2207) 	Acc: 100.00% (94.79%)
2025-05-13 10:57:13,940 - __main__ - INFO - Task id: 3	Train Epoch: 5 [12800/20000]	Loss: 2.0469 (2.2071) 	Acc: 93.75% (95.14%)
2025-05-13 10:57:56,510 - __main__ - INFO - Task id: 3	Train Epoch: 5 [19200/20000]	Loss: 2.3963 (2.2098) 	Acc: 100.00% (95.27%)
2025-05-13 10:58:15,974 - __main__ - INFO - Task id: 3
2025-05-13 10:58:15,974 - __main__ - INFO - Train Epoch: 5
2025-05-13 10:58:15,974 - __main__ - INFO - skirt_length mAP: 0.0000
2025-05-13 10:58:15,974 - __main__ - INFO - sleeve_length mAP: 0.0000
2025-05-13 10:58:15,974 - __main__ - INFO - coat_length mAP: 0.0000
2025-05-13 10:58:15,974 - __main__ - INFO - pant_length mAP: 67.2797
2025-05-13 10:58:15,974 - __main__ - INFO - collar_design mAP: 0.0000
2025-05-13 10:58:15,974 - __main__ - INFO - lapel_design mAP: 0.0000
2025-05-13 10:58:15,974 - __main__ - INFO - neckline_design mAP: 0.0000
2025-05-13 10:58:15,974 - __main__ - INFO - neck_design mAP: 0.0000
2025-05-13 10:58:15,974 - __main__ - INFO - texture-related mAP: 0.0000
2025-05-13 10:58:15,974 - __main__ - INFO - fabric-related mAP: 0.0000
2025-05-13 10:58:15,974 - __main__ - INFO - shape-related mAP: 0.0000
2025-05-13 10:58:15,974 - __main__ - INFO - part-related mAP: 0.0000
2025-05-13 10:58:15,974 - __main__ - INFO - style-related mAP: 0.0000
2025-05-13 10:58:15,975 - __main__ - INFO - clothes category mAP: 0.0000
2025-05-13 10:58:15,975 - __main__ - INFO - clothes button mAP: 0.0000
2025-05-13 10:58:15,975 - __main__ - INFO - clothes color mAP: 0.0000
2025-05-13 10:58:15,975 - __main__ - INFO - clothes length mAP: 0.0000
2025-05-13 10:58:15,975 - __main__ - INFO - clothes pattern mAP: 0.0000
2025-05-13 10:58:15,975 - __main__ - INFO - clothes shape mAP: 0.0000
2025-05-13 10:58:15,975 - __main__ - INFO - collar shape mAP: 0.0000
2025-05-13 10:58:15,975 - __main__ - INFO - sleeve length mAP: 0.0000
2025-05-13 10:58:15,975 - __main__ - INFO - sleeve shape mAP: 0.0000
2025-05-13 10:58:15,975 - __main__ - INFO - MeanAP: 67.2797

2025-05-13 10:58:16,557 - __main__ - INFO - lr:9e-05
2025-05-13 10:58:17,292 - __main__ - INFO - Task id: 3	Train Epoch: 6 [0/20000]	Loss: 2.1401 (2.1401) 	Acc: 100.00% (100.00%)
2025-05-13 10:59:00,190 - __main__ - INFO - Task id: 3	Train Epoch: 6 [6400/20000]	Loss: 2.2345 (2.1827) 	Acc: 93.75% (95.70%)
2025-05-13 10:59:42,251 - __main__ - INFO - Task id: 3	Train Epoch: 6 [12800/20000]	Loss: 2.0112 (2.1718) 	Acc: 93.75% (95.87%)
2025-05-13 11:00:24,673 - __main__ - INFO - Task id: 3	Train Epoch: 6 [19200/20000]	Loss: 2.3788 (2.1625) 	Acc: 93.75% (95.97%)
2025-05-13 11:00:43,982 - __main__ - INFO - Task id: 3
2025-05-13 11:00:43,982 - __main__ - INFO - Train Epoch: 6
2025-05-13 11:00:43,982 - __main__ - INFO - skirt_length mAP: 0.0000
2025-05-13 11:00:43,982 - __main__ - INFO - sleeve_length mAP: 0.0000
2025-05-13 11:00:43,982 - __main__ - INFO - coat_length mAP: 0.0000
2025-05-13 11:00:43,982 - __main__ - INFO - pant_length mAP: 68.2380
2025-05-13 11:00:43,982 - __main__ - INFO - collar_design mAP: 0.0000
2025-05-13 11:00:43,982 - __main__ - INFO - lapel_design mAP: 0.0000
2025-05-13 11:00:43,982 - __main__ - INFO - neckline_design mAP: 0.0000
2025-05-13 11:00:43,982 - __main__ - INFO - neck_design mAP: 0.0000
2025-05-13 11:00:43,982 - __main__ - INFO - texture-related mAP: 0.0000
2025-05-13 11:00:43,982 - __main__ - INFO - fabric-related mAP: 0.0000
2025-05-13 11:00:43,982 - __main__ - INFO - shape-related mAP: 0.0000
2025-05-13 11:00:43,982 - __main__ - INFO - part-related mAP: 0.0000
2025-05-13 11:00:43,982 - __main__ - INFO - style-related mAP: 0.0000
2025-05-13 11:00:43,983 - __main__ - INFO - clothes category mAP: 0.0000
2025-05-13 11:00:43,983 - __main__ - INFO - clothes button mAP: 0.0000
2025-05-13 11:00:43,983 - __main__ - INFO - clothes color mAP: 0.0000
2025-05-13 11:00:43,983 - __main__ - INFO - clothes length mAP: 0.0000
2025-05-13 11:00:43,983 - __main__ - INFO - clothes pattern mAP: 0.0000
2025-05-13 11:00:43,983 - __main__ - INFO - clothes shape mAP: 0.0000
2025-05-13 11:00:43,983 - __main__ - INFO - collar shape mAP: 0.0000
2025-05-13 11:00:43,983 - __main__ - INFO - sleeve length mAP: 0.0000
2025-05-13 11:00:43,983 - __main__ - INFO - sleeve shape mAP: 0.0000
2025-05-13 11:00:43,983 - __main__ - INFO - MeanAP: 68.2380

2025-05-13 11:00:45,332 - __main__ - INFO - lr:8.1e-05
2025-05-13 11:00:46,080 - __main__ - INFO - Task id: 3	Train Epoch: 7 [0/20000]	Loss: 2.1026 (2.1026) 	Acc: 100.00% (100.00%)
2025-05-13 11:01:28,771 - __main__ - INFO - Task id: 3	Train Epoch: 7 [6400/20000]	Loss: 2.0617 (2.1001) 	Acc: 100.00% (96.68%)
2025-05-13 11:02:11,843 - __main__ - INFO - Task id: 3	Train Epoch: 7 [12800/20000]	Loss: 1.8758 (2.0877) 	Acc: 100.00% (96.98%)
2025-05-13 11:02:54,287 - __main__ - INFO - Task id: 3	Train Epoch: 7 [19200/20000]	Loss: 2.1064 (2.0837) 	Acc: 100.00% (97.10%)
2025-05-13 11:03:14,098 - __main__ - INFO - Task id: 3
2025-05-13 11:03:14,098 - __main__ - INFO - Train Epoch: 7
2025-05-13 11:03:14,098 - __main__ - INFO - skirt_length mAP: 0.0000
2025-05-13 11:03:14,098 - __main__ - INFO - sleeve_length mAP: 0.0000
2025-05-13 11:03:14,098 - __main__ - INFO - coat_length mAP: 0.0000
2025-05-13 11:03:14,098 - __main__ - INFO - pant_length mAP: 66.4714
2025-05-13 11:03:14,098 - __main__ - INFO - collar_design mAP: 0.0000
2025-05-13 11:03:14,098 - __main__ - INFO - lapel_design mAP: 0.0000
2025-05-13 11:03:14,098 - __main__ - INFO - neckline_design mAP: 0.0000
2025-05-13 11:03:14,098 - __main__ - INFO - neck_design mAP: 0.0000
2025-05-13 11:03:14,098 - __main__ - INFO - texture-related mAP: 0.0000
2025-05-13 11:03:14,099 - __main__ - INFO - fabric-related mAP: 0.0000
2025-05-13 11:03:14,099 - __main__ - INFO - shape-related mAP: 0.0000
2025-05-13 11:03:14,099 - __main__ - INFO - part-related mAP: 0.0000
2025-05-13 11:03:14,099 - __main__ - INFO - style-related mAP: 0.0000
2025-05-13 11:03:14,099 - __main__ - INFO - clothes category mAP: 0.0000
2025-05-13 11:03:14,099 - __main__ - INFO - clothes button mAP: 0.0000
2025-05-13 11:03:14,099 - __main__ - INFO - clothes color mAP: 0.0000
2025-05-13 11:03:14,099 - __main__ - INFO - clothes length mAP: 0.0000
2025-05-13 11:03:14,099 - __main__ - INFO - clothes pattern mAP: 0.0000
2025-05-13 11:03:14,099 - __main__ - INFO - clothes shape mAP: 0.0000
2025-05-13 11:03:14,099 - __main__ - INFO - collar shape mAP: 0.0000
2025-05-13 11:03:14,099 - __main__ - INFO - sleeve length mAP: 0.0000
2025-05-13 11:03:14,099 - __main__ - INFO - sleeve shape mAP: 0.0000
2025-05-13 11:03:14,099 - __main__ - INFO - MeanAP: 66.4714

2025-05-13 11:03:14,682 - __main__ - INFO - lr:8.1e-05
2025-05-13 11:03:15,413 - __main__ - INFO - Task id: 3	Train Epoch: 8 [0/20000]	Loss: 2.0539 (2.0539) 	Acc: 93.75% (93.75%)
2025-05-13 11:03:58,281 - __main__ - INFO - Task id: 3	Train Epoch: 8 [6400/20000]	Loss: 2.2610 (2.0534) 	Acc: 87.50% (97.63%)
2025-05-13 11:04:41,789 - __main__ - INFO - Task id: 3	Train Epoch: 8 [12800/20000]	Loss: 2.0853 (2.0546) 	Acc: 93.75% (97.42%)
2025-05-13 11:05:26,384 - __main__ - INFO - Task id: 3	Train Epoch: 8 [19200/20000]	Loss: 1.8569 (2.0484) 	Acc: 100.00% (97.54%)
2025-05-13 11:05:45,401 - __main__ - INFO - Task id: 3
2025-05-13 11:05:45,402 - __main__ - INFO - Train Epoch: 8
2025-05-13 11:05:45,402 - __main__ - INFO - skirt_length mAP: 0.0000
2025-05-13 11:05:45,402 - __main__ - INFO - sleeve_length mAP: 0.0000
2025-05-13 11:05:45,402 - __main__ - INFO - coat_length mAP: 0.0000
2025-05-13 11:05:45,402 - __main__ - INFO - pant_length mAP: 68.2741
2025-05-13 11:05:45,402 - __main__ - INFO - collar_design mAP: 0.0000
2025-05-13 11:05:45,402 - __main__ - INFO - lapel_design mAP: 0.0000
2025-05-13 11:05:45,402 - __main__ - INFO - neckline_design mAP: 0.0000
2025-05-13 11:05:45,402 - __main__ - INFO - neck_design mAP: 0.0000
2025-05-13 11:05:45,402 - __main__ - INFO - texture-related mAP: 0.0000
2025-05-13 11:05:45,402 - __main__ - INFO - fabric-related mAP: 0.0000
2025-05-13 11:05:45,402 - __main__ - INFO - shape-related mAP: 0.0000
2025-05-13 11:05:45,402 - __main__ - INFO - part-related mAP: 0.0000
2025-05-13 11:05:45,402 - __main__ - INFO - style-related mAP: 0.0000
2025-05-13 11:05:45,402 - __main__ - INFO - clothes category mAP: 0.0000
2025-05-13 11:05:45,402 - __main__ - INFO - clothes button mAP: 0.0000
2025-05-13 11:05:45,402 - __main__ - INFO - clothes color mAP: 0.0000
2025-05-13 11:05:45,402 - __main__ - INFO - clothes length mAP: 0.0000
2025-05-13 11:05:45,402 - __main__ - INFO - clothes pattern mAP: 0.0000
2025-05-13 11:05:45,402 - __main__ - INFO - clothes shape mAP: 0.0000
2025-05-13 11:05:45,402 - __main__ - INFO - collar shape mAP: 0.0000
2025-05-13 11:05:45,402 - __main__ - INFO - sleeve length mAP: 0.0000
2025-05-13 11:05:45,402 - __main__ - INFO - sleeve shape mAP: 0.0000
2025-05-13 11:05:45,402 - __main__ - INFO - MeanAP: 68.2741

2025-05-13 11:05:46,791 - __main__ - INFO - lr:8.1e-05
2025-05-13 11:05:47,556 - __main__ - INFO - Task id: 3	Train Epoch: 9 [0/20000]	Loss: 1.9466 (1.9466) 	Acc: 93.75% (93.75%)
2025-05-13 11:06:29,562 - __main__ - INFO - Task id: 3	Train Epoch: 9 [6400/20000]	Loss: 1.9177 (2.0347) 	Acc: 100.00% (97.68%)
2025-05-13 11:07:11,469 - __main__ - INFO - Task id: 3	Train Epoch: 9 [12800/20000]	Loss: 1.9850 (2.0187) 	Acc: 93.75% (97.75%)
2025-05-13 11:07:53,108 - __main__ - INFO - Task id: 3	Train Epoch: 9 [19200/20000]	Loss: 1.9193 (2.0175) 	Acc: 100.00% (97.76%)
2025-05-13 11:08:12,222 - __main__ - INFO - Task id: 3
2025-05-13 11:08:12,222 - __main__ - INFO - Train Epoch: 9
2025-05-13 11:08:12,222 - __main__ - INFO - skirt_length mAP: 0.0000
2025-05-13 11:08:12,222 - __main__ - INFO - sleeve_length mAP: 0.0000
2025-05-13 11:08:12,222 - __main__ - INFO - coat_length mAP: 0.0000
2025-05-13 11:08:12,222 - __main__ - INFO - pant_length mAP: 69.1720
2025-05-13 11:08:12,222 - __main__ - INFO - collar_design mAP: 0.0000
2025-05-13 11:08:12,222 - __main__ - INFO - lapel_design mAP: 0.0000
2025-05-13 11:08:12,222 - __main__ - INFO - neckline_design mAP: 0.0000
2025-05-13 11:08:12,222 - __main__ - INFO - neck_design mAP: 0.0000
2025-05-13 11:08:12,222 - __main__ - INFO - texture-related mAP: 0.0000
2025-05-13 11:08:12,222 - __main__ - INFO - fabric-related mAP: 0.0000
2025-05-13 11:08:12,222 - __main__ - INFO - shape-related mAP: 0.0000
2025-05-13 11:08:12,223 - __main__ - INFO - part-related mAP: 0.0000
2025-05-13 11:08:12,223 - __main__ - INFO - style-related mAP: 0.0000
2025-05-13 11:08:12,223 - __main__ - INFO - clothes category mAP: 0.0000
2025-05-13 11:08:12,223 - __main__ - INFO - clothes button mAP: 0.0000
2025-05-13 11:08:12,223 - __main__ - INFO - clothes color mAP: 0.0000
2025-05-13 11:08:12,223 - __main__ - INFO - clothes length mAP: 0.0000
2025-05-13 11:08:12,223 - __main__ - INFO - clothes pattern mAP: 0.0000
2025-05-13 11:08:12,223 - __main__ - INFO - clothes shape mAP: 0.0000
2025-05-13 11:08:12,223 - __main__ - INFO - collar shape mAP: 0.0000
2025-05-13 11:08:12,223 - __main__ - INFO - sleeve length mAP: 0.0000
2025-05-13 11:08:12,223 - __main__ - INFO - sleeve shape mAP: 0.0000
2025-05-13 11:08:12,223 - __main__ - INFO - MeanAP: 69.1720

2025-05-13 11:08:13,578 - __main__ - INFO - lr:7.290000000000001e-05
2025-05-13 11:08:14,284 - __main__ - INFO - Task id: 3	Train Epoch: 10 [0/20000]	Loss: 2.1547 (2.1547) 	Acc: 93.75% (93.75%)
2025-05-13 11:08:56,727 - __main__ - INFO - Task id: 3	Train Epoch: 10 [6400/20000]	Loss: 2.0396 (1.9726) 	Acc: 100.00% (98.33%)
2025-05-13 11:09:39,221 - __main__ - INFO - Task id: 3	Train Epoch: 10 [12800/20000]	Loss: 1.8257 (1.9699) 	Acc: 100.00% (98.38%)
2025-05-13 11:10:21,539 - __main__ - INFO - Task id: 3	Train Epoch: 10 [19200/20000]	Loss: 2.1582 (1.9644) 	Acc: 100.00% (98.41%)
2025-05-13 11:10:40,832 - __main__ - INFO - Task id: 3
2025-05-13 11:10:40,832 - __main__ - INFO - Train Epoch: 10
2025-05-13 11:10:40,832 - __main__ - INFO - skirt_length mAP: 0.0000
2025-05-13 11:10:40,832 - __main__ - INFO - sleeve_length mAP: 0.0000
2025-05-13 11:10:40,832 - __main__ - INFO - coat_length mAP: 0.0000
2025-05-13 11:10:40,832 - __main__ - INFO - pant_length mAP: 70.1594
2025-05-13 11:10:40,832 - __main__ - INFO - collar_design mAP: 0.0000
2025-05-13 11:10:40,832 - __main__ - INFO - lapel_design mAP: 0.0000
2025-05-13 11:10:40,833 - __main__ - INFO - neckline_design mAP: 0.0000
2025-05-13 11:10:40,833 - __main__ - INFO - neck_design mAP: 0.0000
2025-05-13 11:10:40,833 - __main__ - INFO - texture-related mAP: 0.0000
2025-05-13 11:10:40,833 - __main__ - INFO - fabric-related mAP: 0.0000
2025-05-13 11:10:40,833 - __main__ - INFO - shape-related mAP: 0.0000
2025-05-13 11:10:40,833 - __main__ - INFO - part-related mAP: 0.0000
2025-05-13 11:10:40,833 - __main__ - INFO - style-related mAP: 0.0000
2025-05-13 11:10:40,833 - __main__ - INFO - clothes category mAP: 0.0000
2025-05-13 11:10:40,833 - __main__ - INFO - clothes button mAP: 0.0000
2025-05-13 11:10:40,833 - __main__ - INFO - clothes color mAP: 0.0000
2025-05-13 11:10:40,833 - __main__ - INFO - clothes length mAP: 0.0000
2025-05-13 11:10:40,833 - __main__ - INFO - clothes pattern mAP: 0.0000
2025-05-13 11:10:40,833 - __main__ - INFO - clothes shape mAP: 0.0000
2025-05-13 11:10:40,833 - __main__ - INFO - collar shape mAP: 0.0000
2025-05-13 11:10:40,833 - __main__ - INFO - sleeve length mAP: 0.0000
2025-05-13 11:10:40,833 - __main__ - INFO - sleeve shape mAP: 0.0000
2025-05-13 11:10:40,833 - __main__ - INFO - MeanAP: 70.1594

2025-05-13 11:10:42,199 - __main__ - INFO - lr:7.290000000000001e-05
2025-05-13 11:10:44,031 - __main__ - INFO - Task id: 4	Train Epoch: 1 [0/20000]	Loss: 3.4190 (3.4190) 	Acc: 62.50% (62.50%)
2025-05-13 11:11:27,746 - __main__ - INFO - Task id: 4	Train Epoch: 1 [6400/20000]	Loss: 2.5276 (3.0877) 	Acc: 93.75% (72.97%)
2025-05-13 11:12:10,155 - __main__ - INFO - Task id: 4	Train Epoch: 1 [12800/20000]	Loss: 2.9991 (2.9385) 	Acc: 68.75% (78.78%)
2025-05-13 11:12:52,094 - __main__ - INFO - Task id: 4	Train Epoch: 1 [19200/20000]	Loss: 2.3925 (2.8542) 	Acc: 93.75% (81.54%)
2025-05-13 11:13:13,094 - __main__ - INFO - Task id: 4
2025-05-13 11:13:13,094 - __main__ - INFO - Train Epoch: 1
2025-05-13 11:13:13,094 - __main__ - INFO - skirt_length mAP: 0.0000
2025-05-13 11:13:13,094 - __main__ - INFO - sleeve_length mAP: 0.0000
2025-05-13 11:13:13,094 - __main__ - INFO - coat_length mAP: 0.0000
2025-05-13 11:13:13,094 - __main__ - INFO - pant_length mAP: 0.0000
2025-05-13 11:13:13,094 - __main__ - INFO - collar_design mAP: 61.7291
2025-05-13 11:13:13,094 - __main__ - INFO - lapel_design mAP: 0.0000
2025-05-13 11:13:13,094 - __main__ - INFO - neckline_design mAP: 0.0000
2025-05-13 11:13:13,094 - __main__ - INFO - neck_design mAP: 0.0000
2025-05-13 11:13:13,094 - __main__ - INFO - texture-related mAP: 0.0000
2025-05-13 11:13:13,094 - __main__ - INFO - fabric-related mAP: 0.0000
2025-05-13 11:13:13,094 - __main__ - INFO - shape-related mAP: 0.0000
2025-05-13 11:13:13,094 - __main__ - INFO - part-related mAP: 0.0000
2025-05-13 11:13:13,094 - __main__ - INFO - style-related mAP: 0.0000
2025-05-13 11:13:13,094 - __main__ - INFO - clothes category mAP: 0.0000
2025-05-13 11:13:13,094 - __main__ - INFO - clothes button mAP: 0.0000
2025-05-13 11:13:13,094 - __main__ - INFO - clothes color mAP: 0.0000
2025-05-13 11:13:13,094 - __main__ - INFO - clothes length mAP: 0.0000
2025-05-13 11:13:13,094 - __main__ - INFO - clothes pattern mAP: 0.0000
2025-05-13 11:13:13,094 - __main__ - INFO - clothes shape mAP: 0.0000
2025-05-13 11:13:13,094 - __main__ - INFO - collar shape mAP: 0.0000
2025-05-13 11:13:13,094 - __main__ - INFO - sleeve length mAP: 0.0000
2025-05-13 11:13:13,094 - __main__ - INFO - sleeve shape mAP: 0.0000
2025-05-13 11:13:13,094 - __main__ - INFO - MeanAP: 61.7291

2025-05-13 11:13:14,233 - __main__ - INFO - lr:0.0001
2025-05-13 11:13:14,992 - __main__ - INFO - Task id: 4	Train Epoch: 2 [0/20000]	Loss: 2.5428 (2.5428) 	Acc: 81.25% (81.25%)
2025-05-13 11:13:58,090 - __main__ - INFO - Task id: 4	Train Epoch: 2 [6400/20000]	Loss: 2.4978 (2.5793) 	Acc: 93.75% (89.50%)
2025-05-13 11:14:41,080 - __main__ - INFO - Task id: 4	Train Epoch: 2 [12800/20000]	Loss: 2.3901 (2.5264) 	Acc: 87.50% (90.95%)
2025-05-13 11:15:23,851 - __main__ - INFO - Task id: 4	Train Epoch: 2 [19200/20000]	Loss: 2.6927 (2.4856) 	Acc: 87.50% (91.59%)
2025-05-13 11:15:44,474 - __main__ - INFO - Task id: 4
2025-05-13 11:15:44,475 - __main__ - INFO - Train Epoch: 2
2025-05-13 11:15:44,475 - __main__ - INFO - skirt_length mAP: 0.0000
2025-05-13 11:15:44,475 - __main__ - INFO - sleeve_length mAP: 0.0000
2025-05-13 11:15:44,475 - __main__ - INFO - coat_length mAP: 0.0000
2025-05-13 11:15:44,475 - __main__ - INFO - pant_length mAP: 0.0000
2025-05-13 11:15:44,475 - __main__ - INFO - collar_design mAP: 64.9766
2025-05-13 11:15:44,475 - __main__ - INFO - lapel_design mAP: 0.0000
2025-05-13 11:15:44,475 - __main__ - INFO - neckline_design mAP: 0.0000
2025-05-13 11:15:44,475 - __main__ - INFO - neck_design mAP: 0.0000
2025-05-13 11:15:44,475 - __main__ - INFO - texture-related mAP: 0.0000
2025-05-13 11:15:44,475 - __main__ - INFO - fabric-related mAP: 0.0000
2025-05-13 11:15:44,475 - __main__ - INFO - shape-related mAP: 0.0000
2025-05-13 11:15:44,475 - __main__ - INFO - part-related mAP: 0.0000
2025-05-13 11:15:44,475 - __main__ - INFO - style-related mAP: 0.0000
2025-05-13 11:15:44,475 - __main__ - INFO - clothes category mAP: 0.0000
2025-05-13 11:15:44,475 - __main__ - INFO - clothes button mAP: 0.0000
2025-05-13 11:15:44,475 - __main__ - INFO - clothes color mAP: 0.0000
2025-05-13 11:15:44,475 - __main__ - INFO - clothes length mAP: 0.0000
2025-05-13 11:15:44,475 - __main__ - INFO - clothes pattern mAP: 0.0000
2025-05-13 11:15:44,475 - __main__ - INFO - clothes shape mAP: 0.0000
2025-05-13 11:15:44,475 - __main__ - INFO - collar shape mAP: 0.0000
2025-05-13 11:15:44,475 - __main__ - INFO - sleeve length mAP: 0.0000
2025-05-13 11:15:44,475 - __main__ - INFO - sleeve shape mAP: 0.0000
2025-05-13 11:15:44,475 - __main__ - INFO - MeanAP: 64.9766

2025-05-13 11:15:45,711 - __main__ - INFO - lr:0.0001
2025-05-13 11:15:46,445 - __main__ - INFO - Task id: 4	Train Epoch: 3 [0/20000]	Loss: 2.5562 (2.5562) 	Acc: 81.25% (81.25%)
2025-05-13 11:16:30,026 - __main__ - INFO - Task id: 4	Train Epoch: 3 [6400/20000]	Loss: 2.8066 (2.3528) 	Acc: 93.75% (93.87%)
2025-05-13 11:17:13,957 - __main__ - INFO - Task id: 4	Train Epoch: 3 [12800/20000]	Loss: 2.4205 (2.3341) 	Acc: 100.00% (94.19%)
2025-05-13 11:17:58,964 - __main__ - INFO - Task id: 4	Train Epoch: 3 [19200/20000]	Loss: 2.1835 (2.3138) 	Acc: 93.75% (94.65%)
2025-05-13 11:18:20,597 - __main__ - INFO - Task id: 4
2025-05-13 11:18:20,597 - __main__ - INFO - Train Epoch: 3
2025-05-13 11:18:20,597 - __main__ - INFO - skirt_length mAP: 0.0000
2025-05-13 11:18:20,598 - __main__ - INFO - sleeve_length mAP: 0.0000
2025-05-13 11:18:20,598 - __main__ - INFO - coat_length mAP: 0.0000
2025-05-13 11:18:20,598 - __main__ - INFO - pant_length mAP: 0.0000
2025-05-13 11:18:20,598 - __main__ - INFO - collar_design mAP: 69.1954
2025-05-13 11:18:20,598 - __main__ - INFO - lapel_design mAP: 0.0000
2025-05-13 11:18:20,598 - __main__ - INFO - neckline_design mAP: 0.0000
2025-05-13 11:18:20,598 - __main__ - INFO - neck_design mAP: 0.0000
2025-05-13 11:18:20,598 - __main__ - INFO - texture-related mAP: 0.0000
2025-05-13 11:18:20,598 - __main__ - INFO - fabric-related mAP: 0.0000
2025-05-13 11:18:20,598 - __main__ - INFO - shape-related mAP: 0.0000
2025-05-13 11:18:20,598 - __main__ - INFO - part-related mAP: 0.0000
2025-05-13 11:18:20,598 - __main__ - INFO - style-related mAP: 0.0000
2025-05-13 11:18:20,598 - __main__ - INFO - clothes category mAP: 0.0000
2025-05-13 11:18:20,598 - __main__ - INFO - clothes button mAP: 0.0000
2025-05-13 11:18:20,598 - __main__ - INFO - clothes color mAP: 0.0000
2025-05-13 11:18:20,598 - __main__ - INFO - clothes length mAP: 0.0000
2025-05-13 11:18:20,598 - __main__ - INFO - clothes pattern mAP: 0.0000
2025-05-13 11:18:20,598 - __main__ - INFO - clothes shape mAP: 0.0000
2025-05-13 11:18:20,598 - __main__ - INFO - collar shape mAP: 0.0000
2025-05-13 11:18:20,598 - __main__ - INFO - sleeve length mAP: 0.0000
2025-05-13 11:18:20,598 - __main__ - INFO - sleeve shape mAP: 0.0000
2025-05-13 11:18:20,598 - __main__ - INFO - MeanAP: 69.1954

2025-05-13 11:18:21,852 - __main__ - INFO - lr:9e-05
2025-05-13 11:18:22,583 - __main__ - INFO - Task id: 4	Train Epoch: 4 [0/20000]	Loss: 2.2621 (2.2621) 	Acc: 100.00% (100.00%)
2025-05-13 11:19:05,959 - __main__ - INFO - Task id: 4	Train Epoch: 4 [6400/20000]	Loss: 1.9325 (2.2177) 	Acc: 100.00% (96.48%)
2025-05-13 11:19:48,496 - __main__ - INFO - Task id: 4	Train Epoch: 4 [12800/20000]	Loss: 2.1416 (2.2035) 	Acc: 100.00% (96.64%)
2025-05-13 11:20:31,843 - __main__ - INFO - Task id: 4	Train Epoch: 4 [19200/20000]	Loss: 1.9024 (2.1859) 	Acc: 100.00% (96.73%)
2025-05-13 11:20:52,889 - __main__ - INFO - Task id: 4
2025-05-13 11:20:52,889 - __main__ - INFO - Train Epoch: 4
2025-05-13 11:20:52,889 - __main__ - INFO - skirt_length mAP: 0.0000
2025-05-13 11:20:52,889 - __main__ - INFO - sleeve_length mAP: 0.0000
2025-05-13 11:20:52,889 - __main__ - INFO - coat_length mAP: 0.0000
2025-05-13 11:20:52,889 - __main__ - INFO - pant_length mAP: 0.0000
2025-05-13 11:20:52,889 - __main__ - INFO - collar_design mAP: 68.7393
2025-05-13 11:20:52,889 - __main__ - INFO - lapel_design mAP: 0.0000
2025-05-13 11:20:52,889 - __main__ - INFO - neckline_design mAP: 0.0000
2025-05-13 11:20:52,889 - __main__ - INFO - neck_design mAP: 0.0000
2025-05-13 11:20:52,889 - __main__ - INFO - texture-related mAP: 0.0000
2025-05-13 11:20:52,889 - __main__ - INFO - fabric-related mAP: 0.0000
2025-05-13 11:20:52,889 - __main__ - INFO - shape-related mAP: 0.0000
2025-05-13 11:20:52,889 - __main__ - INFO - part-related mAP: 0.0000
2025-05-13 11:20:52,889 - __main__ - INFO - style-related mAP: 0.0000
2025-05-13 11:20:52,889 - __main__ - INFO - clothes category mAP: 0.0000
2025-05-13 11:20:52,889 - __main__ - INFO - clothes button mAP: 0.0000
2025-05-13 11:20:52,889 - __main__ - INFO - clothes color mAP: 0.0000
2025-05-13 11:20:52,890 - __main__ - INFO - clothes length mAP: 0.0000
2025-05-13 11:20:52,890 - __main__ - INFO - clothes pattern mAP: 0.0000
2025-05-13 11:20:52,890 - __main__ - INFO - clothes shape mAP: 0.0000
2025-05-13 11:20:52,890 - __main__ - INFO - collar shape mAP: 0.0000
2025-05-13 11:20:52,890 - __main__ - INFO - sleeve length mAP: 0.0000
2025-05-13 11:20:52,890 - __main__ - INFO - sleeve shape mAP: 0.0000
2025-05-13 11:20:52,890 - __main__ - INFO - MeanAP: 68.7393

2025-05-13 11:20:53,459 - __main__ - INFO - lr:9e-05
2025-05-13 11:20:54,222 - __main__ - INFO - Task id: 4	Train Epoch: 5 [0/20000]	Loss: 2.3315 (2.3315) 	Acc: 93.75% (93.75%)
2025-05-13 11:21:37,584 - __main__ - INFO - Task id: 4	Train Epoch: 5 [6400/20000]	Loss: 1.9843 (2.1300) 	Acc: 100.00% (97.49%)
2025-05-13 11:22:19,862 - __main__ - INFO - Task id: 4	Train Epoch: 5 [12800/20000]	Loss: 2.1712 (2.1138) 	Acc: 93.75% (97.89%)
2025-05-13 11:23:01,634 - __main__ - INFO - Task id: 4	Train Epoch: 5 [19200/20000]	Loss: 1.9034 (2.1024) 	Acc: 100.00% (97.92%)
2025-05-13 11:23:22,960 - __main__ - INFO - Task id: 4
2025-05-13 11:23:22,961 - __main__ - INFO - Train Epoch: 5
2025-05-13 11:23:22,961 - __main__ - INFO - skirt_length mAP: 0.0000
2025-05-13 11:23:22,961 - __main__ - INFO - sleeve_length mAP: 0.0000
2025-05-13 11:23:22,961 - __main__ - INFO - coat_length mAP: 0.0000
2025-05-13 11:23:22,961 - __main__ - INFO - pant_length mAP: 0.0000
2025-05-13 11:23:22,961 - __main__ - INFO - collar_design mAP: 69.1119
2025-05-13 11:23:22,961 - __main__ - INFO - lapel_design mAP: 0.0000
2025-05-13 11:23:22,961 - __main__ - INFO - neckline_design mAP: 0.0000
2025-05-13 11:23:22,961 - __main__ - INFO - neck_design mAP: 0.0000
2025-05-13 11:23:22,961 - __main__ - INFO - texture-related mAP: 0.0000
2025-05-13 11:23:22,961 - __main__ - INFO - fabric-related mAP: 0.0000
2025-05-13 11:23:22,961 - __main__ - INFO - shape-related mAP: 0.0000
2025-05-13 11:23:22,961 - __main__ - INFO - part-related mAP: 0.0000
2025-05-13 11:23:22,961 - __main__ - INFO - style-related mAP: 0.0000
2025-05-13 11:23:22,961 - __main__ - INFO - clothes category mAP: 0.0000
2025-05-13 11:23:22,961 - __main__ - INFO - clothes button mAP: 0.0000
2025-05-13 11:23:22,961 - __main__ - INFO - clothes color mAP: 0.0000
2025-05-13 11:23:22,961 - __main__ - INFO - clothes length mAP: 0.0000
2025-05-13 11:23:22,961 - __main__ - INFO - clothes pattern mAP: 0.0000
2025-05-13 11:23:22,961 - __main__ - INFO - clothes shape mAP: 0.0000
2025-05-13 11:23:22,961 - __main__ - INFO - collar shape mAP: 0.0000
2025-05-13 11:23:22,961 - __main__ - INFO - sleeve length mAP: 0.0000
2025-05-13 11:23:22,961 - __main__ - INFO - sleeve shape mAP: 0.0000
2025-05-13 11:23:22,961 - __main__ - INFO - MeanAP: 69.1119

2025-05-13 11:23:23,531 - __main__ - INFO - lr:9e-05
2025-05-13 11:23:24,270 - __main__ - INFO - Task id: 4	Train Epoch: 6 [0/20000]	Loss: 2.2710 (2.2710) 	Acc: 100.00% (100.00%)
2025-05-13 11:24:06,553 - __main__ - INFO - Task id: 4	Train Epoch: 6 [6400/20000]	Loss: 2.2006 (2.0811) 	Acc: 100.00% (98.38%)
2025-05-13 11:24:48,857 - __main__ - INFO - Task id: 4	Train Epoch: 6 [12800/20000]	Loss: 2.1118 (2.0751) 	Acc: 100.00% (98.31%)
2025-05-13 11:25:31,339 - __main__ - INFO - Task id: 4	Train Epoch: 6 [19200/20000]	Loss: 2.2187 (2.0670) 	Acc: 100.00% (98.37%)
2025-05-13 11:25:51,822 - __main__ - INFO - Task id: 4
2025-05-13 11:25:51,822 - __main__ - INFO - Train Epoch: 6
2025-05-13 11:25:51,822 - __main__ - INFO - skirt_length mAP: 0.0000
2025-05-13 11:25:51,822 - __main__ - INFO - sleeve_length mAP: 0.0000
2025-05-13 11:25:51,822 - __main__ - INFO - coat_length mAP: 0.0000
2025-05-13 11:25:51,822 - __main__ - INFO - pant_length mAP: 0.0000
2025-05-13 11:25:51,822 - __main__ - INFO - collar_design mAP: 68.6635
2025-05-13 11:25:51,822 - __main__ - INFO - lapel_design mAP: 0.0000
2025-05-13 11:25:51,822 - __main__ - INFO - neckline_design mAP: 0.0000
2025-05-13 11:25:51,822 - __main__ - INFO - neck_design mAP: 0.0000
2025-05-13 11:25:51,823 - __main__ - INFO - texture-related mAP: 0.0000
2025-05-13 11:25:51,823 - __main__ - INFO - fabric-related mAP: 0.0000
2025-05-13 11:25:51,823 - __main__ - INFO - shape-related mAP: 0.0000
2025-05-13 11:25:51,823 - __main__ - INFO - part-related mAP: 0.0000
2025-05-13 11:25:51,823 - __main__ - INFO - style-related mAP: 0.0000
2025-05-13 11:25:51,823 - __main__ - INFO - clothes category mAP: 0.0000
2025-05-13 11:25:51,823 - __main__ - INFO - clothes button mAP: 0.0000
2025-05-13 11:25:51,823 - __main__ - INFO - clothes color mAP: 0.0000
2025-05-13 11:25:51,823 - __main__ - INFO - clothes length mAP: 0.0000
2025-05-13 11:25:51,823 - __main__ - INFO - clothes pattern mAP: 0.0000
2025-05-13 11:25:51,823 - __main__ - INFO - clothes shape mAP: 0.0000
2025-05-13 11:25:51,823 - __main__ - INFO - collar shape mAP: 0.0000
2025-05-13 11:25:51,823 - __main__ - INFO - sleeve length mAP: 0.0000
2025-05-13 11:25:51,823 - __main__ - INFO - sleeve shape mAP: 0.0000
2025-05-13 11:25:51,823 - __main__ - INFO - MeanAP: 68.6635

2025-05-13 11:25:52,602 - __main__ - INFO - lr:8.1e-05
2025-05-13 11:25:53,350 - __main__ - INFO - Task id: 4	Train Epoch: 7 [0/20000]	Loss: 1.8206 (1.8206) 	Acc: 93.75% (93.75%)
2025-05-13 11:26:36,156 - __main__ - INFO - Task id: 4	Train Epoch: 7 [6400/20000]	Loss: 2.0162 (2.0099) 	Acc: 93.75% (98.75%)
2025-05-13 11:27:18,440 - __main__ - INFO - Task id: 4	Train Epoch: 7 [12800/20000]	Loss: 1.9066 (2.0052) 	Acc: 100.00% (98.87%)
2025-05-13 11:28:01,453 - __main__ - INFO - Task id: 4	Train Epoch: 7 [19200/20000]	Loss: 2.0647 (2.0053) 	Acc: 100.00% (98.96%)
2025-05-13 11:28:22,583 - __main__ - INFO - Task id: 4
2025-05-13 11:28:22,583 - __main__ - INFO - Train Epoch: 7
2025-05-13 11:28:22,583 - __main__ - INFO - skirt_length mAP: 0.0000
2025-05-13 11:28:22,583 - __main__ - INFO - sleeve_length mAP: 0.0000
2025-05-13 11:28:22,583 - __main__ - INFO - coat_length mAP: 0.0000
2025-05-13 11:28:22,583 - __main__ - INFO - pant_length mAP: 0.0000
2025-05-13 11:28:22,583 - __main__ - INFO - collar_design mAP: 69.4545
2025-05-13 11:28:22,583 - __main__ - INFO - lapel_design mAP: 0.0000
2025-05-13 11:28:22,583 - __main__ - INFO - neckline_design mAP: 0.0000
2025-05-13 11:28:22,583 - __main__ - INFO - neck_design mAP: 0.0000
2025-05-13 11:28:22,583 - __main__ - INFO - texture-related mAP: 0.0000
2025-05-13 11:28:22,583 - __main__ - INFO - fabric-related mAP: 0.0000
2025-05-13 11:28:22,583 - __main__ - INFO - shape-related mAP: 0.0000
2025-05-13 11:28:22,583 - __main__ - INFO - part-related mAP: 0.0000
2025-05-13 11:28:22,583 - __main__ - INFO - style-related mAP: 0.0000
2025-05-13 11:28:22,584 - __main__ - INFO - clothes category mAP: 0.0000
2025-05-13 11:28:22,584 - __main__ - INFO - clothes button mAP: 0.0000
2025-05-13 11:28:22,584 - __main__ - INFO - clothes color mAP: 0.0000
2025-05-13 11:28:22,584 - __main__ - INFO - clothes length mAP: 0.0000
2025-05-13 11:28:22,584 - __main__ - INFO - clothes pattern mAP: 0.0000
2025-05-13 11:28:22,584 - __main__ - INFO - clothes shape mAP: 0.0000
2025-05-13 11:28:22,584 - __main__ - INFO - collar shape mAP: 0.0000
2025-05-13 11:28:22,584 - __main__ - INFO - sleeve length mAP: 0.0000
2025-05-13 11:28:22,584 - __main__ - INFO - sleeve shape mAP: 0.0000
2025-05-13 11:28:22,584 - __main__ - INFO - MeanAP: 69.4545

2025-05-13 11:28:23,805 - __main__ - INFO - lr:8.1e-05
2025-05-13 11:28:24,549 - __main__ - INFO - Task id: 4	Train Epoch: 8 [0/20000]	Loss: 1.8751 (1.8751) 	Acc: 100.00% (100.00%)
2025-05-13 11:29:07,006 - __main__ - INFO - Task id: 4	Train Epoch: 8 [6400/20000]	Loss: 1.8674 (1.9919) 	Acc: 100.00% (99.31%)
2025-05-13 11:29:49,131 - __main__ - INFO - Task id: 4	Train Epoch: 8 [12800/20000]	Loss: 1.9735 (1.9926) 	Acc: 100.00% (99.24%)
2025-05-13 11:30:31,531 - __main__ - INFO - Task id: 4	Train Epoch: 8 [19200/20000]	Loss: 1.7918 (1.9916) 	Acc: 100.00% (99.20%)
2025-05-13 11:30:52,632 - __main__ - INFO - Task id: 4
2025-05-13 11:30:52,632 - __main__ - INFO - Train Epoch: 8
2025-05-13 11:30:52,632 - __main__ - INFO - skirt_length mAP: 0.0000
2025-05-13 11:30:52,632 - __main__ - INFO - sleeve_length mAP: 0.0000
2025-05-13 11:30:52,632 - __main__ - INFO - coat_length mAP: 0.0000
2025-05-13 11:30:52,632 - __main__ - INFO - pant_length mAP: 0.0000
2025-05-13 11:30:52,632 - __main__ - INFO - collar_design mAP: 68.7350
2025-05-13 11:30:52,632 - __main__ - INFO - lapel_design mAP: 0.0000
2025-05-13 11:30:52,632 - __main__ - INFO - neckline_design mAP: 0.0000
2025-05-13 11:30:52,632 - __main__ - INFO - neck_design mAP: 0.0000
2025-05-13 11:30:52,633 - __main__ - INFO - texture-related mAP: 0.0000
2025-05-13 11:30:52,633 - __main__ - INFO - fabric-related mAP: 0.0000
2025-05-13 11:30:52,633 - __main__ - INFO - shape-related mAP: 0.0000
2025-05-13 11:30:52,633 - __main__ - INFO - part-related mAP: 0.0000
2025-05-13 11:30:52,633 - __main__ - INFO - style-related mAP: 0.0000
2025-05-13 11:30:52,633 - __main__ - INFO - clothes category mAP: 0.0000
2025-05-13 11:30:52,633 - __main__ - INFO - clothes button mAP: 0.0000
2025-05-13 11:30:52,633 - __main__ - INFO - clothes color mAP: 0.0000
2025-05-13 11:30:52,633 - __main__ - INFO - clothes length mAP: 0.0000
2025-05-13 11:30:52,633 - __main__ - INFO - clothes pattern mAP: 0.0000
2025-05-13 11:30:52,633 - __main__ - INFO - clothes shape mAP: 0.0000
2025-05-13 11:30:52,633 - __main__ - INFO - collar shape mAP: 0.0000
2025-05-13 11:30:52,633 - __main__ - INFO - sleeve length mAP: 0.0000
2025-05-13 11:30:52,633 - __main__ - INFO - sleeve shape mAP: 0.0000
2025-05-13 11:30:52,633 - __main__ - INFO - MeanAP: 68.7350

2025-05-13 11:30:53,212 - __main__ - INFO - lr:8.1e-05
2025-05-13 11:30:53,920 - __main__ - INFO - Task id: 4	Train Epoch: 9 [0/20000]	Loss: 1.9875 (1.9875) 	Acc: 100.00% (100.00%)
2025-05-13 11:31:36,871 - __main__ - INFO - Task id: 4	Train Epoch: 9 [6400/20000]	Loss: 1.8805 (1.9807) 	Acc: 100.00% (99.28%)
2025-05-13 11:32:19,837 - __main__ - INFO - Task id: 4	Train Epoch: 9 [12800/20000]	Loss: 1.7935 (1.9790) 	Acc: 100.00% (99.32%)
2025-05-13 11:33:02,490 - __main__ - INFO - Task id: 4	Train Epoch: 9 [19200/20000]	Loss: 1.8016 (1.9761) 	Acc: 100.00% (99.34%)
2025-05-13 11:33:23,856 - __main__ - INFO - Task id: 4
2025-05-13 11:33:23,856 - __main__ - INFO - Train Epoch: 9
2025-05-13 11:33:23,856 - __main__ - INFO - skirt_length mAP: 0.0000
2025-05-13 11:33:23,856 - __main__ - INFO - sleeve_length mAP: 0.0000
2025-05-13 11:33:23,856 - __main__ - INFO - coat_length mAP: 0.0000
2025-05-13 11:33:23,857 - __main__ - INFO - pant_length mAP: 0.0000
2025-05-13 11:33:23,857 - __main__ - INFO - collar_design mAP: 71.2067
2025-05-13 11:33:23,857 - __main__ - INFO - lapel_design mAP: 0.0000
2025-05-13 11:33:23,857 - __main__ - INFO - neckline_design mAP: 0.0000
2025-05-13 11:33:23,857 - __main__ - INFO - neck_design mAP: 0.0000
2025-05-13 11:33:23,857 - __main__ - INFO - texture-related mAP: 0.0000
2025-05-13 11:33:23,857 - __main__ - INFO - fabric-related mAP: 0.0000
2025-05-13 11:33:23,857 - __main__ - INFO - shape-related mAP: 0.0000
2025-05-13 11:33:23,857 - __main__ - INFO - part-related mAP: 0.0000
2025-05-13 11:33:23,857 - __main__ - INFO - style-related mAP: 0.0000
2025-05-13 11:33:23,857 - __main__ - INFO - clothes category mAP: 0.0000
2025-05-13 11:33:23,857 - __main__ - INFO - clothes button mAP: 0.0000
2025-05-13 11:33:23,857 - __main__ - INFO - clothes color mAP: 0.0000
2025-05-13 11:33:23,857 - __main__ - INFO - clothes length mAP: 0.0000
2025-05-13 11:33:23,857 - __main__ - INFO - clothes pattern mAP: 0.0000
2025-05-13 11:33:23,857 - __main__ - INFO - clothes shape mAP: 0.0000
2025-05-13 11:33:23,857 - __main__ - INFO - collar shape mAP: 0.0000
2025-05-13 11:33:23,857 - __main__ - INFO - sleeve length mAP: 0.0000
2025-05-13 11:33:23,857 - __main__ - INFO - sleeve shape mAP: 0.0000
2025-05-13 11:33:23,857 - __main__ - INFO - MeanAP: 71.2067

2025-05-13 11:33:25,255 - __main__ - INFO - lr:7.290000000000001e-05
2025-05-13 11:33:25,954 - __main__ - INFO - Task id: 4	Train Epoch: 10 [0/20000]	Loss: 2.0845 (2.0845) 	Acc: 100.00% (100.00%)
2025-05-13 11:34:08,865 - __main__ - INFO - Task id: 4	Train Epoch: 10 [6400/20000]	Loss: 1.9615 (1.9630) 	Acc: 100.00% (99.41%)
2025-05-13 11:34:51,616 - __main__ - INFO - Task id: 4	Train Epoch: 10 [12800/20000]	Loss: 1.9253 (1.9569) 	Acc: 100.00% (99.52%)
2025-05-13 11:35:34,213 - __main__ - INFO - Task id: 4	Train Epoch: 10 [19200/20000]	Loss: 2.0525 (1.9585) 	Acc: 100.00% (99.47%)
2025-05-13 11:35:55,519 - __main__ - INFO - Task id: 4
2025-05-13 11:35:55,519 - __main__ - INFO - Train Epoch: 10
2025-05-13 11:35:55,519 - __main__ - INFO - skirt_length mAP: 0.0000
2025-05-13 11:35:55,519 - __main__ - INFO - sleeve_length mAP: 0.0000
2025-05-13 11:35:55,519 - __main__ - INFO - coat_length mAP: 0.0000
2025-05-13 11:35:55,520 - __main__ - INFO - pant_length mAP: 0.0000
2025-05-13 11:35:55,520 - __main__ - INFO - collar_design mAP: 69.8029
2025-05-13 11:35:55,520 - __main__ - INFO - lapel_design mAP: 0.0000
2025-05-13 11:35:55,520 - __main__ - INFO - neckline_design mAP: 0.0000
2025-05-13 11:35:55,520 - __main__ - INFO - neck_design mAP: 0.0000
2025-05-13 11:35:55,520 - __main__ - INFO - texture-related mAP: 0.0000
2025-05-13 11:35:55,520 - __main__ - INFO - fabric-related mAP: 0.0000
2025-05-13 11:35:55,520 - __main__ - INFO - shape-related mAP: 0.0000
2025-05-13 11:35:55,520 - __main__ - INFO - part-related mAP: 0.0000
2025-05-13 11:35:55,520 - __main__ - INFO - style-related mAP: 0.0000
2025-05-13 11:35:55,520 - __main__ - INFO - clothes category mAP: 0.0000
2025-05-13 11:35:55,520 - __main__ - INFO - clothes button mAP: 0.0000
2025-05-13 11:35:55,520 - __main__ - INFO - clothes color mAP: 0.0000
2025-05-13 11:35:55,520 - __main__ - INFO - clothes length mAP: 0.0000
2025-05-13 11:35:55,520 - __main__ - INFO - clothes pattern mAP: 0.0000
2025-05-13 11:35:55,520 - __main__ - INFO - clothes shape mAP: 0.0000
2025-05-13 11:35:55,520 - __main__ - INFO - collar shape mAP: 0.0000
2025-05-13 11:35:55,520 - __main__ - INFO - sleeve length mAP: 0.0000
2025-05-13 11:35:55,520 - __main__ - INFO - sleeve shape mAP: 0.0000
2025-05-13 11:35:55,520 - __main__ - INFO - MeanAP: 69.8029

2025-05-13 11:35:56,101 - __main__ - INFO - lr:7.290000000000001e-05
2025-05-13 11:35:57,725 - __main__ - INFO - Task id: 5	Train Epoch: 1 [0/20000]	Loss: 3.4224 (3.4224) 	Acc: 56.25% (56.25%)
2025-05-13 11:36:42,263 - __main__ - INFO - Task id: 5	Train Epoch: 1 [6400/20000]	Loss: 3.2214 (3.3331) 	Acc: 75.00% (61.03%)
2025-05-13 11:37:24,730 - __main__ - INFO - Task id: 5	Train Epoch: 1 [12800/20000]	Loss: 2.9984 (3.2248) 	Acc: 75.00% (67.70%)
2025-05-13 11:38:07,189 - __main__ - INFO - Task id: 5	Train Epoch: 1 [19200/20000]	Loss: 2.6022 (3.1361) 	Acc: 87.50% (71.90%)
2025-05-13 11:38:30,254 - __main__ - INFO - Task id: 5
2025-05-13 11:38:30,254 - __main__ - INFO - Train Epoch: 1
2025-05-13 11:38:30,254 - __main__ - INFO - skirt_length mAP: 0.0000
2025-05-13 11:38:30,254 - __main__ - INFO - sleeve_length mAP: 0.0000
2025-05-13 11:38:30,255 - __main__ - INFO - coat_length mAP: 0.0000
2025-05-13 11:38:30,255 - __main__ - INFO - pant_length mAP: 0.0000
2025-05-13 11:38:30,255 - __main__ - INFO - collar_design mAP: 0.0000
2025-05-13 11:38:30,255 - __main__ - INFO - lapel_design mAP: 50.2549
2025-05-13 11:38:30,255 - __main__ - INFO - neckline_design mAP: 0.0000
2025-05-13 11:38:30,255 - __main__ - INFO - neck_design mAP: 0.0000
2025-05-13 11:38:30,255 - __main__ - INFO - texture-related mAP: 0.0000
2025-05-13 11:38:30,255 - __main__ - INFO - fabric-related mAP: 0.0000
2025-05-13 11:38:30,255 - __main__ - INFO - shape-related mAP: 0.0000
2025-05-13 11:38:30,255 - __main__ - INFO - part-related mAP: 0.0000
2025-05-13 11:38:30,255 - __main__ - INFO - style-related mAP: 0.0000
2025-05-13 11:38:30,255 - __main__ - INFO - clothes category mAP: 0.0000
2025-05-13 11:38:30,255 - __main__ - INFO - clothes button mAP: 0.0000
2025-05-13 11:38:30,255 - __main__ - INFO - clothes color mAP: 0.0000
2025-05-13 11:38:30,255 - __main__ - INFO - clothes length mAP: 0.0000
2025-05-13 11:38:30,255 - __main__ - INFO - clothes pattern mAP: 0.0000
2025-05-13 11:38:30,255 - __main__ - INFO - clothes shape mAP: 0.0000
2025-05-13 11:38:30,255 - __main__ - INFO - collar shape mAP: 0.0000
2025-05-13 11:38:30,255 - __main__ - INFO - sleeve length mAP: 0.0000
2025-05-13 11:38:30,255 - __main__ - INFO - sleeve shape mAP: 0.0000
2025-05-13 11:38:30,255 - __main__ - INFO - MeanAP: 50.2549

2025-05-13 11:38:31,215 - __main__ - INFO - lr:0.0001
2025-05-13 11:38:31,952 - __main__ - INFO - Task id: 5	Train Epoch: 2 [0/20000]	Loss: 2.5292 (2.5292) 	Acc: 93.75% (93.75%)
2025-05-13 11:39:15,995 - __main__ - INFO - Task id: 5	Train Epoch: 2 [6400/20000]	Loss: 2.5409 (2.8519) 	Acc: 93.75% (84.27%)
2025-05-13 11:40:00,220 - __main__ - INFO - Task id: 5	Train Epoch: 2 [12800/20000]	Loss: 2.5199 (2.8097) 	Acc: 93.75% (85.00%)
2025-05-13 11:40:43,810 - __main__ - INFO - Task id: 5	Train Epoch: 2 [19200/20000]	Loss: 2.6957 (2.7672) 	Acc: 81.25% (86.20%)
2025-05-13 11:41:07,338 - __main__ - INFO - Task id: 5
2025-05-13 11:41:07,339 - __main__ - INFO - Train Epoch: 2
2025-05-13 11:41:07,339 - __main__ - INFO - skirt_length mAP: 0.0000
2025-05-13 11:41:07,339 - __main__ - INFO - sleeve_length mAP: 0.0000
2025-05-13 11:41:07,339 - __main__ - INFO - coat_length mAP: 0.0000
2025-05-13 11:41:07,339 - __main__ - INFO - pant_length mAP: 0.0000
2025-05-13 11:41:07,339 - __main__ - INFO - collar_design mAP: 0.0000
2025-05-13 11:41:07,339 - __main__ - INFO - lapel_design mAP: 63.2065
2025-05-13 11:41:07,339 - __main__ - INFO - neckline_design mAP: 0.0000
2025-05-13 11:41:07,339 - __main__ - INFO - neck_design mAP: 0.0000
2025-05-13 11:41:07,339 - __main__ - INFO - texture-related mAP: 0.0000
2025-05-13 11:41:07,339 - __main__ - INFO - fabric-related mAP: 0.0000
2025-05-13 11:41:07,339 - __main__ - INFO - shape-related mAP: 0.0000
2025-05-13 11:41:07,339 - __main__ - INFO - part-related mAP: 0.0000
2025-05-13 11:41:07,339 - __main__ - INFO - style-related mAP: 0.0000
2025-05-13 11:41:07,339 - __main__ - INFO - clothes category mAP: 0.0000
2025-05-13 11:41:07,339 - __main__ - INFO - clothes button mAP: 0.0000
2025-05-13 11:41:07,339 - __main__ - INFO - clothes color mAP: 0.0000
2025-05-13 11:41:07,339 - __main__ - INFO - clothes length mAP: 0.0000
2025-05-13 11:41:07,339 - __main__ - INFO - clothes pattern mAP: 0.0000
2025-05-13 11:41:07,339 - __main__ - INFO - clothes shape mAP: 0.0000
2025-05-13 11:41:07,339 - __main__ - INFO - collar shape mAP: 0.0000
2025-05-13 11:41:07,339 - __main__ - INFO - sleeve length mAP: 0.0000
2025-05-13 11:41:07,339 - __main__ - INFO - sleeve shape mAP: 0.0000
2025-05-13 11:41:07,339 - __main__ - INFO - MeanAP: 63.2065

2025-05-13 11:41:08,550 - __main__ - INFO - lr:0.0001
2025-05-13 11:41:09,280 - __main__ - INFO - Task id: 5	Train Epoch: 3 [0/20000]	Loss: 2.6985 (2.6985) 	Acc: 81.25% (81.25%)
2025-05-13 11:41:52,995 - __main__ - INFO - Task id: 5	Train Epoch: 3 [6400/20000]	Loss: 2.9342 (2.5570) 	Acc: 68.75% (90.51%)
2025-05-13 11:42:36,116 - __main__ - INFO - Task id: 5	Train Epoch: 3 [12800/20000]	Loss: 2.2252 (2.5184) 	Acc: 87.50% (91.57%)
2025-05-13 11:43:18,858 - __main__ - INFO - Task id: 5	Train Epoch: 3 [19200/20000]	Loss: 1.9936 (2.4801) 	Acc: 100.00% (92.28%)
2025-05-13 11:43:41,736 - __main__ - INFO - Task id: 5
2025-05-13 11:43:41,737 - __main__ - INFO - Train Epoch: 3
2025-05-13 11:43:41,737 - __main__ - INFO - skirt_length mAP: 0.0000
2025-05-13 11:43:41,737 - __main__ - INFO - sleeve_length mAP: 0.0000
2025-05-13 11:43:41,737 - __main__ - INFO - coat_length mAP: 0.0000
2025-05-13 11:43:41,737 - __main__ - INFO - pant_length mAP: 0.0000
2025-05-13 11:43:41,737 - __main__ - INFO - collar_design mAP: 0.0000
2025-05-13 11:43:41,737 - __main__ - INFO - lapel_design mAP: 64.9679
2025-05-13 11:43:41,737 - __main__ - INFO - neckline_design mAP: 0.0000
2025-05-13 11:43:41,737 - __main__ - INFO - neck_design mAP: 0.0000
2025-05-13 11:43:41,737 - __main__ - INFO - texture-related mAP: 0.0000
2025-05-13 11:43:41,737 - __main__ - INFO - fabric-related mAP: 0.0000
2025-05-13 11:43:41,737 - __main__ - INFO - shape-related mAP: 0.0000
2025-05-13 11:43:41,737 - __main__ - INFO - part-related mAP: 0.0000
2025-05-13 11:43:41,737 - __main__ - INFO - style-related mAP: 0.0000
2025-05-13 11:43:41,737 - __main__ - INFO - clothes category mAP: 0.0000
2025-05-13 11:43:41,737 - __main__ - INFO - clothes button mAP: 0.0000
2025-05-13 11:43:41,737 - __main__ - INFO - clothes color mAP: 0.0000
2025-05-13 11:43:41,737 - __main__ - INFO - clothes length mAP: 0.0000
2025-05-13 11:43:41,737 - __main__ - INFO - clothes pattern mAP: 0.0000
2025-05-13 11:43:41,737 - __main__ - INFO - clothes shape mAP: 0.0000
2025-05-13 11:43:41,737 - __main__ - INFO - collar shape mAP: 0.0000
2025-05-13 11:43:41,737 - __main__ - INFO - sleeve length mAP: 0.0000
2025-05-13 11:43:41,738 - __main__ - INFO - sleeve shape mAP: 0.0000
2025-05-13 11:43:41,738 - __main__ - INFO - MeanAP: 64.9679

2025-05-13 11:43:42,933 - __main__ - INFO - lr:9e-05
2025-05-13 11:43:43,671 - __main__ - INFO - Task id: 5	Train Epoch: 4 [0/20000]	Loss: 2.4265 (2.4265) 	Acc: 93.75% (93.75%)
2025-05-13 11:44:26,756 - __main__ - INFO - Task id: 5	Train Epoch: 4 [6400/20000]	Loss: 2.5744 (2.3218) 	Acc: 87.50% (95.54%)
2025-05-13 11:45:09,904 - __main__ - INFO - Task id: 5	Train Epoch: 4 [12800/20000]	Loss: 2.2788 (2.2979) 	Acc: 93.75% (95.65%)
2025-05-13 11:45:52,810 - __main__ - INFO - Task id: 5	Train Epoch: 4 [19200/20000]	Loss: 2.0760 (2.2652) 	Acc: 100.00% (96.00%)
2025-05-13 11:46:15,793 - __main__ - INFO - Task id: 5
2025-05-13 11:46:15,793 - __main__ - INFO - Train Epoch: 4
2025-05-13 11:46:15,793 - __main__ - INFO - skirt_length mAP: 0.0000
2025-05-13 11:46:15,793 - __main__ - INFO - sleeve_length mAP: 0.0000
2025-05-13 11:46:15,793 - __main__ - INFO - coat_length mAP: 0.0000
2025-05-13 11:46:15,793 - __main__ - INFO - pant_length mAP: 0.0000
2025-05-13 11:46:15,793 - __main__ - INFO - collar_design mAP: 0.0000
2025-05-13 11:46:15,793 - __main__ - INFO - lapel_design mAP: 67.4083
2025-05-13 11:46:15,793 - __main__ - INFO - neckline_design mAP: 0.0000
2025-05-13 11:46:15,793 - __main__ - INFO - neck_design mAP: 0.0000
2025-05-13 11:46:15,793 - __main__ - INFO - texture-related mAP: 0.0000
2025-05-13 11:46:15,794 - __main__ - INFO - fabric-related mAP: 0.0000
2025-05-13 11:46:15,794 - __main__ - INFO - shape-related mAP: 0.0000
2025-05-13 11:46:15,794 - __main__ - INFO - part-related mAP: 0.0000
2025-05-13 11:46:15,794 - __main__ - INFO - style-related mAP: 0.0000
2025-05-13 11:46:15,794 - __main__ - INFO - clothes category mAP: 0.0000
2025-05-13 11:46:15,794 - __main__ - INFO - clothes button mAP: 0.0000
2025-05-13 11:46:15,794 - __main__ - INFO - clothes color mAP: 0.0000
2025-05-13 11:46:15,794 - __main__ - INFO - clothes length mAP: 0.0000
2025-05-13 11:46:15,794 - __main__ - INFO - clothes pattern mAP: 0.0000
2025-05-13 11:46:15,794 - __main__ - INFO - clothes shape mAP: 0.0000
2025-05-13 11:46:15,794 - __main__ - INFO - collar shape mAP: 0.0000
2025-05-13 11:46:15,794 - __main__ - INFO - sleeve length mAP: 0.0000
2025-05-13 11:46:15,794 - __main__ - INFO - sleeve shape mAP: 0.0000
2025-05-13 11:46:15,794 - __main__ - INFO - MeanAP: 67.4083

2025-05-13 11:46:17,011 - __main__ - INFO - lr:9e-05
2025-05-13 11:46:17,794 - __main__ - INFO - Task id: 5	Train Epoch: 5 [0/20000]	Loss: 2.5876 (2.5876) 	Acc: 100.00% (100.00%)
2025-05-13 11:47:00,133 - __main__ - INFO - Task id: 5	Train Epoch: 5 [6400/20000]	Loss: 2.0820 (2.1781) 	Acc: 100.00% (97.15%)
2025-05-13 11:47:41,977 - __main__ - INFO - Task id: 5	Train Epoch: 5 [12800/20000]	Loss: 1.9957 (2.1644) 	Acc: 100.00% (97.22%)
2025-05-13 11:48:23,988 - __main__ - INFO - Task id: 5	Train Epoch: 5 [19200/20000]	Loss: 2.0144 (2.1509) 	Acc: 93.75% (97.47%)
2025-05-13 11:48:46,839 - __main__ - INFO - Task id: 5
2025-05-13 11:48:46,839 - __main__ - INFO - Train Epoch: 5
2025-05-13 11:48:46,839 - __main__ - INFO - skirt_length mAP: 0.0000
2025-05-13 11:48:46,839 - __main__ - INFO - sleeve_length mAP: 0.0000
2025-05-13 11:48:46,839 - __main__ - INFO - coat_length mAP: 0.0000
2025-05-13 11:48:46,840 - __main__ - INFO - pant_length mAP: 0.0000
2025-05-13 11:48:46,840 - __main__ - INFO - collar_design mAP: 0.0000
2025-05-13 11:48:46,840 - __main__ - INFO - lapel_design mAP: 65.4851
2025-05-13 11:48:46,840 - __main__ - INFO - neckline_design mAP: 0.0000
2025-05-13 11:48:46,840 - __main__ - INFO - neck_design mAP: 0.0000
2025-05-13 11:48:46,840 - __main__ - INFO - texture-related mAP: 0.0000
2025-05-13 11:48:46,840 - __main__ - INFO - fabric-related mAP: 0.0000
2025-05-13 11:48:46,840 - __main__ - INFO - shape-related mAP: 0.0000
2025-05-13 11:48:46,840 - __main__ - INFO - part-related mAP: 0.0000
2025-05-13 11:48:46,840 - __main__ - INFO - style-related mAP: 0.0000
2025-05-13 11:48:46,840 - __main__ - INFO - clothes category mAP: 0.0000
2025-05-13 11:48:46,840 - __main__ - INFO - clothes button mAP: 0.0000
2025-05-13 11:48:46,840 - __main__ - INFO - clothes color mAP: 0.0000
2025-05-13 11:48:46,840 - __main__ - INFO - clothes length mAP: 0.0000
2025-05-13 11:48:46,840 - __main__ - INFO - clothes pattern mAP: 0.0000
2025-05-13 11:48:46,840 - __main__ - INFO - clothes shape mAP: 0.0000
2025-05-13 11:48:46,840 - __main__ - INFO - collar shape mAP: 0.0000
2025-05-13 11:48:46,840 - __main__ - INFO - sleeve length mAP: 0.0000
2025-05-13 11:48:46,840 - __main__ - INFO - sleeve shape mAP: 0.0000
2025-05-13 11:48:46,840 - __main__ - INFO - MeanAP: 65.4851

2025-05-13 11:48:47,403 - __main__ - INFO - lr:9e-05
2025-05-13 11:48:48,150 - __main__ - INFO - Task id: 5	Train Epoch: 6 [0/20000]	Loss: 1.9401 (1.9401) 	Acc: 100.00% (100.00%)
2025-05-13 11:49:31,420 - __main__ - INFO - Task id: 5	Train Epoch: 6 [6400/20000]	Loss: 2.3500 (2.1031) 	Acc: 93.75% (97.85%)
2025-05-13 11:50:13,907 - __main__ - INFO - Task id: 5	Train Epoch: 6 [12800/20000]	Loss: 2.3495 (2.0954) 	Acc: 100.00% (97.93%)
2025-05-13 11:50:56,024 - __main__ - INFO - Task id: 5	Train Epoch: 6 [19200/20000]	Loss: 1.8179 (2.0824) 	Acc: 100.00% (98.08%)
2025-05-13 11:51:19,532 - __main__ - INFO - Task id: 5
2025-05-13 11:51:19,532 - __main__ - INFO - Train Epoch: 6
2025-05-13 11:51:19,532 - __main__ - INFO - skirt_length mAP: 0.0000
2025-05-13 11:51:19,532 - __main__ - INFO - sleeve_length mAP: 0.0000
2025-05-13 11:51:19,532 - __main__ - INFO - coat_length mAP: 0.0000
2025-05-13 11:51:19,532 - __main__ - INFO - pant_length mAP: 0.0000
2025-05-13 11:51:19,532 - __main__ - INFO - collar_design mAP: 0.0000
2025-05-13 11:51:19,532 - __main__ - INFO - lapel_design mAP: 67.9269
2025-05-13 11:51:19,532 - __main__ - INFO - neckline_design mAP: 0.0000
2025-05-13 11:51:19,532 - __main__ - INFO - neck_design mAP: 0.0000
2025-05-13 11:51:19,533 - __main__ - INFO - texture-related mAP: 0.0000
2025-05-13 11:51:19,533 - __main__ - INFO - fabric-related mAP: 0.0000
2025-05-13 11:51:19,533 - __main__ - INFO - shape-related mAP: 0.0000
2025-05-13 11:51:19,533 - __main__ - INFO - part-related mAP: 0.0000
2025-05-13 11:51:19,533 - __main__ - INFO - style-related mAP: 0.0000
2025-05-13 11:51:19,533 - __main__ - INFO - clothes category mAP: 0.0000
2025-05-13 11:51:19,533 - __main__ - INFO - clothes button mAP: 0.0000
2025-05-13 11:51:19,533 - __main__ - INFO - clothes color mAP: 0.0000
2025-05-13 11:51:19,533 - __main__ - INFO - clothes length mAP: 0.0000
2025-05-13 11:51:19,533 - __main__ - INFO - clothes pattern mAP: 0.0000
2025-05-13 11:51:19,533 - __main__ - INFO - clothes shape mAP: 0.0000
2025-05-13 11:51:19,533 - __main__ - INFO - collar shape mAP: 0.0000
2025-05-13 11:51:19,533 - __main__ - INFO - sleeve length mAP: 0.0000
2025-05-13 11:51:19,533 - __main__ - INFO - sleeve shape mAP: 0.0000
2025-05-13 11:51:19,533 - __main__ - INFO - MeanAP: 67.9269

2025-05-13 11:51:20,710 - __main__ - INFO - lr:8.1e-05
2025-05-13 11:51:21,427 - __main__ - INFO - Task id: 5	Train Epoch: 7 [0/20000]	Loss: 1.8710 (1.8710) 	Acc: 100.00% (100.00%)
2025-05-13 11:52:04,706 - __main__ - INFO - Task id: 5	Train Epoch: 7 [6400/20000]	Loss: 1.9802 (2.0603) 	Acc: 100.00% (98.55%)
2025-05-13 11:52:47,786 - __main__ - INFO - Task id: 5	Train Epoch: 7 [12800/20000]	Loss: 2.1255 (2.0439) 	Acc: 100.00% (98.70%)
2025-05-13 11:53:30,406 - __main__ - INFO - Task id: 5	Train Epoch: 7 [19200/20000]	Loss: 2.1887 (2.0371) 	Acc: 100.00% (98.81%)
2025-05-13 11:53:53,777 - __main__ - INFO - Task id: 5
2025-05-13 11:53:53,777 - __main__ - INFO - Train Epoch: 7
2025-05-13 11:53:53,778 - __main__ - INFO - skirt_length mAP: 0.0000
2025-05-13 11:53:53,778 - __main__ - INFO - sleeve_length mAP: 0.0000
2025-05-13 11:53:53,778 - __main__ - INFO - coat_length mAP: 0.0000
2025-05-13 11:53:53,778 - __main__ - INFO - pant_length mAP: 0.0000
2025-05-13 11:53:53,778 - __main__ - INFO - collar_design mAP: 0.0000
2025-05-13 11:53:53,778 - __main__ - INFO - lapel_design mAP: 69.1367
2025-05-13 11:53:53,778 - __main__ - INFO - neckline_design mAP: 0.0000
2025-05-13 11:53:53,778 - __main__ - INFO - neck_design mAP: 0.0000
2025-05-13 11:53:53,778 - __main__ - INFO - texture-related mAP: 0.0000
2025-05-13 11:53:53,778 - __main__ - INFO - fabric-related mAP: 0.0000
2025-05-13 11:53:53,778 - __main__ - INFO - shape-related mAP: 0.0000
2025-05-13 11:53:53,778 - __main__ - INFO - part-related mAP: 0.0000
2025-05-13 11:53:53,778 - __main__ - INFO - style-related mAP: 0.0000
2025-05-13 11:53:53,778 - __main__ - INFO - clothes category mAP: 0.0000
2025-05-13 11:53:53,778 - __main__ - INFO - clothes button mAP: 0.0000
2025-05-13 11:53:53,778 - __main__ - INFO - clothes color mAP: 0.0000
2025-05-13 11:53:53,778 - __main__ - INFO - clothes length mAP: 0.0000
2025-05-13 11:53:53,778 - __main__ - INFO - clothes pattern mAP: 0.0000
2025-05-13 11:53:53,778 - __main__ - INFO - clothes shape mAP: 0.0000
2025-05-13 11:53:53,778 - __main__ - INFO - collar shape mAP: 0.0000
2025-05-13 11:53:53,778 - __main__ - INFO - sleeve length mAP: 0.0000
2025-05-13 11:53:53,778 - __main__ - INFO - sleeve shape mAP: 0.0000
2025-05-13 11:53:53,778 - __main__ - INFO - MeanAP: 69.1367

2025-05-13 11:53:54,949 - __main__ - INFO - lr:8.1e-05
2025-05-13 11:53:55,718 - __main__ - INFO - Task id: 5	Train Epoch: 8 [0/20000]	Loss: 2.0931 (2.0931) 	Acc: 100.00% (100.00%)
2025-05-13 11:54:38,544 - __main__ - INFO - Task id: 5	Train Epoch: 8 [6400/20000]	Loss: 2.1617 (2.0225) 	Acc: 100.00% (98.94%)
2025-05-13 11:55:20,909 - __main__ - INFO - Task id: 5	Train Epoch: 8 [12800/20000]	Loss: 1.8653 (2.0127) 	Acc: 100.00% (98.99%)
2025-05-13 11:56:03,213 - __main__ - INFO - Task id: 5	Train Epoch: 8 [19200/20000]	Loss: 2.0064 (2.0090) 	Acc: 100.00% (99.05%)
2025-05-13 11:56:28,371 - __main__ - INFO - Task id: 5
2025-05-13 11:56:28,371 - __main__ - INFO - Train Epoch: 8
2025-05-13 11:56:28,371 - __main__ - INFO - skirt_length mAP: 0.0000
2025-05-13 11:56:28,371 - __main__ - INFO - sleeve_length mAP: 0.0000
2025-05-13 11:56:28,371 - __main__ - INFO - coat_length mAP: 0.0000
2025-05-13 11:56:28,371 - __main__ - INFO - pant_length mAP: 0.0000
2025-05-13 11:56:28,371 - __main__ - INFO - collar_design mAP: 0.0000
2025-05-13 11:56:28,371 - __main__ - INFO - lapel_design mAP: 67.1269
2025-05-13 11:56:28,371 - __main__ - INFO - neckline_design mAP: 0.0000
2025-05-13 11:56:28,371 - __main__ - INFO - neck_design mAP: 0.0000
2025-05-13 11:56:28,371 - __main__ - INFO - texture-related mAP: 0.0000
2025-05-13 11:56:28,371 - __main__ - INFO - fabric-related mAP: 0.0000
2025-05-13 11:56:28,371 - __main__ - INFO - shape-related mAP: 0.0000
2025-05-13 11:56:28,371 - __main__ - INFO - part-related mAP: 0.0000
2025-05-13 11:56:28,371 - __main__ - INFO - style-related mAP: 0.0000
2025-05-13 11:56:28,372 - __main__ - INFO - clothes category mAP: 0.0000
2025-05-13 11:56:28,372 - __main__ - INFO - clothes button mAP: 0.0000
2025-05-13 11:56:28,372 - __main__ - INFO - clothes color mAP: 0.0000
2025-05-13 11:56:28,372 - __main__ - INFO - clothes length mAP: 0.0000
2025-05-13 11:56:28,372 - __main__ - INFO - clothes pattern mAP: 0.0000
2025-05-13 11:56:28,372 - __main__ - INFO - clothes shape mAP: 0.0000
2025-05-13 11:56:28,372 - __main__ - INFO - collar shape mAP: 0.0000
2025-05-13 11:56:28,372 - __main__ - INFO - sleeve length mAP: 0.0000
2025-05-13 11:56:28,372 - __main__ - INFO - sleeve shape mAP: 0.0000
2025-05-13 11:56:28,372 - __main__ - INFO - MeanAP: 67.1269

2025-05-13 11:56:28,960 - __main__ - INFO - lr:8.1e-05
2025-05-13 11:56:29,715 - __main__ - INFO - Task id: 5	Train Epoch: 9 [0/20000]	Loss: 1.9780 (1.9780) 	Acc: 100.00% (100.00%)
2025-05-13 11:57:15,741 - __main__ - INFO - Task id: 5	Train Epoch: 9 [6400/20000]	Loss: 2.1950 (2.0144) 	Acc: 93.75% (99.02%)
2025-05-13 11:57:59,613 - __main__ - INFO - Task id: 5	Train Epoch: 9 [12800/20000]	Loss: 1.9403 (2.0078) 	Acc: 100.00% (99.15%)
2025-05-13 11:58:41,258 - __main__ - INFO - Task id: 5	Train Epoch: 9 [19200/20000]	Loss: 1.7958 (2.0002) 	Acc: 100.00% (99.20%)
2025-05-13 11:59:07,090 - __main__ - INFO - Task id: 5
2025-05-13 11:59:07,090 - __main__ - INFO - Train Epoch: 9
2025-05-13 11:59:07,090 - __main__ - INFO - skirt_length mAP: 0.0000
2025-05-13 11:59:07,090 - __main__ - INFO - sleeve_length mAP: 0.0000
2025-05-13 11:59:07,090 - __main__ - INFO - coat_length mAP: 0.0000
2025-05-13 11:59:07,090 - __main__ - INFO - pant_length mAP: 0.0000
2025-05-13 11:59:07,090 - __main__ - INFO - collar_design mAP: 0.0000
2025-05-13 11:59:07,090 - __main__ - INFO - lapel_design mAP: 68.4672
2025-05-13 11:59:07,090 - __main__ - INFO - neckline_design mAP: 0.0000
2025-05-13 11:59:07,090 - __main__ - INFO - neck_design mAP: 0.0000
2025-05-13 11:59:07,090 - __main__ - INFO - texture-related mAP: 0.0000
2025-05-13 11:59:07,090 - __main__ - INFO - fabric-related mAP: 0.0000
2025-05-13 11:59:07,090 - __main__ - INFO - shape-related mAP: 0.0000
2025-05-13 11:59:07,090 - __main__ - INFO - part-related mAP: 0.0000
2025-05-13 11:59:07,090 - __main__ - INFO - style-related mAP: 0.0000
2025-05-13 11:59:07,090 - __main__ - INFO - clothes category mAP: 0.0000
2025-05-13 11:59:07,090 - __main__ - INFO - clothes button mAP: 0.0000
2025-05-13 11:59:07,090 - __main__ - INFO - clothes color mAP: 0.0000
2025-05-13 11:59:07,090 - __main__ - INFO - clothes length mAP: 0.0000
2025-05-13 11:59:07,090 - __main__ - INFO - clothes pattern mAP: 0.0000
2025-05-13 11:59:07,090 - __main__ - INFO - clothes shape mAP: 0.0000
2025-05-13 11:59:07,090 - __main__ - INFO - collar shape mAP: 0.0000
2025-05-13 11:59:07,090 - __main__ - INFO - sleeve length mAP: 0.0000
2025-05-13 11:59:07,091 - __main__ - INFO - sleeve shape mAP: 0.0000
2025-05-13 11:59:07,091 - __main__ - INFO - MeanAP: 68.4672

2025-05-13 11:59:07,656 - __main__ - INFO - lr:7.290000000000001e-05
2025-05-13 11:59:08,414 - __main__ - INFO - Task id: 5	Train Epoch: 10 [0/20000]	Loss: 1.8962 (1.8962) 	Acc: 100.00% (100.00%)
2025-05-13 11:59:52,634 - __main__ - INFO - Task id: 5	Train Epoch: 10 [6400/20000]	Loss: 1.9091 (1.9683) 	Acc: 100.00% (99.44%)
2025-05-13 12:00:35,982 - __main__ - INFO - Task id: 5	Train Epoch: 10 [12800/20000]	Loss: 1.8628 (1.9700) 	Acc: 100.00% (99.39%)
2025-05-13 12:01:19,454 - __main__ - INFO - Task id: 5	Train Epoch: 10 [19200/20000]	Loss: 1.8826 (1.9739) 	Acc: 100.00% (99.38%)
2025-05-13 12:01:42,800 - __main__ - INFO - Task id: 5
2025-05-13 12:01:42,800 - __main__ - INFO - Train Epoch: 10
2025-05-13 12:01:42,800 - __main__ - INFO - skirt_length mAP: 0.0000
2025-05-13 12:01:42,800 - __main__ - INFO - sleeve_length mAP: 0.0000
2025-05-13 12:01:42,800 - __main__ - INFO - coat_length mAP: 0.0000
2025-05-13 12:01:42,800 - __main__ - INFO - pant_length mAP: 0.0000
2025-05-13 12:01:42,800 - __main__ - INFO - collar_design mAP: 0.0000
2025-05-13 12:01:42,800 - __main__ - INFO - lapel_design mAP: 68.1792
2025-05-13 12:01:42,800 - __main__ - INFO - neckline_design mAP: 0.0000
2025-05-13 12:01:42,800 - __main__ - INFO - neck_design mAP: 0.0000
2025-05-13 12:01:42,800 - __main__ - INFO - texture-related mAP: 0.0000
2025-05-13 12:01:42,801 - __main__ - INFO - fabric-related mAP: 0.0000
2025-05-13 12:01:42,801 - __main__ - INFO - shape-related mAP: 0.0000
2025-05-13 12:01:42,801 - __main__ - INFO - part-related mAP: 0.0000
2025-05-13 12:01:42,801 - __main__ - INFO - style-related mAP: 0.0000
2025-05-13 12:01:42,801 - __main__ - INFO - clothes category mAP: 0.0000
2025-05-13 12:01:42,801 - __main__ - INFO - clothes button mAP: 0.0000
2025-05-13 12:01:42,801 - __main__ - INFO - clothes color mAP: 0.0000
2025-05-13 12:01:42,801 - __main__ - INFO - clothes length mAP: 0.0000
2025-05-13 12:01:42,801 - __main__ - INFO - clothes pattern mAP: 0.0000
2025-05-13 12:01:42,801 - __main__ - INFO - clothes shape mAP: 0.0000
2025-05-13 12:01:42,801 - __main__ - INFO - collar shape mAP: 0.0000
2025-05-13 12:01:42,801 - __main__ - INFO - sleeve length mAP: 0.0000
2025-05-13 12:01:42,801 - __main__ - INFO - sleeve shape mAP: 0.0000
2025-05-13 12:01:42,801 - __main__ - INFO - MeanAP: 68.1792

2025-05-13 12:01:43,424 - __main__ - INFO - lr:7.290000000000001e-05
2025-05-13 12:01:45,563 - __main__ - INFO - Task id: 6	Train Epoch: 1 [0/20000]	Loss: 3.3878 (3.3878) 	Acc: 62.50% (62.50%)
2025-05-13 12:02:31,370 - __main__ - INFO - Task id: 6	Train Epoch: 1 [6400/20000]	Loss: 2.6806 (3.0883) 	Acc: 87.50% (70.37%)
2025-05-13 12:03:16,423 - __main__ - INFO - Task id: 6	Train Epoch: 1 [12800/20000]	Loss: 2.5158 (2.9147) 	Acc: 87.50% (75.99%)
2025-05-13 12:04:00,677 - __main__ - INFO - Task id: 6	Train Epoch: 1 [19200/20000]	Loss: 2.6312 (2.8004) 	Acc: 81.25% (79.17%)
2025-05-13 12:04:28,938 - __main__ - INFO - Task id: 6
2025-05-13 12:04:28,939 - __main__ - INFO - Train Epoch: 1
2025-05-13 12:04:28,939 - __main__ - INFO - skirt_length mAP: 0.0000
2025-05-13 12:04:28,939 - __main__ - INFO - sleeve_length mAP: 0.0000
2025-05-13 12:04:28,939 - __main__ - INFO - coat_length mAP: 0.0000
2025-05-13 12:04:28,939 - __main__ - INFO - pant_length mAP: 0.0000
2025-05-13 12:04:28,939 - __main__ - INFO - collar_design mAP: 0.0000
2025-05-13 12:04:28,939 - __main__ - INFO - lapel_design mAP: 0.0000
2025-05-13 12:04:28,939 - __main__ - INFO - neckline_design mAP: 49.3034
2025-05-13 12:04:28,939 - __main__ - INFO - neck_design mAP: 0.0000
2025-05-13 12:04:28,939 - __main__ - INFO - texture-related mAP: 0.0000
2025-05-13 12:04:28,939 - __main__ - INFO - fabric-related mAP: 0.0000
2025-05-13 12:04:28,939 - __main__ - INFO - shape-related mAP: 0.0000
2025-05-13 12:04:28,939 - __main__ - INFO - part-related mAP: 0.0000
2025-05-13 12:04:28,939 - __main__ - INFO - style-related mAP: 0.0000
2025-05-13 12:04:28,939 - __main__ - INFO - clothes category mAP: 0.0000
2025-05-13 12:04:28,939 - __main__ - INFO - clothes button mAP: 0.0000
2025-05-13 12:04:28,939 - __main__ - INFO - clothes color mAP: 0.0000
2025-05-13 12:04:28,939 - __main__ - INFO - clothes length mAP: 0.0000
2025-05-13 12:04:28,939 - __main__ - INFO - clothes pattern mAP: 0.0000
2025-05-13 12:04:28,939 - __main__ - INFO - clothes shape mAP: 0.0000
2025-05-13 12:04:28,939 - __main__ - INFO - collar shape mAP: 0.0000
2025-05-13 12:04:28,939 - __main__ - INFO - sleeve length mAP: 0.0000
2025-05-13 12:04:28,939 - __main__ - INFO - sleeve shape mAP: 0.0000
2025-05-13 12:04:28,939 - __main__ - INFO - MeanAP: 49.3034

2025-05-13 12:04:29,957 - __main__ - INFO - lr:0.0001
2025-05-13 12:04:30,765 - __main__ - INFO - Task id: 6	Train Epoch: 2 [0/20000]	Loss: 2.5422 (2.5422) 	Acc: 81.25% (81.25%)
2025-05-13 12:05:16,166 - __main__ - INFO - Task id: 6	Train Epoch: 2 [6400/20000]	Loss: 2.5754 (2.4234) 	Acc: 87.50% (88.00%)
2025-05-13 12:06:00,829 - __main__ - INFO - Task id: 6	Train Epoch: 2 [12800/20000]	Loss: 2.4288 (2.3895) 	Acc: 87.50% (88.52%)
2025-05-13 12:06:45,623 - __main__ - INFO - Task id: 6	Train Epoch: 2 [19200/20000]	Loss: 2.1077 (2.3432) 	Acc: 87.50% (89.39%)
2025-05-13 12:07:15,862 - __main__ - INFO - Task id: 6
2025-05-13 12:07:15,862 - __main__ - INFO - Train Epoch: 2
2025-05-13 12:07:15,862 - __main__ - INFO - skirt_length mAP: 0.0000
2025-05-13 12:07:15,862 - __main__ - INFO - sleeve_length mAP: 0.0000
2025-05-13 12:07:15,863 - __main__ - INFO - coat_length mAP: 0.0000
2025-05-13 12:07:15,863 - __main__ - INFO - pant_length mAP: 0.0000
2025-05-13 12:07:15,863 - __main__ - INFO - collar_design mAP: 0.0000
2025-05-13 12:07:15,863 - __main__ - INFO - lapel_design mAP: 0.0000
2025-05-13 12:07:15,863 - __main__ - INFO - neckline_design mAP: 57.6060
2025-05-13 12:07:15,863 - __main__ - INFO - neck_design mAP: 0.0000
2025-05-13 12:07:15,863 - __main__ - INFO - texture-related mAP: 0.0000
2025-05-13 12:07:15,863 - __main__ - INFO - fabric-related mAP: 0.0000
2025-05-13 12:07:15,863 - __main__ - INFO - shape-related mAP: 0.0000
2025-05-13 12:07:15,863 - __main__ - INFO - part-related mAP: 0.0000
2025-05-13 12:07:15,863 - __main__ - INFO - style-related mAP: 0.0000
2025-05-13 12:07:15,863 - __main__ - INFO - clothes category mAP: 0.0000
2025-05-13 12:07:15,863 - __main__ - INFO - clothes button mAP: 0.0000
2025-05-13 12:07:15,863 - __main__ - INFO - clothes color mAP: 0.0000
2025-05-13 12:07:15,863 - __main__ - INFO - clothes length mAP: 0.0000
2025-05-13 12:07:15,863 - __main__ - INFO - clothes pattern mAP: 0.0000
2025-05-13 12:07:15,863 - __main__ - INFO - clothes shape mAP: 0.0000
2025-05-13 12:07:15,863 - __main__ - INFO - collar shape mAP: 0.0000
2025-05-13 12:07:15,863 - __main__ - INFO - sleeve length mAP: 0.0000
2025-05-13 12:07:15,863 - __main__ - INFO - sleeve shape mAP: 0.0000
2025-05-13 12:07:15,863 - __main__ - INFO - MeanAP: 57.6060

2025-05-13 12:07:17,103 - __main__ - INFO - lr:0.0001
2025-05-13 12:07:17,886 - __main__ - INFO - Task id: 6	Train Epoch: 3 [0/20000]	Loss: 1.9536 (1.9536) 	Acc: 93.75% (93.75%)
2025-05-13 12:08:02,454 - __main__ - INFO - Task id: 6	Train Epoch: 3 [6400/20000]	Loss: 1.8703 (2.1699) 	Acc: 100.00% (92.24%)
2025-05-13 12:08:47,065 - __main__ - INFO - Task id: 6	Train Epoch: 3 [12800/20000]	Loss: 2.1460 (2.1620) 	Acc: 87.50% (92.16%)
2025-05-13 12:09:30,909 - __main__ - INFO - Task id: 6	Train Epoch: 3 [19200/20000]	Loss: 1.9990 (2.1370) 	Acc: 93.75% (92.53%)
2025-05-13 12:10:00,602 - __main__ - INFO - Task id: 6
2025-05-13 12:10:00,602 - __main__ - INFO - Train Epoch: 3
2025-05-13 12:10:00,602 - __main__ - INFO - skirt_length mAP: 0.0000
2025-05-13 12:10:00,602 - __main__ - INFO - sleeve_length mAP: 0.0000
2025-05-13 12:10:00,602 - __main__ - INFO - coat_length mAP: 0.0000
2025-05-13 12:10:00,602 - __main__ - INFO - pant_length mAP: 0.0000
2025-05-13 12:10:00,602 - __main__ - INFO - collar_design mAP: 0.0000
2025-05-13 12:10:00,602 - __main__ - INFO - lapel_design mAP: 0.0000
2025-05-13 12:10:00,602 - __main__ - INFO - neckline_design mAP: 61.8820
2025-05-13 12:10:00,602 - __main__ - INFO - neck_design mAP: 0.0000
2025-05-13 12:10:00,602 - __main__ - INFO - texture-related mAP: 0.0000
2025-05-13 12:10:00,602 - __main__ - INFO - fabric-related mAP: 0.0000
2025-05-13 12:10:00,603 - __main__ - INFO - shape-related mAP: 0.0000
2025-05-13 12:10:00,603 - __main__ - INFO - part-related mAP: 0.0000
2025-05-13 12:10:00,603 - __main__ - INFO - style-related mAP: 0.0000
2025-05-13 12:10:00,603 - __main__ - INFO - clothes category mAP: 0.0000
2025-05-13 12:10:00,603 - __main__ - INFO - clothes button mAP: 0.0000
2025-05-13 12:10:00,603 - __main__ - INFO - clothes color mAP: 0.0000
2025-05-13 12:10:00,603 - __main__ - INFO - clothes length mAP: 0.0000
2025-05-13 12:10:00,603 - __main__ - INFO - clothes pattern mAP: 0.0000
2025-05-13 12:10:00,603 - __main__ - INFO - clothes shape mAP: 0.0000
2025-05-13 12:10:00,603 - __main__ - INFO - collar shape mAP: 0.0000
2025-05-13 12:10:00,603 - __main__ - INFO - sleeve length mAP: 0.0000
2025-05-13 12:10:00,603 - __main__ - INFO - sleeve shape mAP: 0.0000
2025-05-13 12:10:00,603 - __main__ - INFO - MeanAP: 61.8820

2025-05-13 12:10:01,821 - __main__ - INFO - lr:9e-05
2025-05-13 12:10:02,587 - __main__ - INFO - Task id: 6	Train Epoch: 4 [0/20000]	Loss: 2.0091 (2.0091) 	Acc: 100.00% (100.00%)
2025-05-13 12:10:48,054 - __main__ - INFO - Task id: 6	Train Epoch: 4 [6400/20000]	Loss: 1.8369 (2.0167) 	Acc: 100.00% (93.98%)
2025-05-13 12:11:33,348 - __main__ - INFO - Task id: 6	Train Epoch: 4 [12800/20000]	Loss: 1.7783 (1.9822) 	Acc: 93.75% (94.57%)
2025-05-13 12:12:18,595 - __main__ - INFO - Task id: 6	Train Epoch: 4 [19200/20000]	Loss: 1.5757 (1.9614) 	Acc: 100.00% (94.89%)
2025-05-13 12:12:48,118 - __main__ - INFO - Task id: 6
2025-05-13 12:12:48,118 - __main__ - INFO - Train Epoch: 4
2025-05-13 12:12:48,118 - __main__ - INFO - skirt_length mAP: 0.0000
2025-05-13 12:12:48,118 - __main__ - INFO - sleeve_length mAP: 0.0000
2025-05-13 12:12:48,118 - __main__ - INFO - coat_length mAP: 0.0000
2025-05-13 12:12:48,118 - __main__ - INFO - pant_length mAP: 0.0000
2025-05-13 12:12:48,118 - __main__ - INFO - collar_design mAP: 0.0000
2025-05-13 12:12:48,118 - __main__ - INFO - lapel_design mAP: 0.0000
2025-05-13 12:12:48,118 - __main__ - INFO - neckline_design mAP: 64.7681
2025-05-13 12:12:48,118 - __main__ - INFO - neck_design mAP: 0.0000
2025-05-13 12:12:48,118 - __main__ - INFO - texture-related mAP: 0.0000
2025-05-13 12:12:48,118 - __main__ - INFO - fabric-related mAP: 0.0000
2025-05-13 12:12:48,118 - __main__ - INFO - shape-related mAP: 0.0000
2025-05-13 12:12:48,118 - __main__ - INFO - part-related mAP: 0.0000
2025-05-13 12:12:48,118 - __main__ - INFO - style-related mAP: 0.0000
2025-05-13 12:12:48,118 - __main__ - INFO - clothes category mAP: 0.0000
2025-05-13 12:12:48,118 - __main__ - INFO - clothes button mAP: 0.0000
2025-05-13 12:12:48,119 - __main__ - INFO - clothes color mAP: 0.0000
2025-05-13 12:12:48,119 - __main__ - INFO - clothes length mAP: 0.0000
2025-05-13 12:12:48,119 - __main__ - INFO - clothes pattern mAP: 0.0000
2025-05-13 12:12:48,119 - __main__ - INFO - clothes shape mAP: 0.0000
2025-05-13 12:12:48,119 - __main__ - INFO - collar shape mAP: 0.0000
2025-05-13 12:12:48,119 - __main__ - INFO - sleeve length mAP: 0.0000
2025-05-13 12:12:48,119 - __main__ - INFO - sleeve shape mAP: 0.0000
2025-05-13 12:12:48,119 - __main__ - INFO - MeanAP: 64.7681

2025-05-13 12:12:49,384 - __main__ - INFO - lr:9e-05
2025-05-13 12:12:50,204 - __main__ - INFO - Task id: 6	Train Epoch: 5 [0/20000]	Loss: 2.0972 (2.0972) 	Acc: 93.75% (93.75%)
2025-05-13 12:13:35,460 - __main__ - INFO - Task id: 6	Train Epoch: 5 [6400/20000]	Loss: 1.8612 (1.9229) 	Acc: 93.75% (95.92%)
2025-05-13 12:14:19,678 - __main__ - INFO - Task id: 6	Train Epoch: 5 [12800/20000]	Loss: 2.0897 (1.9012) 	Acc: 93.75% (95.79%)
2025-05-13 12:15:04,783 - __main__ - INFO - Task id: 6	Train Epoch: 5 [19200/20000]	Loss: 1.9236 (1.8848) 	Acc: 93.75% (95.84%)
2025-05-13 12:15:33,631 - __main__ - INFO - Task id: 6
2025-05-13 12:15:33,631 - __main__ - INFO - Train Epoch: 5
2025-05-13 12:15:33,631 - __main__ - INFO - skirt_length mAP: 0.0000
2025-05-13 12:15:33,631 - __main__ - INFO - sleeve_length mAP: 0.0000
2025-05-13 12:15:33,631 - __main__ - INFO - coat_length mAP: 0.0000
2025-05-13 12:15:33,632 - __main__ - INFO - pant_length mAP: 0.0000
2025-05-13 12:15:33,632 - __main__ - INFO - collar_design mAP: 0.0000
2025-05-13 12:15:33,632 - __main__ - INFO - lapel_design mAP: 0.0000
2025-05-13 12:15:33,632 - __main__ - INFO - neckline_design mAP: 65.7001
2025-05-13 12:15:33,632 - __main__ - INFO - neck_design mAP: 0.0000
2025-05-13 12:15:33,632 - __main__ - INFO - texture-related mAP: 0.0000
2025-05-13 12:15:33,632 - __main__ - INFO - fabric-related mAP: 0.0000
2025-05-13 12:15:33,632 - __main__ - INFO - shape-related mAP: 0.0000
2025-05-13 12:15:33,632 - __main__ - INFO - part-related mAP: 0.0000
2025-05-13 12:15:33,632 - __main__ - INFO - style-related mAP: 0.0000
2025-05-13 12:15:33,632 - __main__ - INFO - clothes category mAP: 0.0000
2025-05-13 12:15:33,632 - __main__ - INFO - clothes button mAP: 0.0000
2025-05-13 12:15:33,632 - __main__ - INFO - clothes color mAP: 0.0000
2025-05-13 12:15:33,632 - __main__ - INFO - clothes length mAP: 0.0000
2025-05-13 12:15:33,632 - __main__ - INFO - clothes pattern mAP: 0.0000
2025-05-13 12:15:33,632 - __main__ - INFO - clothes shape mAP: 0.0000
2025-05-13 12:15:33,632 - __main__ - INFO - collar shape mAP: 0.0000
2025-05-13 12:15:33,632 - __main__ - INFO - sleeve length mAP: 0.0000
2025-05-13 12:15:33,632 - __main__ - INFO - sleeve shape mAP: 0.0000
2025-05-13 12:15:33,632 - __main__ - INFO - MeanAP: 65.7001

2025-05-13 12:15:34,872 - __main__ - INFO - lr:9e-05
2025-05-13 12:15:35,672 - __main__ - INFO - Task id: 6	Train Epoch: 6 [0/20000]	Loss: 2.2018 (2.2018) 	Acc: 93.75% (93.75%)
2025-05-13 12:16:20,635 - __main__ - INFO - Task id: 6	Train Epoch: 6 [6400/20000]	Loss: 1.7324 (1.8483) 	Acc: 93.75% (96.34%)
2025-05-13 12:17:04,902 - __main__ - INFO - Task id: 6	Train Epoch: 6 [12800/20000]	Loss: 1.8474 (1.8313) 	Acc: 93.75% (96.50%)
2025-05-13 12:17:49,654 - __main__ - INFO - Task id: 6	Train Epoch: 6 [19200/20000]	Loss: 1.8152 (1.8161) 	Acc: 100.00% (96.61%)
2025-05-13 12:18:19,043 - __main__ - INFO - Task id: 6
2025-05-13 12:18:19,044 - __main__ - INFO - Train Epoch: 6
2025-05-13 12:18:19,044 - __main__ - INFO - skirt_length mAP: 0.0000
2025-05-13 12:18:19,044 - __main__ - INFO - sleeve_length mAP: 0.0000
2025-05-13 12:18:19,044 - __main__ - INFO - coat_length mAP: 0.0000
2025-05-13 12:18:19,044 - __main__ - INFO - pant_length mAP: 0.0000
2025-05-13 12:18:19,044 - __main__ - INFO - collar_design mAP: 0.0000
2025-05-13 12:18:19,044 - __main__ - INFO - lapel_design mAP: 0.0000
2025-05-13 12:18:19,044 - __main__ - INFO - neckline_design mAP: 67.0538
2025-05-13 12:18:19,044 - __main__ - INFO - neck_design mAP: 0.0000
2025-05-13 12:18:19,044 - __main__ - INFO - texture-related mAP: 0.0000
2025-05-13 12:18:19,044 - __main__ - INFO - fabric-related mAP: 0.0000
2025-05-13 12:18:19,044 - __main__ - INFO - shape-related mAP: 0.0000
2025-05-13 12:18:19,044 - __main__ - INFO - part-related mAP: 0.0000
2025-05-13 12:18:19,044 - __main__ - INFO - style-related mAP: 0.0000
2025-05-13 12:18:19,044 - __main__ - INFO - clothes category mAP: 0.0000
2025-05-13 12:18:19,044 - __main__ - INFO - clothes button mAP: 0.0000
2025-05-13 12:18:19,044 - __main__ - INFO - clothes color mAP: 0.0000
2025-05-13 12:18:19,044 - __main__ - INFO - clothes length mAP: 0.0000
2025-05-13 12:18:19,044 - __main__ - INFO - clothes pattern mAP: 0.0000
2025-05-13 12:18:19,044 - __main__ - INFO - clothes shape mAP: 0.0000
2025-05-13 12:18:19,044 - __main__ - INFO - collar shape mAP: 0.0000
2025-05-13 12:18:19,044 - __main__ - INFO - sleeve length mAP: 0.0000
2025-05-13 12:18:19,044 - __main__ - INFO - sleeve shape mAP: 0.0000
2025-05-13 12:18:19,044 - __main__ - INFO - MeanAP: 67.0538

2025-05-13 12:18:20,251 - __main__ - INFO - lr:8.1e-05
2025-05-13 12:18:21,055 - __main__ - INFO - Task id: 6	Train Epoch: 7 [0/20000]	Loss: 2.2285 (2.2285) 	Acc: 93.75% (93.75%)
2025-05-13 12:19:06,190 - __main__ - INFO - Task id: 6	Train Epoch: 7 [6400/20000]	Loss: 1.7802 (1.7833) 	Acc: 93.75% (97.12%)
2025-05-13 12:19:51,742 - __main__ - INFO - Task id: 6	Train Epoch: 7 [12800/20000]	Loss: 2.1142 (1.7677) 	Acc: 87.50% (97.12%)
2025-05-13 12:20:37,575 - __main__ - INFO - Task id: 6	Train Epoch: 7 [19200/20000]	Loss: 1.7126 (1.7542) 	Acc: 100.00% (97.28%)
2025-05-13 12:21:07,175 - __main__ - INFO - Task id: 6
2025-05-13 12:21:07,176 - __main__ - INFO - Train Epoch: 7
2025-05-13 12:21:07,176 - __main__ - INFO - skirt_length mAP: 0.0000
2025-05-13 12:21:07,176 - __main__ - INFO - sleeve_length mAP: 0.0000
2025-05-13 12:21:07,176 - __main__ - INFO - coat_length mAP: 0.0000
2025-05-13 12:21:07,176 - __main__ - INFO - pant_length mAP: 0.0000
2025-05-13 12:21:07,176 - __main__ - INFO - collar_design mAP: 0.0000
2025-05-13 12:21:07,176 - __main__ - INFO - lapel_design mAP: 0.0000
2025-05-13 12:21:07,176 - __main__ - INFO - neckline_design mAP: 70.4908
2025-05-13 12:21:07,176 - __main__ - INFO - neck_design mAP: 0.0000
2025-05-13 12:21:07,176 - __main__ - INFO - texture-related mAP: 0.0000
2025-05-13 12:21:07,176 - __main__ - INFO - fabric-related mAP: 0.0000
2025-05-13 12:21:07,176 - __main__ - INFO - shape-related mAP: 0.0000
2025-05-13 12:21:07,176 - __main__ - INFO - part-related mAP: 0.0000
2025-05-13 12:21:07,176 - __main__ - INFO - style-related mAP: 0.0000
2025-05-13 12:21:07,176 - __main__ - INFO - clothes category mAP: 0.0000
2025-05-13 12:21:07,176 - __main__ - INFO - clothes button mAP: 0.0000
2025-05-13 12:21:07,176 - __main__ - INFO - clothes color mAP: 0.0000
2025-05-13 12:21:07,176 - __main__ - INFO - clothes length mAP: 0.0000
2025-05-13 12:21:07,176 - __main__ - INFO - clothes pattern mAP: 0.0000
2025-05-13 12:21:07,176 - __main__ - INFO - clothes shape mAP: 0.0000
2025-05-13 12:21:07,176 - __main__ - INFO - collar shape mAP: 0.0000
2025-05-13 12:21:07,176 - __main__ - INFO - sleeve length mAP: 0.0000
2025-05-13 12:21:07,176 - __main__ - INFO - sleeve shape mAP: 0.0000
2025-05-13 12:21:07,176 - __main__ - INFO - MeanAP: 70.4908

2025-05-13 12:21:08,559 - __main__ - INFO - lr:8.1e-05
2025-05-13 12:21:09,406 - __main__ - INFO - Task id: 6	Train Epoch: 8 [0/20000]	Loss: 2.0985 (2.0985) 	Acc: 87.50% (87.50%)
2025-05-13 12:21:54,599 - __main__ - INFO - Task id: 6	Train Epoch: 8 [6400/20000]	Loss: 1.2432 (1.7091) 	Acc: 100.00% (97.66%)
2025-05-13 12:22:40,009 - __main__ - INFO - Task id: 6	Train Epoch: 8 [12800/20000]	Loss: 1.9472 (1.7038) 	Acc: 93.75% (97.77%)
2025-05-13 12:23:25,799 - __main__ - INFO - Task id: 6	Train Epoch: 8 [19200/20000]	Loss: 2.1014 (1.6929) 	Acc: 93.75% (97.80%)
2025-05-13 12:23:56,175 - __main__ - INFO - Task id: 6
2025-05-13 12:23:56,175 - __main__ - INFO - Train Epoch: 8
2025-05-13 12:23:56,175 - __main__ - INFO - skirt_length mAP: 0.0000
2025-05-13 12:23:56,175 - __main__ - INFO - sleeve_length mAP: 0.0000
2025-05-13 12:23:56,175 - __main__ - INFO - coat_length mAP: 0.0000
2025-05-13 12:23:56,175 - __main__ - INFO - pant_length mAP: 0.0000
2025-05-13 12:23:56,175 - __main__ - INFO - collar_design mAP: 0.0000
2025-05-13 12:23:56,175 - __main__ - INFO - lapel_design mAP: 0.0000
2025-05-13 12:23:56,175 - __main__ - INFO - neckline_design mAP: 68.1459
2025-05-13 12:23:56,175 - __main__ - INFO - neck_design mAP: 0.0000
2025-05-13 12:23:56,176 - __main__ - INFO - texture-related mAP: 0.0000
2025-05-13 12:23:56,176 - __main__ - INFO - fabric-related mAP: 0.0000
2025-05-13 12:23:56,176 - __main__ - INFO - shape-related mAP: 0.0000
2025-05-13 12:23:56,176 - __main__ - INFO - part-related mAP: 0.0000
2025-05-13 12:23:56,176 - __main__ - INFO - style-related mAP: 0.0000
2025-05-13 12:23:56,176 - __main__ - INFO - clothes category mAP: 0.0000
2025-05-13 12:23:56,176 - __main__ - INFO - clothes button mAP: 0.0000
2025-05-13 12:23:56,176 - __main__ - INFO - clothes color mAP: 0.0000
2025-05-13 12:23:56,176 - __main__ - INFO - clothes length mAP: 0.0000
2025-05-13 12:23:56,176 - __main__ - INFO - clothes pattern mAP: 0.0000
2025-05-13 12:23:56,176 - __main__ - INFO - clothes shape mAP: 0.0000
2025-05-13 12:23:56,176 - __main__ - INFO - collar shape mAP: 0.0000
2025-05-13 12:23:56,176 - __main__ - INFO - sleeve length mAP: 0.0000
2025-05-13 12:23:56,176 - __main__ - INFO - sleeve shape mAP: 0.0000
2025-05-13 12:23:56,176 - __main__ - INFO - MeanAP: 68.1459

2025-05-13 12:23:56,791 - __main__ - INFO - lr:8.1e-05
2025-05-13 12:23:57,628 - __main__ - INFO - Task id: 6	Train Epoch: 9 [0/20000]	Loss: 1.9359 (1.9359) 	Acc: 93.75% (93.75%)
2025-05-13 12:24:43,040 - __main__ - INFO - Task id: 6	Train Epoch: 9 [6400/20000]	Loss: 1.7563 (1.6647) 	Acc: 100.00% (97.97%)
2025-05-13 12:25:27,899 - __main__ - INFO - Task id: 6	Train Epoch: 9 [12800/20000]	Loss: 1.9643 (1.6661) 	Acc: 93.75% (98.06%)
2025-05-13 12:26:13,505 - __main__ - INFO - Task id: 6	Train Epoch: 9 [19200/20000]	Loss: 1.4261 (1.6526) 	Acc: 100.00% (98.16%)
2025-05-13 12:26:44,334 - __main__ - INFO - Task id: 6
2025-05-13 12:26:44,334 - __main__ - INFO - Train Epoch: 9
2025-05-13 12:26:44,334 - __main__ - INFO - skirt_length mAP: 0.0000
2025-05-13 12:26:44,334 - __main__ - INFO - sleeve_length mAP: 0.0000
2025-05-13 12:26:44,334 - __main__ - INFO - coat_length mAP: 0.0000
2025-05-13 12:26:44,334 - __main__ - INFO - pant_length mAP: 0.0000
2025-05-13 12:26:44,334 - __main__ - INFO - collar_design mAP: 0.0000
2025-05-13 12:26:44,334 - __main__ - INFO - lapel_design mAP: 0.0000
2025-05-13 12:26:44,334 - __main__ - INFO - neckline_design mAP: 67.5502
2025-05-13 12:26:44,334 - __main__ - INFO - neck_design mAP: 0.0000
2025-05-13 12:26:44,335 - __main__ - INFO - texture-related mAP: 0.0000
2025-05-13 12:26:44,335 - __main__ - INFO - fabric-related mAP: 0.0000
2025-05-13 12:26:44,335 - __main__ - INFO - shape-related mAP: 0.0000
2025-05-13 12:26:44,335 - __main__ - INFO - part-related mAP: 0.0000
2025-05-13 12:26:44,335 - __main__ - INFO - style-related mAP: 0.0000
2025-05-13 12:26:44,335 - __main__ - INFO - clothes category mAP: 0.0000
2025-05-13 12:26:44,335 - __main__ - INFO - clothes button mAP: 0.0000
2025-05-13 12:26:44,335 - __main__ - INFO - clothes color mAP: 0.0000
2025-05-13 12:26:44,335 - __main__ - INFO - clothes length mAP: 0.0000
2025-05-13 12:26:44,335 - __main__ - INFO - clothes pattern mAP: 0.0000
2025-05-13 12:26:44,335 - __main__ - INFO - clothes shape mAP: 0.0000
2025-05-13 12:26:44,335 - __main__ - INFO - collar shape mAP: 0.0000
2025-05-13 12:26:44,335 - __main__ - INFO - sleeve length mAP: 0.0000
2025-05-13 12:26:44,335 - __main__ - INFO - sleeve shape mAP: 0.0000
2025-05-13 12:26:44,335 - __main__ - INFO - MeanAP: 67.5502

2025-05-13 12:26:44,959 - __main__ - INFO - lr:7.290000000000001e-05
2025-05-13 12:26:45,780 - __main__ - INFO - Task id: 6	Train Epoch: 10 [0/20000]	Loss: 1.4563 (1.4563) 	Acc: 100.00% (100.00%)
2025-05-13 12:27:31,354 - __main__ - INFO - Task id: 6	Train Epoch: 10 [6400/20000]	Loss: 1.7344 (1.6372) 	Acc: 100.00% (98.38%)
2025-05-13 12:28:16,701 - __main__ - INFO - Task id: 6	Train Epoch: 10 [12800/20000]	Loss: 1.7920 (1.6217) 	Acc: 100.00% (98.56%)
2025-05-13 12:29:01,510 - __main__ - INFO - Task id: 6	Train Epoch: 10 [19200/20000]	Loss: 1.3774 (1.6166) 	Acc: 100.00% (98.56%)
2025-05-13 12:29:30,485 - __main__ - INFO - Task id: 6
2025-05-13 12:29:30,485 - __main__ - INFO - Train Epoch: 10
2025-05-13 12:29:30,485 - __main__ - INFO - skirt_length mAP: 0.0000
2025-05-13 12:29:30,485 - __main__ - INFO - sleeve_length mAP: 0.0000
2025-05-13 12:29:30,485 - __main__ - INFO - coat_length mAP: 0.0000
2025-05-13 12:29:30,485 - __main__ - INFO - pant_length mAP: 0.0000
2025-05-13 12:29:30,485 - __main__ - INFO - collar_design mAP: 0.0000
2025-05-13 12:29:30,485 - __main__ - INFO - lapel_design mAP: 0.0000
2025-05-13 12:29:30,485 - __main__ - INFO - neckline_design mAP: 67.3839
2025-05-13 12:29:30,485 - __main__ - INFO - neck_design mAP: 0.0000
2025-05-13 12:29:30,485 - __main__ - INFO - texture-related mAP: 0.0000
2025-05-13 12:29:30,485 - __main__ - INFO - fabric-related mAP: 0.0000
2025-05-13 12:29:30,485 - __main__ - INFO - shape-related mAP: 0.0000
2025-05-13 12:29:30,486 - __main__ - INFO - part-related mAP: 0.0000
2025-05-13 12:29:30,486 - __main__ - INFO - style-related mAP: 0.0000
2025-05-13 12:29:30,486 - __main__ - INFO - clothes category mAP: 0.0000
2025-05-13 12:29:30,486 - __main__ - INFO - clothes button mAP: 0.0000
2025-05-13 12:29:30,486 - __main__ - INFO - clothes color mAP: 0.0000
2025-05-13 12:29:30,486 - __main__ - INFO - clothes length mAP: 0.0000
2025-05-13 12:29:30,486 - __main__ - INFO - clothes pattern mAP: 0.0000
2025-05-13 12:29:30,486 - __main__ - INFO - clothes shape mAP: 0.0000
2025-05-13 12:29:30,486 - __main__ - INFO - collar shape mAP: 0.0000
2025-05-13 12:29:30,486 - __main__ - INFO - sleeve length mAP: 0.0000
2025-05-13 12:29:30,486 - __main__ - INFO - sleeve shape mAP: 0.0000
2025-05-13 12:29:30,486 - __main__ - INFO - MeanAP: 67.3839

2025-05-13 12:29:31,103 - __main__ - INFO - lr:7.290000000000001e-05
2025-05-13 12:29:33,452 - __main__ - INFO - Task id: 7	Train Epoch: 1 [0/20000]	Loss: 3.4222 (3.4222) 	Acc: 43.75% (43.75%)
2025-05-13 12:30:17,514 - __main__ - INFO - Task id: 7	Train Epoch: 1 [6400/20000]	Loss: 3.4242 (3.2479) 	Acc: 75.00% (67.33%)
2025-05-13 12:31:00,832 - __main__ - INFO - Task id: 7	Train Epoch: 1 [12800/20000]	Loss: 2.7043 (3.1156) 	Acc: 68.75% (73.28%)
2025-05-13 12:31:44,763 - __main__ - INFO - Task id: 7	Train Epoch: 1 [19200/20000]	Loss: 2.5707 (3.0215) 	Acc: 87.50% (77.06%)
2025-05-13 12:32:15,084 - __main__ - INFO - Task id: 7
2025-05-13 12:32:15,084 - __main__ - INFO - Train Epoch: 1
2025-05-13 12:32:15,085 - __main__ - INFO - skirt_length mAP: 0.0000
2025-05-13 12:32:15,085 - __main__ - INFO - sleeve_length mAP: 0.0000
2025-05-13 12:32:15,085 - __main__ - INFO - coat_length mAP: 0.0000
2025-05-13 12:32:15,085 - __main__ - INFO - pant_length mAP: 0.0000
2025-05-13 12:32:15,085 - __main__ - INFO - collar_design mAP: 0.0000
2025-05-13 12:32:15,085 - __main__ - INFO - lapel_design mAP: 0.0000
2025-05-13 12:32:15,085 - __main__ - INFO - neckline_design mAP: 0.0000
2025-05-13 12:32:15,085 - __main__ - INFO - neck_design mAP: 54.6404
2025-05-13 12:32:15,085 - __main__ - INFO - texture-related mAP: 0.0000
2025-05-13 12:32:15,085 - __main__ - INFO - fabric-related mAP: 0.0000
2025-05-13 12:32:15,085 - __main__ - INFO - shape-related mAP: 0.0000
2025-05-13 12:32:15,085 - __main__ - INFO - part-related mAP: 0.0000
2025-05-13 12:32:15,085 - __main__ - INFO - style-related mAP: 0.0000
2025-05-13 12:32:15,085 - __main__ - INFO - clothes category mAP: 0.0000
2025-05-13 12:32:15,085 - __main__ - INFO - clothes button mAP: 0.0000
2025-05-13 12:32:15,085 - __main__ - INFO - clothes color mAP: 0.0000
2025-05-13 12:32:15,085 - __main__ - INFO - clothes length mAP: 0.0000
2025-05-13 12:32:15,085 - __main__ - INFO - clothes pattern mAP: 0.0000
2025-05-13 12:32:15,085 - __main__ - INFO - clothes shape mAP: 0.0000
2025-05-13 12:32:15,085 - __main__ - INFO - collar shape mAP: 0.0000
2025-05-13 12:32:15,085 - __main__ - INFO - sleeve length mAP: 0.0000
2025-05-13 12:32:15,085 - __main__ - INFO - sleeve shape mAP: 0.0000
2025-05-13 12:32:15,085 - __main__ - INFO - MeanAP: 54.6404

2025-05-13 12:32:16,406 - __main__ - INFO - lr:0.0001
2025-05-13 12:32:17,258 - __main__ - INFO - Task id: 7	Train Epoch: 2 [0/20000]	Loss: 2.4884 (2.4884) 	Acc: 81.25% (81.25%)
2025-05-13 12:33:00,766 - __main__ - INFO - Task id: 7	Train Epoch: 2 [6400/20000]	Loss: 3.0373 (2.7180) 	Acc: 87.50% (87.03%)
2025-05-13 12:33:44,052 - __main__ - INFO - Task id: 7	Train Epoch: 2 [12800/20000]	Loss: 2.2699 (2.6470) 	Acc: 100.00% (88.48%)
2025-05-13 12:34:27,284 - __main__ - INFO - Task id: 7	Train Epoch: 2 [19200/20000]	Loss: 2.2538 (2.6032) 	Acc: 100.00% (89.64%)
2025-05-13 12:34:57,746 - __main__ - INFO - Task id: 7
2025-05-13 12:34:57,747 - __main__ - INFO - Train Epoch: 2
2025-05-13 12:34:57,747 - __main__ - INFO - skirt_length mAP: 0.0000
2025-05-13 12:34:57,747 - __main__ - INFO - sleeve_length mAP: 0.0000
2025-05-13 12:34:57,747 - __main__ - INFO - coat_length mAP: 0.0000
2025-05-13 12:34:57,747 - __main__ - INFO - pant_length mAP: 0.0000
2025-05-13 12:34:57,747 - __main__ - INFO - collar_design mAP: 0.0000
2025-05-13 12:34:57,747 - __main__ - INFO - lapel_design mAP: 0.0000
2025-05-13 12:34:57,747 - __main__ - INFO - neckline_design mAP: 0.0000
2025-05-13 12:34:57,747 - __main__ - INFO - neck_design mAP: 61.0545
2025-05-13 12:34:57,747 - __main__ - INFO - texture-related mAP: 0.0000
2025-05-13 12:34:57,747 - __main__ - INFO - fabric-related mAP: 0.0000
2025-05-13 12:34:57,747 - __main__ - INFO - shape-related mAP: 0.0000
2025-05-13 12:34:57,747 - __main__ - INFO - part-related mAP: 0.0000
2025-05-13 12:34:57,747 - __main__ - INFO - style-related mAP: 0.0000
2025-05-13 12:34:57,747 - __main__ - INFO - clothes category mAP: 0.0000
2025-05-13 12:34:57,747 - __main__ - INFO - clothes button mAP: 0.0000
2025-05-13 12:34:57,747 - __main__ - INFO - clothes color mAP: 0.0000
2025-05-13 12:34:57,747 - __main__ - INFO - clothes length mAP: 0.0000
2025-05-13 12:34:57,747 - __main__ - INFO - clothes pattern mAP: 0.0000
2025-05-13 12:34:57,747 - __main__ - INFO - clothes shape mAP: 0.0000
2025-05-13 12:34:57,747 - __main__ - INFO - collar shape mAP: 0.0000
2025-05-13 12:34:57,747 - __main__ - INFO - sleeve length mAP: 0.0000
2025-05-13 12:34:57,747 - __main__ - INFO - sleeve shape mAP: 0.0000
2025-05-13 12:34:57,748 - __main__ - INFO - MeanAP: 61.0545

2025-05-13 12:34:59,027 - __main__ - INFO - lr:0.0001
2025-05-13 12:34:59,853 - __main__ - INFO - Task id: 7	Train Epoch: 3 [0/20000]	Loss: 2.7376 (2.7376) 	Acc: 93.75% (93.75%)
2025-05-13 12:35:43,482 - __main__ - INFO - Task id: 7	Train Epoch: 3 [6400/20000]	Loss: 2.8686 (2.4073) 	Acc: 81.25% (93.55%)
2025-05-13 12:36:26,660 - __main__ - INFO - Task id: 7	Train Epoch: 3 [12800/20000]	Loss: 2.1640 (2.3888) 	Acc: 100.00% (94.02%)
2025-05-13 12:37:09,486 - __main__ - INFO - Task id: 7	Train Epoch: 3 [19200/20000]	Loss: 2.1893 (2.3581) 	Acc: 100.00% (94.43%)
2025-05-13 12:37:40,343 - __main__ - INFO - Task id: 7
2025-05-13 12:37:40,343 - __main__ - INFO - Train Epoch: 3
2025-05-13 12:37:40,343 - __main__ - INFO - skirt_length mAP: 0.0000
2025-05-13 12:37:40,343 - __main__ - INFO - sleeve_length mAP: 0.0000
2025-05-13 12:37:40,343 - __main__ - INFO - coat_length mAP: 0.0000
2025-05-13 12:37:40,343 - __main__ - INFO - pant_length mAP: 0.0000
2025-05-13 12:37:40,343 - __main__ - INFO - collar_design mAP: 0.0000
2025-05-13 12:37:40,344 - __main__ - INFO - lapel_design mAP: 0.0000
2025-05-13 12:37:40,344 - __main__ - INFO - neckline_design mAP: 0.0000
2025-05-13 12:37:40,344 - __main__ - INFO - neck_design mAP: 63.2858
2025-05-13 12:37:40,344 - __main__ - INFO - texture-related mAP: 0.0000
2025-05-13 12:37:40,344 - __main__ - INFO - fabric-related mAP: 0.0000
2025-05-13 12:37:40,344 - __main__ - INFO - shape-related mAP: 0.0000
2025-05-13 12:37:40,344 - __main__ - INFO - part-related mAP: 0.0000
2025-05-13 12:37:40,344 - __main__ - INFO - style-related mAP: 0.0000
2025-05-13 12:37:40,344 - __main__ - INFO - clothes category mAP: 0.0000
2025-05-13 12:37:40,344 - __main__ - INFO - clothes button mAP: 0.0000
2025-05-13 12:37:40,344 - __main__ - INFO - clothes color mAP: 0.0000
2025-05-13 12:37:40,344 - __main__ - INFO - clothes length mAP: 0.0000
2025-05-13 12:37:40,344 - __main__ - INFO - clothes pattern mAP: 0.0000
2025-05-13 12:37:40,344 - __main__ - INFO - clothes shape mAP: 0.0000
2025-05-13 12:37:40,344 - __main__ - INFO - collar shape mAP: 0.0000
2025-05-13 12:37:40,344 - __main__ - INFO - sleeve length mAP: 0.0000
2025-05-13 12:37:40,344 - __main__ - INFO - sleeve shape mAP: 0.0000
2025-05-13 12:37:40,344 - __main__ - INFO - MeanAP: 63.2858

2025-05-13 12:37:41,756 - __main__ - INFO - lr:9e-05
2025-05-13 12:37:42,561 - __main__ - INFO - Task id: 7	Train Epoch: 4 [0/20000]	Loss: 2.1034 (2.1034) 	Acc: 100.00% (100.00%)
2025-05-13 12:38:25,446 - __main__ - INFO - Task id: 7	Train Epoch: 4 [6400/20000]	Loss: 2.0682 (2.2441) 	Acc: 100.00% (96.04%)
2025-05-13 12:39:08,739 - __main__ - INFO - Task id: 7	Train Epoch: 4 [12800/20000]	Loss: 1.9588 (2.2213) 	Acc: 93.75% (96.47%)
2025-05-13 12:39:52,403 - __main__ - INFO - Task id: 7	Train Epoch: 4 [19200/20000]	Loss: 2.1180 (2.1957) 	Acc: 100.00% (96.76%)
2025-05-13 12:40:22,851 - __main__ - INFO - Task id: 7
2025-05-13 12:40:22,852 - __main__ - INFO - Train Epoch: 4
2025-05-13 12:40:22,852 - __main__ - INFO - skirt_length mAP: 0.0000
2025-05-13 12:40:22,852 - __main__ - INFO - sleeve_length mAP: 0.0000
2025-05-13 12:40:22,852 - __main__ - INFO - coat_length mAP: 0.0000
2025-05-13 12:40:22,852 - __main__ - INFO - pant_length mAP: 0.0000
2025-05-13 12:40:22,852 - __main__ - INFO - collar_design mAP: 0.0000
2025-05-13 12:40:22,852 - __main__ - INFO - lapel_design mAP: 0.0000
2025-05-13 12:40:22,852 - __main__ - INFO - neckline_design mAP: 0.0000
2025-05-13 12:40:22,852 - __main__ - INFO - neck_design mAP: 62.6168
2025-05-13 12:40:22,852 - __main__ - INFO - texture-related mAP: 0.0000
2025-05-13 12:40:22,852 - __main__ - INFO - fabric-related mAP: 0.0000
2025-05-13 12:40:22,852 - __main__ - INFO - shape-related mAP: 0.0000
2025-05-13 12:40:22,852 - __main__ - INFO - part-related mAP: 0.0000
2025-05-13 12:40:22,852 - __main__ - INFO - style-related mAP: 0.0000
2025-05-13 12:40:22,852 - __main__ - INFO - clothes category mAP: 0.0000
2025-05-13 12:40:22,852 - __main__ - INFO - clothes button mAP: 0.0000
2025-05-13 12:40:22,852 - __main__ - INFO - clothes color mAP: 0.0000
2025-05-13 12:40:22,852 - __main__ - INFO - clothes length mAP: 0.0000
2025-05-13 12:40:22,852 - __main__ - INFO - clothes pattern mAP: 0.0000
2025-05-13 12:40:22,852 - __main__ - INFO - clothes shape mAP: 0.0000
2025-05-13 12:40:22,852 - __main__ - INFO - collar shape mAP: 0.0000
2025-05-13 12:40:22,852 - __main__ - INFO - sleeve length mAP: 0.0000
2025-05-13 12:40:22,852 - __main__ - INFO - sleeve shape mAP: 0.0000
2025-05-13 12:40:22,852 - __main__ - INFO - MeanAP: 62.6168

2025-05-13 12:40:23,480 - __main__ - INFO - lr:9e-05
2025-05-13 12:40:24,310 - __main__ - INFO - Task id: 7	Train Epoch: 5 [0/20000]	Loss: 2.2943 (2.2943) 	Acc: 100.00% (100.00%)
2025-05-13 12:41:07,290 - __main__ - INFO - Task id: 7	Train Epoch: 5 [6400/20000]	Loss: 2.0585 (2.1360) 	Acc: 100.00% (97.57%)
2025-05-13 12:41:49,980 - __main__ - INFO - Task id: 7	Train Epoch: 5 [12800/20000]	Loss: 2.1013 (2.1229) 	Acc: 100.00% (97.81%)
2025-05-13 12:42:32,388 - __main__ - INFO - Task id: 7	Train Epoch: 5 [19200/20000]	Loss: 2.2168 (2.1122) 	Acc: 100.00% (97.97%)
2025-05-13 12:43:02,520 - __main__ - INFO - Task id: 7
2025-05-13 12:43:02,520 - __main__ - INFO - Train Epoch: 5
2025-05-13 12:43:02,521 - __main__ - INFO - skirt_length mAP: 0.0000
2025-05-13 12:43:02,521 - __main__ - INFO - sleeve_length mAP: 0.0000
2025-05-13 12:43:02,521 - __main__ - INFO - coat_length mAP: 0.0000
2025-05-13 12:43:02,521 - __main__ - INFO - pant_length mAP: 0.0000
2025-05-13 12:43:02,521 - __main__ - INFO - collar_design mAP: 0.0000
2025-05-13 12:43:02,521 - __main__ - INFO - lapel_design mAP: 0.0000
2025-05-13 12:43:02,521 - __main__ - INFO - neckline_design mAP: 0.0000
2025-05-13 12:43:02,521 - __main__ - INFO - neck_design mAP: 65.4106
2025-05-13 12:43:02,521 - __main__ - INFO - texture-related mAP: 0.0000
2025-05-13 12:43:02,521 - __main__ - INFO - fabric-related mAP: 0.0000
2025-05-13 12:43:02,521 - __main__ - INFO - shape-related mAP: 0.0000
2025-05-13 12:43:02,521 - __main__ - INFO - part-related mAP: 0.0000
2025-05-13 12:43:02,521 - __main__ - INFO - style-related mAP: 0.0000
2025-05-13 12:43:02,521 - __main__ - INFO - clothes category mAP: 0.0000
2025-05-13 12:43:02,521 - __main__ - INFO - clothes button mAP: 0.0000
2025-05-13 12:43:02,521 - __main__ - INFO - clothes color mAP: 0.0000
2025-05-13 12:43:02,521 - __main__ - INFO - clothes length mAP: 0.0000
2025-05-13 12:43:02,521 - __main__ - INFO - clothes pattern mAP: 0.0000
2025-05-13 12:43:02,521 - __main__ - INFO - clothes shape mAP: 0.0000
2025-05-13 12:43:02,521 - __main__ - INFO - collar shape mAP: 0.0000
2025-05-13 12:43:02,521 - __main__ - INFO - sleeve length mAP: 0.0000
2025-05-13 12:43:02,521 - __main__ - INFO - sleeve shape mAP: 0.0000
2025-05-13 12:43:02,521 - __main__ - INFO - MeanAP: 65.4106

2025-05-13 12:43:03,795 - __main__ - INFO - lr:9e-05
2025-05-13 12:43:04,592 - __main__ - INFO - Task id: 7	Train Epoch: 6 [0/20000]	Loss: 1.9999 (1.9999) 	Acc: 100.00% (100.00%)
2025-05-13 12:43:48,028 - __main__ - INFO - Task id: 7	Train Epoch: 6 [6400/20000]	Loss: 2.1372 (2.0539) 	Acc: 100.00% (98.38%)
2025-05-13 12:44:30,539 - __main__ - INFO - Task id: 7	Train Epoch: 6 [12800/20000]	Loss: 2.3880 (2.0493) 	Acc: 100.00% (98.52%)
2025-05-13 12:45:13,078 - __main__ - INFO - Task id: 7	Train Epoch: 6 [19200/20000]	Loss: 1.9478 (2.0494) 	Acc: 100.00% (98.55%)
2025-05-13 12:45:42,760 - __main__ - INFO - Task id: 7
2025-05-13 12:45:42,760 - __main__ - INFO - Train Epoch: 6
2025-05-13 12:45:42,760 - __main__ - INFO - skirt_length mAP: 0.0000
2025-05-13 12:45:42,760 - __main__ - INFO - sleeve_length mAP: 0.0000
2025-05-13 12:45:42,760 - __main__ - INFO - coat_length mAP: 0.0000
2025-05-13 12:45:42,760 - __main__ - INFO - pant_length mAP: 0.0000
2025-05-13 12:45:42,760 - __main__ - INFO - collar_design mAP: 0.0000
2025-05-13 12:45:42,760 - __main__ - INFO - lapel_design mAP: 0.0000
2025-05-13 12:45:42,760 - __main__ - INFO - neckline_design mAP: 0.0000
2025-05-13 12:45:42,761 - __main__ - INFO - neck_design mAP: 64.2875
2025-05-13 12:45:42,761 - __main__ - INFO - texture-related mAP: 0.0000
2025-05-13 12:45:42,761 - __main__ - INFO - fabric-related mAP: 0.0000
2025-05-13 12:45:42,761 - __main__ - INFO - shape-related mAP: 0.0000
2025-05-13 12:45:42,761 - __main__ - INFO - part-related mAP: 0.0000
2025-05-13 12:45:42,761 - __main__ - INFO - style-related mAP: 0.0000
2025-05-13 12:45:42,761 - __main__ - INFO - clothes category mAP: 0.0000
2025-05-13 12:45:42,761 - __main__ - INFO - clothes button mAP: 0.0000
2025-05-13 12:45:42,761 - __main__ - INFO - clothes color mAP: 0.0000
2025-05-13 12:45:42,761 - __main__ - INFO - clothes length mAP: 0.0000
2025-05-13 12:45:42,761 - __main__ - INFO - clothes pattern mAP: 0.0000
2025-05-13 12:45:42,761 - __main__ - INFO - clothes shape mAP: 0.0000
2025-05-13 12:45:42,761 - __main__ - INFO - collar shape mAP: 0.0000
2025-05-13 12:45:42,761 - __main__ - INFO - sleeve length mAP: 0.0000
2025-05-13 12:45:42,761 - __main__ - INFO - sleeve shape mAP: 0.0000
2025-05-13 12:45:42,761 - __main__ - INFO - MeanAP: 64.2875

2025-05-13 12:45:43,371 - __main__ - INFO - lr:8.1e-05
2025-05-13 12:45:44,206 - __main__ - INFO - Task id: 7	Train Epoch: 7 [0/20000]	Loss: 1.8973 (1.8973) 	Acc: 100.00% (100.00%)
2025-05-13 12:46:27,319 - __main__ - INFO - Task id: 7	Train Epoch: 7 [6400/20000]	Loss: 1.8760 (2.0189) 	Acc: 100.00% (98.89%)
2025-05-13 12:47:09,621 - __main__ - INFO - Task id: 7	Train Epoch: 7 [12800/20000]	Loss: 1.9762 (2.0083) 	Acc: 100.00% (99.10%)
2025-05-13 12:47:51,975 - __main__ - INFO - Task id: 7	Train Epoch: 7 [19200/20000]	Loss: 1.8850 (2.0040) 	Acc: 100.00% (99.13%)
2025-05-13 12:48:21,918 - __main__ - INFO - Task id: 7
2025-05-13 12:48:21,918 - __main__ - INFO - Train Epoch: 7
2025-05-13 12:48:21,918 - __main__ - INFO - skirt_length mAP: 0.0000
2025-05-13 12:48:21,918 - __main__ - INFO - sleeve_length mAP: 0.0000
2025-05-13 12:48:21,918 - __main__ - INFO - coat_length mAP: 0.0000
2025-05-13 12:48:21,918 - __main__ - INFO - pant_length mAP: 0.0000
2025-05-13 12:48:21,918 - __main__ - INFO - collar_design mAP: 0.0000
2025-05-13 12:48:21,918 - __main__ - INFO - lapel_design mAP: 0.0000
2025-05-13 12:48:21,918 - __main__ - INFO - neckline_design mAP: 0.0000
2025-05-13 12:48:21,918 - __main__ - INFO - neck_design mAP: 66.4954
2025-05-13 12:48:21,918 - __main__ - INFO - texture-related mAP: 0.0000
2025-05-13 12:48:21,919 - __main__ - INFO - fabric-related mAP: 0.0000
2025-05-13 12:48:21,919 - __main__ - INFO - shape-related mAP: 0.0000
2025-05-13 12:48:21,919 - __main__ - INFO - part-related mAP: 0.0000
2025-05-13 12:48:21,919 - __main__ - INFO - style-related mAP: 0.0000
2025-05-13 12:48:21,919 - __main__ - INFO - clothes category mAP: 0.0000
2025-05-13 12:48:21,919 - __main__ - INFO - clothes button mAP: 0.0000
2025-05-13 12:48:21,919 - __main__ - INFO - clothes color mAP: 0.0000
2025-05-13 12:48:21,919 - __main__ - INFO - clothes length mAP: 0.0000
2025-05-13 12:48:21,919 - __main__ - INFO - clothes pattern mAP: 0.0000
2025-05-13 12:48:21,919 - __main__ - INFO - clothes shape mAP: 0.0000
2025-05-13 12:48:21,919 - __main__ - INFO - collar shape mAP: 0.0000
2025-05-13 12:48:21,919 - __main__ - INFO - sleeve length mAP: 0.0000
2025-05-13 12:48:21,919 - __main__ - INFO - sleeve shape mAP: 0.0000
2025-05-13 12:48:21,919 - __main__ - INFO - MeanAP: 66.4954

2025-05-13 12:48:23,163 - __main__ - INFO - lr:8.1e-05
2025-05-13 12:48:23,956 - __main__ - INFO - Task id: 7	Train Epoch: 8 [0/20000]	Loss: 1.9714 (1.9714) 	Acc: 93.75% (93.75%)
2025-05-13 12:49:07,595 - __main__ - INFO - Task id: 7	Train Epoch: 8 [6400/20000]	Loss: 2.1701 (2.0053) 	Acc: 100.00% (99.14%)
2025-05-13 12:49:49,756 - __main__ - INFO - Task id: 7	Train Epoch: 8 [12800/20000]	Loss: 1.8619 (1.9964) 	Acc: 100.00% (99.23%)
2025-05-13 12:50:33,055 - __main__ - INFO - Task id: 7	Train Epoch: 8 [19200/20000]	Loss: 1.8291 (1.9949) 	Acc: 100.00% (99.29%)
2025-05-13 12:51:02,894 - __main__ - INFO - Task id: 7
2025-05-13 12:51:02,894 - __main__ - INFO - Train Epoch: 8
2025-05-13 12:51:02,894 - __main__ - INFO - skirt_length mAP: 0.0000
2025-05-13 12:51:02,894 - __main__ - INFO - sleeve_length mAP: 0.0000
2025-05-13 12:51:02,895 - __main__ - INFO - coat_length mAP: 0.0000
2025-05-13 12:51:02,895 - __main__ - INFO - pant_length mAP: 0.0000
2025-05-13 12:51:02,895 - __main__ - INFO - collar_design mAP: 0.0000
2025-05-13 12:51:02,895 - __main__ - INFO - lapel_design mAP: 0.0000
2025-05-13 12:51:02,895 - __main__ - INFO - neckline_design mAP: 0.0000
2025-05-13 12:51:02,895 - __main__ - INFO - neck_design mAP: 62.5364
2025-05-13 12:51:02,895 - __main__ - INFO - texture-related mAP: 0.0000
2025-05-13 12:51:02,895 - __main__ - INFO - fabric-related mAP: 0.0000
2025-05-13 12:51:02,895 - __main__ - INFO - shape-related mAP: 0.0000
2025-05-13 12:51:02,895 - __main__ - INFO - part-related mAP: 0.0000
2025-05-13 12:51:02,895 - __main__ - INFO - style-related mAP: 0.0000
2025-05-13 12:51:02,895 - __main__ - INFO - clothes category mAP: 0.0000
2025-05-13 12:51:02,895 - __main__ - INFO - clothes button mAP: 0.0000
2025-05-13 12:51:02,895 - __main__ - INFO - clothes color mAP: 0.0000
2025-05-13 12:51:02,895 - __main__ - INFO - clothes length mAP: 0.0000
2025-05-13 12:51:02,895 - __main__ - INFO - clothes pattern mAP: 0.0000
2025-05-13 12:51:02,895 - __main__ - INFO - clothes shape mAP: 0.0000
2025-05-13 12:51:02,895 - __main__ - INFO - collar shape mAP: 0.0000
2025-05-13 12:51:02,895 - __main__ - INFO - sleeve length mAP: 0.0000
2025-05-13 12:51:02,895 - __main__ - INFO - sleeve shape mAP: 0.0000
2025-05-13 12:51:02,895 - __main__ - INFO - MeanAP: 62.5364

2025-05-13 12:51:03,515 - __main__ - INFO - lr:8.1e-05
2025-05-13 12:51:04,325 - __main__ - INFO - Task id: 7	Train Epoch: 9 [0/20000]	Loss: 1.8378 (1.8378) 	Acc: 100.00% (100.00%)
2025-05-13 12:51:47,858 - __main__ - INFO - Task id: 7	Train Epoch: 9 [6400/20000]	Loss: 1.8217 (1.9676) 	Acc: 100.00% (99.49%)
2025-05-13 12:52:31,904 - __main__ - INFO - Task id: 7	Train Epoch: 9 [12800/20000]	Loss: 1.9858 (1.9733) 	Acc: 100.00% (99.44%)
2025-05-13 12:53:16,202 - __main__ - INFO - Task id: 7	Train Epoch: 9 [19200/20000]	Loss: 1.9867 (1.9770) 	Acc: 100.00% (99.45%)
2025-05-13 12:53:46,363 - __main__ - INFO - Task id: 7
2025-05-13 12:53:46,364 - __main__ - INFO - Train Epoch: 9
2025-05-13 12:53:46,364 - __main__ - INFO - skirt_length mAP: 0.0000
2025-05-13 12:53:46,364 - __main__ - INFO - sleeve_length mAP: 0.0000
2025-05-13 12:53:46,364 - __main__ - INFO - coat_length mAP: 0.0000
2025-05-13 12:53:46,364 - __main__ - INFO - pant_length mAP: 0.0000
2025-05-13 12:53:46,364 - __main__ - INFO - collar_design mAP: 0.0000
2025-05-13 12:53:46,364 - __main__ - INFO - lapel_design mAP: 0.0000
2025-05-13 12:53:46,364 - __main__ - INFO - neckline_design mAP: 0.0000
2025-05-13 12:53:46,364 - __main__ - INFO - neck_design mAP: 64.2678
2025-05-13 12:53:46,364 - __main__ - INFO - texture-related mAP: 0.0000
2025-05-13 12:53:46,364 - __main__ - INFO - fabric-related mAP: 0.0000
2025-05-13 12:53:46,364 - __main__ - INFO - shape-related mAP: 0.0000
2025-05-13 12:53:46,364 - __main__ - INFO - part-related mAP: 0.0000
2025-05-13 12:53:46,364 - __main__ - INFO - style-related mAP: 0.0000
2025-05-13 12:53:46,364 - __main__ - INFO - clothes category mAP: 0.0000
2025-05-13 12:53:46,364 - __main__ - INFO - clothes button mAP: 0.0000
2025-05-13 12:53:46,364 - __main__ - INFO - clothes color mAP: 0.0000
2025-05-13 12:53:46,364 - __main__ - INFO - clothes length mAP: 0.0000
2025-05-13 12:53:46,364 - __main__ - INFO - clothes pattern mAP: 0.0000
2025-05-13 12:53:46,364 - __main__ - INFO - clothes shape mAP: 0.0000
2025-05-13 12:53:46,364 - __main__ - INFO - collar shape mAP: 0.0000
2025-05-13 12:53:46,364 - __main__ - INFO - sleeve length mAP: 0.0000
2025-05-13 12:53:46,364 - __main__ - INFO - sleeve shape mAP: 0.0000
2025-05-13 12:53:46,364 - __main__ - INFO - MeanAP: 64.2678

2025-05-13 12:53:46,985 - __main__ - INFO - lr:7.290000000000001e-05
2025-05-13 12:53:47,765 - __main__ - INFO - Task id: 7	Train Epoch: 10 [0/20000]	Loss: 1.9827 (1.9827) 	Acc: 100.00% (100.00%)
2025-05-13 12:54:30,917 - __main__ - INFO - Task id: 7	Train Epoch: 10 [6400/20000]	Loss: 2.0628 (1.9726) 	Acc: 100.00% (99.53%)
2025-05-13 12:55:13,287 - __main__ - INFO - Task id: 7	Train Epoch: 10 [12800/20000]	Loss: 1.8271 (1.9639) 	Acc: 100.00% (99.55%)
2025-05-13 12:55:56,161 - __main__ - INFO - Task id: 7	Train Epoch: 10 [19200/20000]	Loss: 2.1925 (1.9592) 	Acc: 93.75% (99.56%)
2025-05-13 12:56:26,233 - __main__ - INFO - Task id: 7
2025-05-13 12:56:26,234 - __main__ - INFO - Train Epoch: 10
2025-05-13 12:56:26,234 - __main__ - INFO - skirt_length mAP: 0.0000
2025-05-13 12:56:26,234 - __main__ - INFO - sleeve_length mAP: 0.0000
2025-05-13 12:56:26,234 - __main__ - INFO - coat_length mAP: 0.0000
2025-05-13 12:56:26,234 - __main__ - INFO - pant_length mAP: 0.0000
2025-05-13 12:56:26,234 - __main__ - INFO - collar_design mAP: 0.0000
2025-05-13 12:56:26,234 - __main__ - INFO - lapel_design mAP: 0.0000
2025-05-13 12:56:26,234 - __main__ - INFO - neckline_design mAP: 0.0000
2025-05-13 12:56:26,234 - __main__ - INFO - neck_design mAP: 64.8709
2025-05-13 12:56:26,234 - __main__ - INFO - texture-related mAP: 0.0000
2025-05-13 12:56:26,234 - __main__ - INFO - fabric-related mAP: 0.0000
2025-05-13 12:56:26,234 - __main__ - INFO - shape-related mAP: 0.0000
2025-05-13 12:56:26,234 - __main__ - INFO - part-related mAP: 0.0000
2025-05-13 12:56:26,234 - __main__ - INFO - style-related mAP: 0.0000
2025-05-13 12:56:26,234 - __main__ - INFO - clothes category mAP: 0.0000
2025-05-13 12:56:26,234 - __main__ - INFO - clothes button mAP: 0.0000
2025-05-13 12:56:26,234 - __main__ - INFO - clothes color mAP: 0.0000
2025-05-13 12:56:26,234 - __main__ - INFO - clothes length mAP: 0.0000
2025-05-13 12:56:26,234 - __main__ - INFO - clothes pattern mAP: 0.0000
2025-05-13 12:56:26,234 - __main__ - INFO - clothes shape mAP: 0.0000
2025-05-13 12:56:26,234 - __main__ - INFO - collar shape mAP: 0.0000
2025-05-13 12:56:26,234 - __main__ - INFO - sleeve length mAP: 0.0000
2025-05-13 12:56:26,234 - __main__ - INFO - sleeve shape mAP: 0.0000
2025-05-13 12:56:26,234 - __main__ - INFO - MeanAP: 64.8709

2025-05-13 12:56:26,833 - __main__ - INFO - lr:7.290000000000001e-05
2025-05-13 12:57:14,173 - __main__ - INFO - Task id: 8	Train Epoch: 1 [0/20000]	Loss: 3.4544 (3.4544) 	Acc: 50.00% (50.00%)
2025-05-13 12:58:46,516 - __main__ - INFO - Task id: 8	Train Epoch: 1 [6400/20000]	Loss: 2.9230 (3.1742) 	Acc: 68.75% (65.31%)
2025-05-13 12:59:59,421 - __main__ - INFO - Task id: 8	Train Epoch: 1 [12800/20000]	Loss: 3.0032 (3.1308) 	Acc: 56.25% (67.40%)
2025-05-13 13:01:06,896 - __main__ - INFO - Task id: 8	Train Epoch: 1 [19200/20000]	Loss: 3.2193 (3.1018) 	Acc: 62.50% (68.36%)
2025-05-13 13:02:14,144 - __main__ - INFO - Task id: 8
2025-05-13 13:02:14,145 - __main__ - INFO - Train Epoch: 1
2025-05-13 13:02:14,145 - __main__ - INFO - skirt_length mAP: 0.0000
2025-05-13 13:02:14,145 - __main__ - INFO - sleeve_length mAP: 0.0000
2025-05-13 13:02:14,145 - __main__ - INFO - coat_length mAP: 0.0000
2025-05-13 13:02:14,145 - __main__ - INFO - pant_length mAP: 0.0000
2025-05-13 13:02:14,145 - __main__ - INFO - collar_design mAP: 0.0000
2025-05-13 13:02:14,145 - __main__ - INFO - lapel_design mAP: 0.0000
2025-05-13 13:02:14,145 - __main__ - INFO - neckline_design mAP: 0.0000
2025-05-13 13:02:14,145 - __main__ - INFO - neck_design mAP: 0.0000
2025-05-13 13:02:14,145 - __main__ - INFO - texture-related mAP: 13.1748
2025-05-13 13:02:14,145 - __main__ - INFO - fabric-related mAP: 0.0000
2025-05-13 13:02:14,145 - __main__ - INFO - shape-related mAP: 0.0000
2025-05-13 13:02:14,145 - __main__ - INFO - part-related mAP: 0.0000
2025-05-13 13:02:14,145 - __main__ - INFO - style-related mAP: 0.0000
2025-05-13 13:02:14,145 - __main__ - INFO - clothes category mAP: 0.0000
2025-05-13 13:02:14,145 - __main__ - INFO - clothes button mAP: 0.0000
2025-05-13 13:02:14,146 - __main__ - INFO - clothes color mAP: 0.0000
2025-05-13 13:02:14,146 - __main__ - INFO - clothes length mAP: 0.0000
2025-05-13 13:02:14,146 - __main__ - INFO - clothes pattern mAP: 0.0000
2025-05-13 13:02:14,146 - __main__ - INFO - clothes shape mAP: 0.0000
2025-05-13 13:02:14,146 - __main__ - INFO - collar shape mAP: 0.0000
2025-05-13 13:02:14,146 - __main__ - INFO - sleeve length mAP: 0.0000
2025-05-13 13:02:14,146 - __main__ - INFO - sleeve shape mAP: 0.0000
2025-05-13 13:02:14,146 - __main__ - INFO - MeanAP: 13.1748

2025-05-13 13:02:15,413 - __main__ - INFO - lr:0.0001
2025-05-13 13:02:16,439 - __main__ - INFO - Task id: 8	Train Epoch: 2 [0/20000]	Loss: 2.6293 (2.6293) 	Acc: 93.75% (93.75%)
2025-05-13 13:03:25,534 - __main__ - INFO - Task id: 8	Train Epoch: 2 [6400/20000]	Loss: 2.7823 (2.9923) 	Acc: 75.00% (71.54%)
2025-05-13 13:04:30,259 - __main__ - INFO - Task id: 8	Train Epoch: 2 [12800/20000]	Loss: 2.5799 (2.9706) 	Acc: 75.00% (72.07%)
2025-05-13 13:05:34,470 - __main__ - INFO - Task id: 8	Train Epoch: 2 [19200/20000]	Loss: 2.9369 (2.9617) 	Acc: 75.00% (72.27%)
2025-05-13 13:06:43,903 - __main__ - INFO - Task id: 8
2025-05-13 13:06:43,903 - __main__ - INFO - Train Epoch: 2
2025-05-13 13:06:43,903 - __main__ - INFO - skirt_length mAP: 0.0000
2025-05-13 13:06:43,903 - __main__ - INFO - sleeve_length mAP: 0.0000
2025-05-13 13:06:43,903 - __main__ - INFO - coat_length mAP: 0.0000
2025-05-13 13:06:43,903 - __main__ - INFO - pant_length mAP: 0.0000
2025-05-13 13:06:43,903 - __main__ - INFO - collar_design mAP: 0.0000
2025-05-13 13:06:43,903 - __main__ - INFO - lapel_design mAP: 0.0000
2025-05-13 13:06:43,903 - __main__ - INFO - neckline_design mAP: 0.0000
2025-05-13 13:06:43,904 - __main__ - INFO - neck_design mAP: 0.0000
2025-05-13 13:06:43,904 - __main__ - INFO - texture-related mAP: 13.1234
2025-05-13 13:06:43,904 - __main__ - INFO - fabric-related mAP: 0.0000
2025-05-13 13:06:43,904 - __main__ - INFO - shape-related mAP: 0.0000
2025-05-13 13:06:43,904 - __main__ - INFO - part-related mAP: 0.0000
2025-05-13 13:06:43,904 - __main__ - INFO - style-related mAP: 0.0000
2025-05-13 13:06:43,904 - __main__ - INFO - clothes category mAP: 0.0000
2025-05-13 13:06:43,904 - __main__ - INFO - clothes button mAP: 0.0000
2025-05-13 13:06:43,904 - __main__ - INFO - clothes color mAP: 0.0000
2025-05-13 13:06:43,904 - __main__ - INFO - clothes length mAP: 0.0000
2025-05-13 13:06:43,904 - __main__ - INFO - clothes pattern mAP: 0.0000
2025-05-13 13:06:43,904 - __main__ - INFO - clothes shape mAP: 0.0000
2025-05-13 13:06:43,904 - __main__ - INFO - collar shape mAP: 0.0000
2025-05-13 13:06:43,904 - __main__ - INFO - sleeve length mAP: 0.0000
2025-05-13 13:06:43,904 - __main__ - INFO - sleeve shape mAP: 0.0000
2025-05-13 13:06:43,904 - __main__ - INFO - MeanAP: 13.1234

2025-05-13 13:06:44,533 - __main__ - INFO - lr:0.0001
2025-05-13 13:06:45,442 - __main__ - INFO - Task id: 8	Train Epoch: 3 [0/20000]	Loss: 3.2262 (3.2262) 	Acc: 56.25% (56.25%)
2025-05-13 13:07:50,511 - __main__ - INFO - Task id: 8	Train Epoch: 3 [6400/20000]	Loss: 3.2127 (2.8915) 	Acc: 62.50% (72.90%)
2025-05-13 13:08:57,095 - __main__ - INFO - Task id: 8	Train Epoch: 3 [12800/20000]	Loss: 2.9512 (2.8848) 	Acc: 68.75% (73.30%)
2025-05-13 13:10:04,853 - __main__ - INFO - Task id: 8	Train Epoch: 3 [19200/20000]	Loss: 2.6028 (2.8723) 	Acc: 81.25% (73.67%)
2025-05-13 13:11:12,980 - __main__ - INFO - Task id: 8
2025-05-13 13:11:12,980 - __main__ - INFO - Train Epoch: 3
2025-05-13 13:11:12,980 - __main__ - INFO - skirt_length mAP: 0.0000
2025-05-13 13:11:12,980 - __main__ - INFO - sleeve_length mAP: 0.0000
2025-05-13 13:11:12,980 - __main__ - INFO - coat_length mAP: 0.0000
2025-05-13 13:11:12,980 - __main__ - INFO - pant_length mAP: 0.0000
2025-05-13 13:11:12,981 - __main__ - INFO - collar_design mAP: 0.0000
2025-05-13 13:11:12,981 - __main__ - INFO - lapel_design mAP: 0.0000
2025-05-13 13:11:12,981 - __main__ - INFO - neckline_design mAP: 0.0000
2025-05-13 13:11:12,981 - __main__ - INFO - neck_design mAP: 0.0000
2025-05-13 13:11:12,981 - __main__ - INFO - texture-related mAP: 13.3528
2025-05-13 13:11:12,981 - __main__ - INFO - fabric-related mAP: 0.0000
2025-05-13 13:11:12,981 - __main__ - INFO - shape-related mAP: 0.0000
2025-05-13 13:11:12,981 - __main__ - INFO - part-related mAP: 0.0000
2025-05-13 13:11:12,981 - __main__ - INFO - style-related mAP: 0.0000
2025-05-13 13:11:12,981 - __main__ - INFO - clothes category mAP: 0.0000
2025-05-13 13:11:12,981 - __main__ - INFO - clothes button mAP: 0.0000
2025-05-13 13:11:12,981 - __main__ - INFO - clothes color mAP: 0.0000
2025-05-13 13:11:12,981 - __main__ - INFO - clothes length mAP: 0.0000
2025-05-13 13:11:12,981 - __main__ - INFO - clothes pattern mAP: 0.0000
2025-05-13 13:11:12,981 - __main__ - INFO - clothes shape mAP: 0.0000
2025-05-13 13:11:12,981 - __main__ - INFO - collar shape mAP: 0.0000
2025-05-13 13:11:12,981 - __main__ - INFO - sleeve length mAP: 0.0000
2025-05-13 13:11:12,981 - __main__ - INFO - sleeve shape mAP: 0.0000
2025-05-13 13:11:12,981 - __main__ - INFO - MeanAP: 13.3528

2025-05-13 13:11:14,271 - __main__ - INFO - lr:9e-05
2025-05-13 13:11:15,404 - __main__ - INFO - Task id: 8	Train Epoch: 4 [0/20000]	Loss: 2.7210 (2.7210) 	Acc: 81.25% (81.25%)
2025-05-13 13:12:22,807 - __main__ - INFO - Task id: 8	Train Epoch: 4 [6400/20000]	Loss: 2.5375 (2.8134) 	Acc: 75.00% (75.79%)
2025-05-13 13:13:28,071 - __main__ - INFO - Task id: 8	Train Epoch: 4 [12800/20000]	Loss: 2.9025 (2.7931) 	Acc: 81.25% (75.85%)
2025-05-13 13:14:33,629 - __main__ - INFO - Task id: 8	Train Epoch: 4 [19200/20000]	Loss: 2.4157 (2.7616) 	Acc: 75.00% (76.51%)
2025-05-13 13:15:37,329 - __main__ - INFO - Task id: 8
2025-05-13 13:15:37,329 - __main__ - INFO - Train Epoch: 4
2025-05-13 13:15:37,329 - __main__ - INFO - skirt_length mAP: 0.0000
2025-05-13 13:15:37,329 - __main__ - INFO - sleeve_length mAP: 0.0000
2025-05-13 13:15:37,329 - __main__ - INFO - coat_length mAP: 0.0000
2025-05-13 13:15:37,329 - __main__ - INFO - pant_length mAP: 0.0000
2025-05-13 13:15:37,330 - __main__ - INFO - collar_design mAP: 0.0000
2025-05-13 13:15:37,330 - __main__ - INFO - lapel_design mAP: 0.0000
2025-05-13 13:15:37,330 - __main__ - INFO - neckline_design mAP: 0.0000
2025-05-13 13:15:37,330 - __main__ - INFO - neck_design mAP: 0.0000
2025-05-13 13:15:37,330 - __main__ - INFO - texture-related mAP: 13.1207
2025-05-13 13:15:37,330 - __main__ - INFO - fabric-related mAP: 0.0000
2025-05-13 13:15:37,330 - __main__ - INFO - shape-related mAP: 0.0000
2025-05-13 13:15:37,330 - __main__ - INFO - part-related mAP: 0.0000
2025-05-13 13:15:37,330 - __main__ - INFO - style-related mAP: 0.0000
2025-05-13 13:15:37,330 - __main__ - INFO - clothes category mAP: 0.0000
2025-05-13 13:15:37,330 - __main__ - INFO - clothes button mAP: 0.0000
2025-05-13 13:15:37,330 - __main__ - INFO - clothes color mAP: 0.0000
2025-05-13 13:15:37,330 - __main__ - INFO - clothes length mAP: 0.0000
2025-05-13 13:15:37,330 - __main__ - INFO - clothes pattern mAP: 0.0000
2025-05-13 13:15:37,330 - __main__ - INFO - clothes shape mAP: 0.0000
2025-05-13 13:15:37,330 - __main__ - INFO - collar shape mAP: 0.0000
2025-05-13 13:15:37,330 - __main__ - INFO - sleeve length mAP: 0.0000
2025-05-13 13:15:37,330 - __main__ - INFO - sleeve shape mAP: 0.0000
2025-05-13 13:15:37,330 - __main__ - INFO - MeanAP: 13.1207

2025-05-13 13:15:37,946 - __main__ - INFO - lr:9e-05
2025-05-13 13:15:38,884 - __main__ - INFO - Task id: 8	Train Epoch: 5 [0/20000]	Loss: 2.8689 (2.8689) 	Acc: 81.25% (81.25%)
2025-05-13 13:16:44,238 - __main__ - INFO - Task id: 8	Train Epoch: 5 [6400/20000]	Loss: 2.4925 (2.6868) 	Acc: 93.75% (77.67%)
2025-05-13 13:17:49,373 - __main__ - INFO - Task id: 8	Train Epoch: 5 [12800/20000]	Loss: 2.3115 (2.6920) 	Acc: 81.25% (77.35%)
2025-05-13 13:18:52,649 - __main__ - INFO - Task id: 8	Train Epoch: 5 [19200/20000]	Loss: 3.0280 (2.6797) 	Acc: 62.50% (77.50%)
2025-05-13 13:20:00,997 - __main__ - INFO - Task id: 8
2025-05-13 13:20:00,998 - __main__ - INFO - Train Epoch: 5
2025-05-13 13:20:00,998 - __main__ - INFO - skirt_length mAP: 0.0000
2025-05-13 13:20:00,998 - __main__ - INFO - sleeve_length mAP: 0.0000
2025-05-13 13:20:00,998 - __main__ - INFO - coat_length mAP: 0.0000
2025-05-13 13:20:00,998 - __main__ - INFO - pant_length mAP: 0.0000
2025-05-13 13:20:00,998 - __main__ - INFO - collar_design mAP: 0.0000
2025-05-13 13:20:00,998 - __main__ - INFO - lapel_design mAP: 0.0000
2025-05-13 13:20:00,998 - __main__ - INFO - neckline_design mAP: 0.0000
2025-05-13 13:20:00,998 - __main__ - INFO - neck_design mAP: 0.0000
2025-05-13 13:20:00,998 - __main__ - INFO - texture-related mAP: 13.8787
2025-05-13 13:20:00,998 - __main__ - INFO - fabric-related mAP: 0.0000
2025-05-13 13:20:00,998 - __main__ - INFO - shape-related mAP: 0.0000
2025-05-13 13:20:00,998 - __main__ - INFO - part-related mAP: 0.0000
2025-05-13 13:20:00,998 - __main__ - INFO - style-related mAP: 0.0000
2025-05-13 13:20:00,998 - __main__ - INFO - clothes category mAP: 0.0000
2025-05-13 13:20:00,998 - __main__ - INFO - clothes button mAP: 0.0000
2025-05-13 13:20:00,998 - __main__ - INFO - clothes color mAP: 0.0000
2025-05-13 13:20:00,998 - __main__ - INFO - clothes length mAP: 0.0000
2025-05-13 13:20:00,998 - __main__ - INFO - clothes pattern mAP: 0.0000
2025-05-13 13:20:00,998 - __main__ - INFO - clothes shape mAP: 0.0000
2025-05-13 13:20:00,998 - __main__ - INFO - collar shape mAP: 0.0000
2025-05-13 13:20:00,998 - __main__ - INFO - sleeve length mAP: 0.0000
2025-05-13 13:20:00,998 - __main__ - INFO - sleeve shape mAP: 0.0000
2025-05-13 13:20:00,998 - __main__ - INFO - MeanAP: 13.8787

2025-05-13 13:20:02,214 - __main__ - INFO - lr:9e-05
2025-05-13 13:20:03,276 - __main__ - INFO - Task id: 8	Train Epoch: 6 [0/20000]	Loss: 2.7526 (2.7526) 	Acc: 75.00% (75.00%)
2025-05-13 13:21:09,684 - __main__ - INFO - Task id: 8	Train Epoch: 6 [6400/20000]	Loss: 3.0939 (2.6207) 	Acc: 81.25% (79.35%)
2025-05-13 13:22:13,520 - __main__ - INFO - Task id: 8	Train Epoch: 6 [12800/20000]	Loss: 2.1926 (2.6212) 	Acc: 81.25% (78.71%)
2025-05-13 13:23:16,160 - __main__ - INFO - Task id: 8	Train Epoch: 6 [19200/20000]	Loss: 2.8050 (2.6075) 	Acc: 56.25% (78.81%)
2025-05-13 13:24:19,068 - __main__ - INFO - Task id: 8
2025-05-13 13:24:19,069 - __main__ - INFO - Train Epoch: 6
2025-05-13 13:24:19,069 - __main__ - INFO - skirt_length mAP: 0.0000
2025-05-13 13:24:19,069 - __main__ - INFO - sleeve_length mAP: 0.0000
2025-05-13 13:24:19,069 - __main__ - INFO - coat_length mAP: 0.0000
2025-05-13 13:24:19,069 - __main__ - INFO - pant_length mAP: 0.0000
2025-05-13 13:24:19,069 - __main__ - INFO - collar_design mAP: 0.0000
2025-05-13 13:24:19,069 - __main__ - INFO - lapel_design mAP: 0.0000
2025-05-13 13:24:19,069 - __main__ - INFO - neckline_design mAP: 0.0000
2025-05-13 13:24:19,069 - __main__ - INFO - neck_design mAP: 0.0000
2025-05-13 13:24:19,069 - __main__ - INFO - texture-related mAP: 13.3669
2025-05-13 13:24:19,069 - __main__ - INFO - fabric-related mAP: 0.0000
2025-05-13 13:24:19,069 - __main__ - INFO - shape-related mAP: 0.0000
2025-05-13 13:24:19,069 - __main__ - INFO - part-related mAP: 0.0000
2025-05-13 13:24:19,069 - __main__ - INFO - style-related mAP: 0.0000
2025-05-13 13:24:19,069 - __main__ - INFO - clothes category mAP: 0.0000
2025-05-13 13:24:19,069 - __main__ - INFO - clothes button mAP: 0.0000
2025-05-13 13:24:19,069 - __main__ - INFO - clothes color mAP: 0.0000
2025-05-13 13:24:19,069 - __main__ - INFO - clothes length mAP: 0.0000
2025-05-13 13:24:19,069 - __main__ - INFO - clothes pattern mAP: 0.0000
2025-05-13 13:24:19,069 - __main__ - INFO - clothes shape mAP: 0.0000
2025-05-13 13:24:19,069 - __main__ - INFO - collar shape mAP: 0.0000
2025-05-13 13:24:19,069 - __main__ - INFO - sleeve length mAP: 0.0000
2025-05-13 13:24:19,069 - __main__ - INFO - sleeve shape mAP: 0.0000
2025-05-13 13:24:19,069 - __main__ - INFO - MeanAP: 13.3669

2025-05-13 13:24:19,661 - __main__ - INFO - lr:8.1e-05
2025-05-13 13:24:20,523 - __main__ - INFO - Task id: 8	Train Epoch: 7 [0/20000]	Loss: 1.9747 (1.9747) 	Acc: 93.75% (93.75%)
2025-05-13 13:25:25,489 - __main__ - INFO - Task id: 8	Train Epoch: 7 [6400/20000]	Loss: 2.8557 (2.5435) 	Acc: 81.25% (79.47%)
2025-05-13 13:26:28,652 - __main__ - INFO - Task id: 8	Train Epoch: 7 [12800/20000]	Loss: 2.7190 (2.5336) 	Acc: 56.25% (79.60%)
2025-05-13 13:27:31,992 - __main__ - INFO - Task id: 8	Train Epoch: 7 [19200/20000]	Loss: 2.5717 (2.5217) 	Acc: 81.25% (79.90%)
2025-05-13 13:28:34,669 - __main__ - INFO - Task id: 8
2025-05-13 13:28:34,669 - __main__ - INFO - Train Epoch: 7
2025-05-13 13:28:34,670 - __main__ - INFO - skirt_length mAP: 0.0000
2025-05-13 13:28:34,670 - __main__ - INFO - sleeve_length mAP: 0.0000
2025-05-13 13:28:34,670 - __main__ - INFO - coat_length mAP: 0.0000
2025-05-13 13:28:34,670 - __main__ - INFO - pant_length mAP: 0.0000
2025-05-13 13:28:34,670 - __main__ - INFO - collar_design mAP: 0.0000
2025-05-13 13:28:34,670 - __main__ - INFO - lapel_design mAP: 0.0000
2025-05-13 13:28:34,670 - __main__ - INFO - neckline_design mAP: 0.0000
2025-05-13 13:28:34,670 - __main__ - INFO - neck_design mAP: 0.0000
2025-05-13 13:28:34,670 - __main__ - INFO - texture-related mAP: 13.0488
2025-05-13 13:28:34,670 - __main__ - INFO - fabric-related mAP: 0.0000
2025-05-13 13:28:34,670 - __main__ - INFO - shape-related mAP: 0.0000
2025-05-13 13:28:34,670 - __main__ - INFO - part-related mAP: 0.0000
2025-05-13 13:28:34,670 - __main__ - INFO - style-related mAP: 0.0000
2025-05-13 13:28:34,670 - __main__ - INFO - clothes category mAP: 0.0000
2025-05-13 13:28:34,670 - __main__ - INFO - clothes button mAP: 0.0000
2025-05-13 13:28:34,670 - __main__ - INFO - clothes color mAP: 0.0000
2025-05-13 13:28:34,670 - __main__ - INFO - clothes length mAP: 0.0000
2025-05-13 13:28:34,670 - __main__ - INFO - clothes pattern mAP: 0.0000
2025-05-13 13:28:34,670 - __main__ - INFO - clothes shape mAP: 0.0000
2025-05-13 13:28:34,670 - __main__ - INFO - collar shape mAP: 0.0000
2025-05-13 13:28:34,670 - __main__ - INFO - sleeve length mAP: 0.0000
2025-05-13 13:28:34,670 - __main__ - INFO - sleeve shape mAP: 0.0000
2025-05-13 13:28:34,670 - __main__ - INFO - MeanAP: 13.0488

2025-05-13 13:28:35,286 - __main__ - INFO - lr:8.1e-05
2025-05-13 13:28:36,416 - __main__ - INFO - Task id: 8	Train Epoch: 8 [0/20000]	Loss: 2.1675 (2.1675) 	Acc: 100.00% (100.00%)
2025-05-13 13:29:41,317 - __main__ - INFO - Task id: 8	Train Epoch: 8 [6400/20000]	Loss: 2.3591 (2.4630) 	Acc: 75.00% (80.83%)
2025-05-13 13:30:46,167 - __main__ - INFO - Task id: 8	Train Epoch: 8 [12800/20000]	Loss: 2.2122 (2.4632) 	Acc: 75.00% (80.60%)
2025-05-13 13:31:52,073 - __main__ - INFO - Task id: 8	Train Epoch: 8 [19200/20000]	Loss: 2.7057 (2.4465) 	Acc: 68.75% (80.95%)
2025-05-13 13:32:56,891 - __main__ - INFO - Task id: 8
2025-05-13 13:32:56,892 - __main__ - INFO - Train Epoch: 8
2025-05-13 13:32:56,892 - __main__ - INFO - skirt_length mAP: 0.0000
2025-05-13 13:32:56,892 - __main__ - INFO - sleeve_length mAP: 0.0000
2025-05-13 13:32:56,892 - __main__ - INFO - coat_length mAP: 0.0000
2025-05-13 13:32:56,892 - __main__ - INFO - pant_length mAP: 0.0000
2025-05-13 13:32:56,892 - __main__ - INFO - collar_design mAP: 0.0000
2025-05-13 13:32:56,892 - __main__ - INFO - lapel_design mAP: 0.0000
2025-05-13 13:32:56,892 - __main__ - INFO - neckline_design mAP: 0.0000
2025-05-13 13:32:56,892 - __main__ - INFO - neck_design mAP: 0.0000
2025-05-13 13:32:56,892 - __main__ - INFO - texture-related mAP: 12.9258
2025-05-13 13:32:56,892 - __main__ - INFO - fabric-related mAP: 0.0000
2025-05-13 13:32:56,892 - __main__ - INFO - shape-related mAP: 0.0000
2025-05-13 13:32:56,892 - __main__ - INFO - part-related mAP: 0.0000
2025-05-13 13:32:56,892 - __main__ - INFO - style-related mAP: 0.0000
2025-05-13 13:32:56,892 - __main__ - INFO - clothes category mAP: 0.0000
2025-05-13 13:32:56,892 - __main__ - INFO - clothes button mAP: 0.0000
2025-05-13 13:32:56,892 - __main__ - INFO - clothes color mAP: 0.0000
2025-05-13 13:32:56,892 - __main__ - INFO - clothes length mAP: 0.0000
2025-05-13 13:32:56,892 - __main__ - INFO - clothes pattern mAP: 0.0000
2025-05-13 13:32:56,892 - __main__ - INFO - clothes shape mAP: 0.0000
2025-05-13 13:32:56,892 - __main__ - INFO - collar shape mAP: 0.0000
2025-05-13 13:32:56,893 - __main__ - INFO - sleeve length mAP: 0.0000
2025-05-13 13:32:56,893 - __main__ - INFO - sleeve shape mAP: 0.0000
2025-05-13 13:32:56,893 - __main__ - INFO - MeanAP: 12.9258

2025-05-13 13:32:57,511 - __main__ - INFO - lr:8.1e-05
2025-05-13 13:32:58,595 - __main__ - INFO - Task id: 8	Train Epoch: 9 [0/20000]	Loss: 2.1906 (2.1906) 	Acc: 81.25% (81.25%)
2025-05-13 13:34:02,775 - __main__ - INFO - Task id: 8	Train Epoch: 9 [6400/20000]	Loss: 2.8879 (2.4056) 	Acc: 81.25% (82.11%)
2025-05-13 13:35:07,907 - __main__ - INFO - Task id: 8	Train Epoch: 9 [12800/20000]	Loss: 1.9099 (2.3896) 	Acc: 93.75% (82.20%)
2025-05-13 13:36:12,901 - __main__ - INFO - Task id: 8	Train Epoch: 9 [19200/20000]	Loss: 2.6031 (2.3864) 	Acc: 93.75% (82.72%)
2025-05-13 13:37:18,938 - __main__ - INFO - Task id: 8
2025-05-13 13:37:18,938 - __main__ - INFO - Train Epoch: 9
2025-05-13 13:37:18,938 - __main__ - INFO - skirt_length mAP: 0.0000
2025-05-13 13:37:18,938 - __main__ - INFO - sleeve_length mAP: 0.0000
2025-05-13 13:37:18,938 - __main__ - INFO - coat_length mAP: 0.0000
2025-05-13 13:37:18,938 - __main__ - INFO - pant_length mAP: 0.0000
2025-05-13 13:37:18,938 - __main__ - INFO - collar_design mAP: 0.0000
2025-05-13 13:37:18,938 - __main__ - INFO - lapel_design mAP: 0.0000
2025-05-13 13:37:18,938 - __main__ - INFO - neckline_design mAP: 0.0000
2025-05-13 13:37:18,938 - __main__ - INFO - neck_design mAP: 0.0000
2025-05-13 13:37:18,938 - __main__ - INFO - texture-related mAP: 13.1490
2025-05-13 13:37:18,938 - __main__ - INFO - fabric-related mAP: 0.0000
2025-05-13 13:37:18,938 - __main__ - INFO - shape-related mAP: 0.0000
2025-05-13 13:37:18,938 - __main__ - INFO - part-related mAP: 0.0000
2025-05-13 13:37:18,938 - __main__ - INFO - style-related mAP: 0.0000
2025-05-13 13:37:18,938 - __main__ - INFO - clothes category mAP: 0.0000
2025-05-13 13:37:18,938 - __main__ - INFO - clothes button mAP: 0.0000
2025-05-13 13:37:18,938 - __main__ - INFO - clothes color mAP: 0.0000
2025-05-13 13:37:18,938 - __main__ - INFO - clothes length mAP: 0.0000
2025-05-13 13:37:18,938 - __main__ - INFO - clothes pattern mAP: 0.0000
2025-05-13 13:37:18,938 - __main__ - INFO - clothes shape mAP: 0.0000
2025-05-13 13:37:18,939 - __main__ - INFO - collar shape mAP: 0.0000
2025-05-13 13:37:18,939 - __main__ - INFO - sleeve length mAP: 0.0000
2025-05-13 13:37:18,939 - __main__ - INFO - sleeve shape mAP: 0.0000
2025-05-13 13:37:18,939 - __main__ - INFO - MeanAP: 13.1490

2025-05-13 13:37:19,553 - __main__ - INFO - lr:7.290000000000001e-05
2025-05-13 13:37:20,380 - __main__ - INFO - Task id: 8	Train Epoch: 10 [0/20000]	Loss: 2.5090 (2.5090) 	Acc: 75.00% (75.00%)
2025-05-13 13:38:28,132 - __main__ - INFO - Task id: 8	Train Epoch: 10 [6400/20000]	Loss: 1.9954 (2.3141) 	Acc: 87.50% (83.46%)
2025-05-13 13:39:33,856 - __main__ - INFO - Task id: 8	Train Epoch: 10 [12800/20000]	Loss: 2.2387 (2.3112) 	Acc: 87.50% (83.28%)
2025-05-13 13:40:38,621 - __main__ - INFO - Task id: 8	Train Epoch: 10 [19200/20000]	Loss: 2.2270 (2.2941) 	Acc: 93.75% (83.63%)
2025-05-13 13:41:43,424 - __main__ - INFO - Task id: 8
2025-05-13 13:41:43,425 - __main__ - INFO - Train Epoch: 10
2025-05-13 13:41:43,425 - __main__ - INFO - skirt_length mAP: 0.0000
2025-05-13 13:41:43,425 - __main__ - INFO - sleeve_length mAP: 0.0000
2025-05-13 13:41:43,425 - __main__ - INFO - coat_length mAP: 0.0000
2025-05-13 13:41:43,425 - __main__ - INFO - pant_length mAP: 0.0000
2025-05-13 13:41:43,425 - __main__ - INFO - collar_design mAP: 0.0000
2025-05-13 13:41:43,425 - __main__ - INFO - lapel_design mAP: 0.0000
2025-05-13 13:41:43,425 - __main__ - INFO - neckline_design mAP: 0.0000
2025-05-13 13:41:43,425 - __main__ - INFO - neck_design mAP: 0.0000
2025-05-13 13:41:43,425 - __main__ - INFO - texture-related mAP: 13.0592
2025-05-13 13:41:43,425 - __main__ - INFO - fabric-related mAP: 0.0000
2025-05-13 13:41:43,425 - __main__ - INFO - shape-related mAP: 0.0000
2025-05-13 13:41:43,425 - __main__ - INFO - part-related mAP: 0.0000
2025-05-13 13:41:43,425 - __main__ - INFO - style-related mAP: 0.0000
2025-05-13 13:41:43,425 - __main__ - INFO - clothes category mAP: 0.0000
2025-05-13 13:41:43,425 - __main__ - INFO - clothes button mAP: 0.0000
2025-05-13 13:41:43,425 - __main__ - INFO - clothes color mAP: 0.0000
2025-05-13 13:41:43,425 - __main__ - INFO - clothes length mAP: 0.0000
2025-05-13 13:41:43,425 - __main__ - INFO - clothes pattern mAP: 0.0000
2025-05-13 13:41:43,425 - __main__ - INFO - clothes shape mAP: 0.0000
2025-05-13 13:41:43,425 - __main__ - INFO - collar shape mAP: 0.0000
2025-05-13 13:41:43,425 - __main__ - INFO - sleeve length mAP: 0.0000
2025-05-13 13:41:43,426 - __main__ - INFO - sleeve shape mAP: 0.0000
2025-05-13 13:41:43,426 - __main__ - INFO - MeanAP: 13.0592

2025-05-13 13:41:44,051 - __main__ - INFO - lr:7.290000000000001e-05
2025-05-13 13:42:38,356 - __main__ - INFO - Task id: 9	Train Epoch: 1 [0/20000]	Loss: 3.4231 (3.4231) 	Acc: 56.25% (56.25%)
2025-05-13 13:43:46,585 - __main__ - INFO - Task id: 9	Train Epoch: 1 [6400/20000]	Loss: 3.3622 (3.2563) 	Acc: 50.00% (63.84%)
2025-05-13 13:44:50,966 - __main__ - INFO - Task id: 9	Train Epoch: 1 [12800/20000]	Loss: 3.2034 (3.2132) 	Acc: 68.75% (65.15%)
2025-05-13 13:45:54,616 - __main__ - INFO - Task id: 9	Train Epoch: 1 [19200/20000]	Loss: 3.0287 (3.1874) 	Acc: 62.50% (66.13%)
2025-05-13 13:47:35,739 - __main__ - INFO - Task id: 9
2025-05-13 13:47:35,740 - __main__ - INFO - Train Epoch: 1
2025-05-13 13:47:35,740 - __main__ - INFO - skirt_length mAP: 0.0000
2025-05-13 13:47:35,740 - __main__ - INFO - sleeve_length mAP: 0.0000
2025-05-13 13:47:35,740 - __main__ - INFO - coat_length mAP: 0.0000
2025-05-13 13:47:35,740 - __main__ - INFO - pant_length mAP: 0.0000
2025-05-13 13:47:35,740 - __main__ - INFO - collar_design mAP: 0.0000
2025-05-13 13:47:35,740 - __main__ - INFO - lapel_design mAP: 0.0000
2025-05-13 13:47:35,740 - __main__ - INFO - neckline_design mAP: 0.0000
2025-05-13 13:47:35,740 - __main__ - INFO - neck_design mAP: 0.0000
2025-05-13 13:47:35,740 - __main__ - INFO - texture-related mAP: 0.0000
2025-05-13 13:47:35,740 - __main__ - INFO - fabric-related mAP: 5.7938
2025-05-13 13:47:35,740 - __main__ - INFO - shape-related mAP: 0.0000
2025-05-13 13:47:35,740 - __main__ - INFO - part-related mAP: 0.0000
2025-05-13 13:47:35,740 - __main__ - INFO - style-related mAP: 0.0000
2025-05-13 13:47:35,740 - __main__ - INFO - clothes category mAP: 0.0000
2025-05-13 13:47:35,740 - __main__ - INFO - clothes button mAP: 0.0000
2025-05-13 13:47:35,740 - __main__ - INFO - clothes color mAP: 0.0000
2025-05-13 13:47:35,740 - __main__ - INFO - clothes length mAP: 0.0000
2025-05-13 13:47:35,740 - __main__ - INFO - clothes pattern mAP: 0.0000
2025-05-13 13:47:35,740 - __main__ - INFO - clothes shape mAP: 0.0000
2025-05-13 13:47:35,740 - __main__ - INFO - collar shape mAP: 0.0000
2025-05-13 13:47:35,740 - __main__ - INFO - sleeve length mAP: 0.0000
2025-05-13 13:47:35,740 - __main__ - INFO - sleeve shape mAP: 0.0000
2025-05-13 13:47:35,741 - __main__ - INFO - MeanAP: 5.7938

2025-05-13 13:47:36,989 - __main__ - INFO - lr:0.0001
2025-05-13 13:47:37,974 - __main__ - INFO - Task id: 9	Train Epoch: 2 [0/20000]	Loss: 3.3114 (3.3114) 	Acc: 62.50% (62.50%)
2025-05-13 13:48:42,167 - __main__ - INFO - Task id: 9	Train Epoch: 2 [6400/20000]	Loss: 2.8336 (3.0627) 	Acc: 68.75% (69.54%)
2025-05-13 13:49:45,190 - __main__ - INFO - Task id: 9	Train Epoch: 2 [12800/20000]	Loss: 3.0756 (3.0693) 	Acc: 81.25% (69.34%)
2025-05-13 13:50:47,151 - __main__ - INFO - Task id: 9	Train Epoch: 2 [19200/20000]	Loss: 2.6551 (3.0607) 	Acc: 75.00% (69.46%)
2025-05-13 13:52:23,092 - __main__ - INFO - Task id: 9
2025-05-13 13:52:23,092 - __main__ - INFO - Train Epoch: 2
2025-05-13 13:52:23,092 - __main__ - INFO - skirt_length mAP: 0.0000
2025-05-13 13:52:23,092 - __main__ - INFO - sleeve_length mAP: 0.0000
2025-05-13 13:52:23,092 - __main__ - INFO - coat_length mAP: 0.0000
2025-05-13 13:52:23,092 - __main__ - INFO - pant_length mAP: 0.0000
2025-05-13 13:52:23,092 - __main__ - INFO - collar_design mAP: 0.0000
2025-05-13 13:52:23,093 - __main__ - INFO - lapel_design mAP: 0.0000
2025-05-13 13:52:23,093 - __main__ - INFO - neckline_design mAP: 0.0000
2025-05-13 13:52:23,093 - __main__ - INFO - neck_design mAP: 0.0000
2025-05-13 13:52:23,093 - __main__ - INFO - texture-related mAP: 0.0000
2025-05-13 13:52:23,093 - __main__ - INFO - fabric-related mAP: 6.2358
2025-05-13 13:52:23,093 - __main__ - INFO - shape-related mAP: 0.0000
2025-05-13 13:52:23,093 - __main__ - INFO - part-related mAP: 0.0000
2025-05-13 13:52:23,093 - __main__ - INFO - style-related mAP: 0.0000
2025-05-13 13:52:23,093 - __main__ - INFO - clothes category mAP: 0.0000
2025-05-13 13:52:23,093 - __main__ - INFO - clothes button mAP: 0.0000
2025-05-13 13:52:23,093 - __main__ - INFO - clothes color mAP: 0.0000
2025-05-13 13:52:23,093 - __main__ - INFO - clothes length mAP: 0.0000
2025-05-13 13:52:23,093 - __main__ - INFO - clothes pattern mAP: 0.0000
2025-05-13 13:52:23,093 - __main__ - INFO - clothes shape mAP: 0.0000
2025-05-13 13:52:23,093 - __main__ - INFO - collar shape mAP: 0.0000
2025-05-13 13:52:23,093 - __main__ - INFO - sleeve length mAP: 0.0000
2025-05-13 13:52:23,093 - __main__ - INFO - sleeve shape mAP: 0.0000
2025-05-13 13:52:23,093 - __main__ - INFO - MeanAP: 6.2358

2025-05-13 13:52:24,354 - __main__ - INFO - lr:0.0001
2025-05-13 13:52:25,267 - __main__ - INFO - Task id: 9	Train Epoch: 3 [0/20000]	Loss: 2.5600 (2.5600) 	Acc: 75.00% (75.00%)
2025-05-13 13:53:28,936 - __main__ - INFO - Task id: 9	Train Epoch: 3 [6400/20000]	Loss: 3.2097 (2.9997) 	Acc: 62.50% (71.31%)
2025-05-13 13:54:32,207 - __main__ - INFO - Task id: 9	Train Epoch: 3 [12800/20000]	Loss: 3.1419 (3.0070) 	Acc: 62.50% (71.04%)
2025-05-13 13:55:35,651 - __main__ - INFO - Task id: 9	Train Epoch: 3 [19200/20000]	Loss: 3.0462 (2.9988) 	Acc: 68.75% (71.11%)
2025-05-13 13:57:16,142 - __main__ - INFO - Task id: 9
2025-05-13 13:57:16,143 - __main__ - INFO - Train Epoch: 3
2025-05-13 13:57:16,143 - __main__ - INFO - skirt_length mAP: 0.0000
2025-05-13 13:57:16,143 - __main__ - INFO - sleeve_length mAP: 0.0000
2025-05-13 13:57:16,143 - __main__ - INFO - coat_length mAP: 0.0000
2025-05-13 13:57:16,143 - __main__ - INFO - pant_length mAP: 0.0000
2025-05-13 13:57:16,143 - __main__ - INFO - collar_design mAP: 0.0000
2025-05-13 13:57:16,143 - __main__ - INFO - lapel_design mAP: 0.0000
2025-05-13 13:57:16,143 - __main__ - INFO - neckline_design mAP: 0.0000
2025-05-13 13:57:16,143 - __main__ - INFO - neck_design mAP: 0.0000
2025-05-13 13:57:16,143 - __main__ - INFO - texture-related mAP: 0.0000
2025-05-13 13:57:16,143 - __main__ - INFO - fabric-related mAP: 6.3023
2025-05-13 13:57:16,143 - __main__ - INFO - shape-related mAP: 0.0000
2025-05-13 13:57:16,143 - __main__ - INFO - part-related mAP: 0.0000
2025-05-13 13:57:16,143 - __main__ - INFO - style-related mAP: 0.0000
2025-05-13 13:57:16,143 - __main__ - INFO - clothes category mAP: 0.0000
2025-05-13 13:57:16,143 - __main__ - INFO - clothes button mAP: 0.0000
2025-05-13 13:57:16,143 - __main__ - INFO - clothes color mAP: 0.0000
2025-05-13 13:57:16,143 - __main__ - INFO - clothes length mAP: 0.0000
2025-05-13 13:57:16,143 - __main__ - INFO - clothes pattern mAP: 0.0000
2025-05-13 13:57:16,143 - __main__ - INFO - clothes shape mAP: 0.0000
2025-05-13 13:57:16,143 - __main__ - INFO - collar shape mAP: 0.0000
2025-05-13 13:57:16,143 - __main__ - INFO - sleeve length mAP: 0.0000
2025-05-13 13:57:16,143 - __main__ - INFO - sleeve shape mAP: 0.0000
2025-05-13 13:57:16,143 - __main__ - INFO - MeanAP: 6.3023

2025-05-13 13:57:17,476 - __main__ - INFO - lr:9e-05
2025-05-13 13:57:18,470 - __main__ - INFO - Task id: 9	Train Epoch: 4 [0/20000]	Loss: 2.6908 (2.6908) 	Acc: 75.00% (75.00%)
2025-05-13 13:58:23,542 - __main__ - INFO - Task id: 9	Train Epoch: 4 [6400/20000]	Loss: 3.1636 (2.9501) 	Acc: 62.50% (72.01%)
2025-05-13 13:59:28,465 - __main__ - INFO - Task id: 9	Train Epoch: 4 [12800/20000]	Loss: 2.6009 (2.9345) 	Acc: 93.75% (72.38%)
2025-05-13 14:00:31,909 - __main__ - INFO - Task id: 9	Train Epoch: 4 [19200/20000]	Loss: 2.9234 (2.9323) 	Acc: 81.25% (72.57%)
2025-05-13 14:02:12,266 - __main__ - INFO - Task id: 9
2025-05-13 14:02:12,267 - __main__ - INFO - Train Epoch: 4
2025-05-13 14:02:12,267 - __main__ - INFO - skirt_length mAP: 0.0000
2025-05-13 14:02:12,267 - __main__ - INFO - sleeve_length mAP: 0.0000
2025-05-13 14:02:12,267 - __main__ - INFO - coat_length mAP: 0.0000
2025-05-13 14:02:12,267 - __main__ - INFO - pant_length mAP: 0.0000
2025-05-13 14:02:12,267 - __main__ - INFO - collar_design mAP: 0.0000
2025-05-13 14:02:12,267 - __main__ - INFO - lapel_design mAP: 0.0000
2025-05-13 14:02:12,267 - __main__ - INFO - neckline_design mAP: 0.0000
2025-05-13 14:02:12,267 - __main__ - INFO - neck_design mAP: 0.0000
2025-05-13 14:02:12,267 - __main__ - INFO - texture-related mAP: 0.0000
2025-05-13 14:02:12,267 - __main__ - INFO - fabric-related mAP: 6.5125
2025-05-13 14:02:12,267 - __main__ - INFO - shape-related mAP: 0.0000
2025-05-13 14:02:12,267 - __main__ - INFO - part-related mAP: 0.0000
2025-05-13 14:02:12,267 - __main__ - INFO - style-related mAP: 0.0000
2025-05-13 14:02:12,267 - __main__ - INFO - clothes category mAP: 0.0000
2025-05-13 14:02:12,267 - __main__ - INFO - clothes button mAP: 0.0000
2025-05-13 14:02:12,267 - __main__ - INFO - clothes color mAP: 0.0000
2025-05-13 14:02:12,267 - __main__ - INFO - clothes length mAP: 0.0000
2025-05-13 14:02:12,267 - __main__ - INFO - clothes pattern mAP: 0.0000
2025-05-13 14:02:12,267 - __main__ - INFO - clothes shape mAP: 0.0000
2025-05-13 14:02:12,267 - __main__ - INFO - collar shape mAP: 0.0000
2025-05-13 14:02:12,267 - __main__ - INFO - sleeve length mAP: 0.0000
2025-05-13 14:02:12,267 - __main__ - INFO - sleeve shape mAP: 0.0000
2025-05-13 14:02:12,267 - __main__ - INFO - MeanAP: 6.5125

2025-05-13 14:02:13,444 - __main__ - INFO - lr:9e-05
2025-05-13 14:02:14,847 - __main__ - INFO - Task id: 9	Train Epoch: 5 [0/20000]	Loss: 3.1215 (3.1215) 	Acc: 62.50% (62.50%)
2025-05-13 14:03:18,243 - __main__ - INFO - Task id: 9	Train Epoch: 5 [6400/20000]	Loss: 2.5731 (2.8942) 	Acc: 93.75% (73.57%)
2025-05-13 14:04:21,912 - __main__ - INFO - Task id: 9	Train Epoch: 5 [12800/20000]	Loss: 3.0196 (2.8980) 	Acc: 56.25% (73.44%)
2025-05-13 14:05:25,043 - __main__ - INFO - Task id: 9	Train Epoch: 5 [19200/20000]	Loss: 2.5380 (2.8935) 	Acc: 81.25% (73.28%)
2025-05-13 14:07:05,485 - __main__ - INFO - Task id: 9
2025-05-13 14:07:05,486 - __main__ - INFO - Train Epoch: 5
2025-05-13 14:07:05,486 - __main__ - INFO - skirt_length mAP: 0.0000
2025-05-13 14:07:05,486 - __main__ - INFO - sleeve_length mAP: 0.0000
2025-05-13 14:07:05,486 - __main__ - INFO - coat_length mAP: 0.0000
2025-05-13 14:07:05,486 - __main__ - INFO - pant_length mAP: 0.0000
2025-05-13 14:07:05,486 - __main__ - INFO - collar_design mAP: 0.0000
2025-05-13 14:07:05,486 - __main__ - INFO - lapel_design mAP: 0.0000
2025-05-13 14:07:05,486 - __main__ - INFO - neckline_design mAP: 0.0000
2025-05-13 14:07:05,486 - __main__ - INFO - neck_design mAP: 0.0000
2025-05-13 14:07:05,486 - __main__ - INFO - texture-related mAP: 0.0000
2025-05-13 14:07:05,486 - __main__ - INFO - fabric-related mAP: 6.5895
2025-05-13 14:07:05,486 - __main__ - INFO - shape-related mAP: 0.0000
2025-05-13 14:07:05,486 - __main__ - INFO - part-related mAP: 0.0000
2025-05-13 14:07:05,486 - __main__ - INFO - style-related mAP: 0.0000
2025-05-13 14:07:05,486 - __main__ - INFO - clothes category mAP: 0.0000
2025-05-13 14:07:05,486 - __main__ - INFO - clothes button mAP: 0.0000
2025-05-13 14:07:05,486 - __main__ - INFO - clothes color mAP: 0.0000
2025-05-13 14:07:05,486 - __main__ - INFO - clothes length mAP: 0.0000
2025-05-13 14:07:05,486 - __main__ - INFO - clothes pattern mAP: 0.0000
2025-05-13 14:07:05,486 - __main__ - INFO - clothes shape mAP: 0.0000
2025-05-13 14:07:05,486 - __main__ - INFO - collar shape mAP: 0.0000
2025-05-13 14:07:05,486 - __main__ - INFO - sleeve length mAP: 0.0000
2025-05-13 14:07:05,486 - __main__ - INFO - sleeve shape mAP: 0.0000
2025-05-13 14:07:05,487 - __main__ - INFO - MeanAP: 6.5895

2025-05-13 14:07:06,746 - __main__ - INFO - lr:9e-05
2025-05-13 14:07:07,840 - __main__ - INFO - Task id: 9	Train Epoch: 6 [0/20000]	Loss: 2.4031 (2.4031) 	Acc: 81.25% (81.25%)
2025-05-13 14:08:10,453 - __main__ - INFO - Task id: 9	Train Epoch: 6 [6400/20000]	Loss: 2.8409 (2.8415) 	Acc: 81.25% (73.85%)
2025-05-13 14:09:14,188 - __main__ - INFO - Task id: 9	Train Epoch: 6 [12800/20000]	Loss: 3.0689 (2.8198) 	Acc: 68.75% (75.05%)
2025-05-13 14:10:17,001 - __main__ - INFO - Task id: 9	Train Epoch: 6 [19200/20000]	Loss: 2.4292 (2.8176) 	Acc: 87.50% (75.12%)
2025-05-13 14:11:58,819 - __main__ - INFO - Task id: 9
2025-05-13 14:11:58,820 - __main__ - INFO - Train Epoch: 6
2025-05-13 14:11:58,820 - __main__ - INFO - skirt_length mAP: 0.0000
2025-05-13 14:11:58,820 - __main__ - INFO - sleeve_length mAP: 0.0000
2025-05-13 14:11:58,820 - __main__ - INFO - coat_length mAP: 0.0000
2025-05-13 14:11:58,820 - __main__ - INFO - pant_length mAP: 0.0000
2025-05-13 14:11:58,820 - __main__ - INFO - collar_design mAP: 0.0000
2025-05-13 14:11:58,820 - __main__ - INFO - lapel_design mAP: 0.0000
2025-05-13 14:11:58,820 - __main__ - INFO - neckline_design mAP: 0.0000
2025-05-13 14:11:58,820 - __main__ - INFO - neck_design mAP: 0.0000
2025-05-13 14:11:58,820 - __main__ - INFO - texture-related mAP: 0.0000
2025-05-13 14:11:58,820 - __main__ - INFO - fabric-related mAP: 6.6315
2025-05-13 14:11:58,820 - __main__ - INFO - shape-related mAP: 0.0000
2025-05-13 14:11:58,820 - __main__ - INFO - part-related mAP: 0.0000
2025-05-13 14:11:58,820 - __main__ - INFO - style-related mAP: 0.0000
2025-05-13 14:11:58,820 - __main__ - INFO - clothes category mAP: 0.0000
2025-05-13 14:11:58,820 - __main__ - INFO - clothes button mAP: 0.0000
2025-05-13 14:11:58,820 - __main__ - INFO - clothes color mAP: 0.0000
2025-05-13 14:11:58,820 - __main__ - INFO - clothes length mAP: 0.0000
2025-05-13 14:11:58,820 - __main__ - INFO - clothes pattern mAP: 0.0000
2025-05-13 14:11:58,820 - __main__ - INFO - clothes shape mAP: 0.0000
2025-05-13 14:11:58,820 - __main__ - INFO - collar shape mAP: 0.0000
2025-05-13 14:11:58,820 - __main__ - INFO - sleeve length mAP: 0.0000
2025-05-13 14:11:58,820 - __main__ - INFO - sleeve shape mAP: 0.0000
2025-05-13 14:11:58,820 - __main__ - INFO - MeanAP: 6.6315

2025-05-13 14:12:00,064 - __main__ - INFO - lr:8.1e-05
2025-05-13 14:12:00,929 - __main__ - INFO - Task id: 9	Train Epoch: 7 [0/20000]	Loss: 2.8197 (2.8197) 	Acc: 75.00% (75.00%)
2025-05-13 14:13:04,586 - __main__ - INFO - Task id: 9	Train Epoch: 7 [6400/20000]	Loss: 2.7858 (2.8141) 	Acc: 81.25% (75.55%)
2025-05-13 14:14:08,238 - __main__ - INFO - Task id: 9	Train Epoch: 7 [12800/20000]	Loss: 2.4050 (2.7991) 	Acc: 81.25% (76.02%)
2025-05-13 14:15:09,303 - __main__ - INFO - Task id: 9	Train Epoch: 7 [19200/20000]	Loss: 3.1018 (2.7884) 	Acc: 75.00% (75.98%)
2025-05-13 14:16:46,482 - __main__ - INFO - Task id: 9
2025-05-13 14:16:46,482 - __main__ - INFO - Train Epoch: 7
2025-05-13 14:16:46,482 - __main__ - INFO - skirt_length mAP: 0.0000
2025-05-13 14:16:46,482 - __main__ - INFO - sleeve_length mAP: 0.0000
2025-05-13 14:16:46,482 - __main__ - INFO - coat_length mAP: 0.0000
2025-05-13 14:16:46,482 - __main__ - INFO - pant_length mAP: 0.0000
2025-05-13 14:16:46,482 - __main__ - INFO - collar_design mAP: 0.0000
2025-05-13 14:16:46,482 - __main__ - INFO - lapel_design mAP: 0.0000
2025-05-13 14:16:46,482 - __main__ - INFO - neckline_design mAP: 0.0000
2025-05-13 14:16:46,482 - __main__ - INFO - neck_design mAP: 0.0000
2025-05-13 14:16:46,482 - __main__ - INFO - texture-related mAP: 0.0000
2025-05-13 14:16:46,482 - __main__ - INFO - fabric-related mAP: 6.9809
2025-05-13 14:16:46,482 - __main__ - INFO - shape-related mAP: 0.0000
2025-05-13 14:16:46,482 - __main__ - INFO - part-related mAP: 0.0000
2025-05-13 14:16:46,483 - __main__ - INFO - style-related mAP: 0.0000
2025-05-13 14:16:46,483 - __main__ - INFO - clothes category mAP: 0.0000
2025-05-13 14:16:46,483 - __main__ - INFO - clothes button mAP: 0.0000
2025-05-13 14:16:46,483 - __main__ - INFO - clothes color mAP: 0.0000
2025-05-13 14:16:46,483 - __main__ - INFO - clothes length mAP: 0.0000
2025-05-13 14:16:46,483 - __main__ - INFO - clothes pattern mAP: 0.0000
2025-05-13 14:16:46,483 - __main__ - INFO - clothes shape mAP: 0.0000
2025-05-13 14:16:46,483 - __main__ - INFO - collar shape mAP: 0.0000
2025-05-13 14:16:46,483 - __main__ - INFO - sleeve length mAP: 0.0000
2025-05-13 14:16:46,483 - __main__ - INFO - sleeve shape mAP: 0.0000
2025-05-13 14:16:46,483 - __main__ - INFO - MeanAP: 6.9809

2025-05-13 14:16:47,716 - __main__ - INFO - lr:8.1e-05
2025-05-13 14:16:48,711 - __main__ - INFO - Task id: 9	Train Epoch: 8 [0/20000]	Loss: 2.6740 (2.6740) 	Acc: 62.50% (62.50%)
2025-05-13 14:17:52,988 - __main__ - INFO - Task id: 9	Train Epoch: 8 [6400/20000]	Loss: 2.9886 (2.7463) 	Acc: 75.00% (76.18%)
2025-05-13 14:18:56,533 - __main__ - INFO - Task id: 9	Train Epoch: 8 [12800/20000]	Loss: 2.8127 (2.7403) 	Acc: 62.50% (76.54%)
2025-05-13 14:19:59,645 - __main__ - INFO - Task id: 9	Train Epoch: 8 [19200/20000]	Loss: 2.6726 (2.7292) 	Acc: 62.50% (76.81%)
2025-05-13 14:21:32,595 - __main__ - INFO - Task id: 9
2025-05-13 14:21:32,596 - __main__ - INFO - Train Epoch: 8
2025-05-13 14:21:32,596 - __main__ - INFO - skirt_length mAP: 0.0000
2025-05-13 14:21:32,596 - __main__ - INFO - sleeve_length mAP: 0.0000
2025-05-13 14:21:32,596 - __main__ - INFO - coat_length mAP: 0.0000
2025-05-13 14:21:32,596 - __main__ - INFO - pant_length mAP: 0.0000
2025-05-13 14:21:32,596 - __main__ - INFO - collar_design mAP: 0.0000
2025-05-13 14:21:32,596 - __main__ - INFO - lapel_design mAP: 0.0000
2025-05-13 14:21:32,596 - __main__ - INFO - neckline_design mAP: 0.0000
2025-05-13 14:21:32,596 - __main__ - INFO - neck_design mAP: 0.0000
2025-05-13 14:21:32,596 - __main__ - INFO - texture-related mAP: 0.0000
2025-05-13 14:21:32,596 - __main__ - INFO - fabric-related mAP: 6.7626
2025-05-13 14:21:32,596 - __main__ - INFO - shape-related mAP: 0.0000
2025-05-13 14:21:32,596 - __main__ - INFO - part-related mAP: 0.0000
2025-05-13 14:21:32,596 - __main__ - INFO - style-related mAP: 0.0000
2025-05-13 14:21:32,596 - __main__ - INFO - clothes category mAP: 0.0000
2025-05-13 14:21:32,596 - __main__ - INFO - clothes button mAP: 0.0000
2025-05-13 14:21:32,596 - __main__ - INFO - clothes color mAP: 0.0000
2025-05-13 14:21:32,596 - __main__ - INFO - clothes length mAP: 0.0000
2025-05-13 14:21:32,596 - __main__ - INFO - clothes pattern mAP: 0.0000
2025-05-13 14:21:32,596 - __main__ - INFO - clothes shape mAP: 0.0000
2025-05-13 14:21:32,596 - __main__ - INFO - collar shape mAP: 0.0000
2025-05-13 14:21:32,596 - __main__ - INFO - sleeve length mAP: 0.0000
2025-05-13 14:21:32,596 - __main__ - INFO - sleeve shape mAP: 0.0000
2025-05-13 14:21:32,596 - __main__ - INFO - MeanAP: 6.7626

2025-05-13 14:21:33,187 - __main__ - INFO - lr:8.1e-05
2025-05-13 14:21:34,757 - __main__ - INFO - Task id: 9	Train Epoch: 9 [0/20000]	Loss: 2.9826 (2.9826) 	Acc: 68.75% (68.75%)
2025-05-13 14:22:37,869 - __main__ - INFO - Task id: 9	Train Epoch: 9 [6400/20000]	Loss: 2.6027 (2.7072) 	Acc: 87.50% (76.56%)
2025-05-13 14:23:40,969 - __main__ - INFO - Task id: 9	Train Epoch: 9 [12800/20000]	Loss: 2.7208 (2.7064) 	Acc: 87.50% (76.89%)
2025-05-13 14:24:44,189 - __main__ - INFO - Task id: 9	Train Epoch: 9 [19200/20000]	Loss: 2.5913 (2.6989) 	Acc: 81.25% (77.30%)
2025-05-13 14:26:19,356 - __main__ - INFO - Task id: 9
2025-05-13 14:26:19,356 - __main__ - INFO - Train Epoch: 9
2025-05-13 14:26:19,356 - __main__ - INFO - skirt_length mAP: 0.0000
2025-05-13 14:26:19,356 - __main__ - INFO - sleeve_length mAP: 0.0000
2025-05-13 14:26:19,356 - __main__ - INFO - coat_length mAP: 0.0000
2025-05-13 14:26:19,356 - __main__ - INFO - pant_length mAP: 0.0000
2025-05-13 14:26:19,356 - __main__ - INFO - collar_design mAP: 0.0000
2025-05-13 14:26:19,356 - __main__ - INFO - lapel_design mAP: 0.0000
2025-05-13 14:26:19,356 - __main__ - INFO - neckline_design mAP: 0.0000
2025-05-13 14:26:19,356 - __main__ - INFO - neck_design mAP: 0.0000
2025-05-13 14:26:19,356 - __main__ - INFO - texture-related mAP: 0.0000
2025-05-13 14:26:19,356 - __main__ - INFO - fabric-related mAP: 6.9118
2025-05-13 14:26:19,356 - __main__ - INFO - shape-related mAP: 0.0000
2025-05-13 14:26:19,356 - __main__ - INFO - part-related mAP: 0.0000
2025-05-13 14:26:19,356 - __main__ - INFO - style-related mAP: 0.0000
2025-05-13 14:26:19,357 - __main__ - INFO - clothes category mAP: 0.0000
2025-05-13 14:26:19,357 - __main__ - INFO - clothes button mAP: 0.0000
2025-05-13 14:26:19,357 - __main__ - INFO - clothes color mAP: 0.0000
2025-05-13 14:26:19,357 - __main__ - INFO - clothes length mAP: 0.0000
2025-05-13 14:26:19,357 - __main__ - INFO - clothes pattern mAP: 0.0000
2025-05-13 14:26:19,357 - __main__ - INFO - clothes shape mAP: 0.0000
2025-05-13 14:26:19,357 - __main__ - INFO - collar shape mAP: 0.0000
2025-05-13 14:26:19,357 - __main__ - INFO - sleeve length mAP: 0.0000
2025-05-13 14:26:19,357 - __main__ - INFO - sleeve shape mAP: 0.0000
2025-05-13 14:26:19,357 - __main__ - INFO - MeanAP: 6.9118

2025-05-13 14:26:20,016 - __main__ - INFO - lr:7.290000000000001e-05
2025-05-13 14:26:20,874 - __main__ - INFO - Task id: 9	Train Epoch: 10 [0/20000]	Loss: 2.3150 (2.3150) 	Acc: 75.00% (75.00%)
2025-05-13 14:27:24,283 - __main__ - INFO - Task id: 9	Train Epoch: 10 [6400/20000]	Loss: 2.8000 (2.6667) 	Acc: 81.25% (77.65%)
2025-05-13 14:28:29,897 - __main__ - INFO - Task id: 9	Train Epoch: 10 [12800/20000]	Loss: 3.2275 (2.6517) 	Acc: 75.00% (78.36%)
2025-05-13 14:29:35,106 - __main__ - INFO - Task id: 9	Train Epoch: 10 [19200/20000]	Loss: 2.8486 (2.6457) 	Acc: 81.25% (78.33%)
2025-05-13 14:31:09,418 - __main__ - INFO - Task id: 9
2025-05-13 14:31:09,419 - __main__ - INFO - Train Epoch: 10
2025-05-13 14:31:09,419 - __main__ - INFO - skirt_length mAP: 0.0000
2025-05-13 14:31:09,419 - __main__ - INFO - sleeve_length mAP: 0.0000
2025-05-13 14:31:09,419 - __main__ - INFO - coat_length mAP: 0.0000
2025-05-13 14:31:09,419 - __main__ - INFO - pant_length mAP: 0.0000
2025-05-13 14:31:09,419 - __main__ - INFO - collar_design mAP: 0.0000
2025-05-13 14:31:09,419 - __main__ - INFO - lapel_design mAP: 0.0000
2025-05-13 14:31:09,419 - __main__ - INFO - neckline_design mAP: 0.0000
2025-05-13 14:31:09,419 - __main__ - INFO - neck_design mAP: 0.0000
2025-05-13 14:31:09,419 - __main__ - INFO - texture-related mAP: 0.0000
2025-05-13 14:31:09,419 - __main__ - INFO - fabric-related mAP: 6.9126
2025-05-13 14:31:09,419 - __main__ - INFO - shape-related mAP: 0.0000
2025-05-13 14:31:09,419 - __main__ - INFO - part-related mAP: 0.0000
2025-05-13 14:31:09,419 - __main__ - INFO - style-related mAP: 0.0000
2025-05-13 14:31:09,419 - __main__ - INFO - clothes category mAP: 0.0000
2025-05-13 14:31:09,419 - __main__ - INFO - clothes button mAP: 0.0000
2025-05-13 14:31:09,419 - __main__ - INFO - clothes color mAP: 0.0000
2025-05-13 14:31:09,419 - __main__ - INFO - clothes length mAP: 0.0000
2025-05-13 14:31:09,419 - __main__ - INFO - clothes pattern mAP: 0.0000
2025-05-13 14:31:09,419 - __main__ - INFO - clothes shape mAP: 0.0000
2025-05-13 14:31:09,419 - __main__ - INFO - collar shape mAP: 0.0000
2025-05-13 14:31:09,419 - __main__ - INFO - sleeve length mAP: 0.0000
2025-05-13 14:31:09,419 - __main__ - INFO - sleeve shape mAP: 0.0000
2025-05-13 14:31:09,419 - __main__ - INFO - MeanAP: 6.9126

2025-05-13 14:31:10,037 - __main__ - INFO - lr:7.290000000000001e-05
2025-05-13 14:32:00,003 - __main__ - INFO - Task id: 10	Train Epoch: 1 [0/20000]	Loss: 3.4109 (3.4109) 	Acc: 50.00% (50.00%)
2025-05-13 14:33:06,922 - __main__ - INFO - Task id: 10	Train Epoch: 1 [6400/20000]	Loss: 2.9847 (3.0243) 	Acc: 75.00% (70.26%)
2025-05-13 14:34:12,743 - __main__ - INFO - Task id: 10	Train Epoch: 1 [12800/20000]	Loss: 2.8045 (2.9308) 	Acc: 75.00% (73.09%)
2025-05-13 14:35:18,680 - __main__ - INFO - Task id: 10	Train Epoch: 1 [19200/20000]	Loss: 2.6480 (2.8596) 	Acc: 87.50% (74.88%)
2025-05-13 14:37:03,455 - __main__ - INFO - Task id: 10
2025-05-13 14:37:03,455 - __main__ - INFO - Train Epoch: 1
2025-05-13 14:37:03,455 - __main__ - INFO - skirt_length mAP: 0.0000
2025-05-13 14:37:03,455 - __main__ - INFO - sleeve_length mAP: 0.0000
2025-05-13 14:37:03,455 - __main__ - INFO - coat_length mAP: 0.0000
2025-05-13 14:37:03,455 - __main__ - INFO - pant_length mAP: 0.0000
2025-05-13 14:37:03,455 - __main__ - INFO - collar_design mAP: 0.0000
2025-05-13 14:37:03,455 - __main__ - INFO - lapel_design mAP: 0.0000
2025-05-13 14:37:03,455 - __main__ - INFO - neckline_design mAP: 0.0000
2025-05-13 14:37:03,455 - __main__ - INFO - neck_design mAP: 0.0000
2025-05-13 14:37:03,455 - __main__ - INFO - texture-related mAP: 0.0000
2025-05-13 14:37:03,455 - __main__ - INFO - fabric-related mAP: 0.0000
2025-05-13 14:37:03,455 - __main__ - INFO - shape-related mAP: 11.4976
2025-05-13 14:37:03,455 - __main__ - INFO - part-related mAP: 0.0000
2025-05-13 14:37:03,455 - __main__ - INFO - style-related mAP: 0.0000
2025-05-13 14:37:03,455 - __main__ - INFO - clothes category mAP: 0.0000
2025-05-13 14:37:03,455 - __main__ - INFO - clothes button mAP: 0.0000
2025-05-13 14:37:03,455 - __main__ - INFO - clothes color mAP: 0.0000
2025-05-13 14:37:03,455 - __main__ - INFO - clothes length mAP: 0.0000
2025-05-13 14:37:03,455 - __main__ - INFO - clothes pattern mAP: 0.0000
2025-05-13 14:37:03,455 - __main__ - INFO - clothes shape mAP: 0.0000
2025-05-13 14:37:03,456 - __main__ - INFO - collar shape mAP: 0.0000
2025-05-13 14:37:03,456 - __main__ - INFO - sleeve length mAP: 0.0000
2025-05-13 14:37:03,456 - __main__ - INFO - sleeve shape mAP: 0.0000
2025-05-13 14:37:03,456 - __main__ - INFO - MeanAP: 11.4976

2025-05-13 14:37:06,464 - __main__ - INFO - lr:0.0001
2025-05-13 14:37:07,491 - __main__ - INFO - Task id: 10	Train Epoch: 2 [0/20000]	Loss: 2.7718 (2.7718) 	Acc: 75.00% (75.00%)
2025-05-13 14:38:14,150 - __main__ - INFO - Task id: 10	Train Epoch: 2 [6400/20000]	Loss: 2.8687 (2.6835) 	Acc: 50.00% (78.77%)
2025-05-13 14:39:19,008 - __main__ - INFO - Task id: 10	Train Epoch: 2 [12800/20000]	Loss: 3.3115 (2.6498) 	Acc: 56.25% (79.50%)
2025-05-13 14:40:24,162 - __main__ - INFO - Task id: 10	Train Epoch: 2 [19200/20000]	Loss: 2.5888 (2.6475) 	Acc: 75.00% (79.40%)
2025-05-13 14:42:13,144 - __main__ - INFO - Task id: 10
2025-05-13 14:42:13,144 - __main__ - INFO - Train Epoch: 2
2025-05-13 14:42:13,144 - __main__ - INFO - skirt_length mAP: 0.0000
2025-05-13 14:42:13,144 - __main__ - INFO - sleeve_length mAP: 0.0000
2025-05-13 14:42:13,144 - __main__ - INFO - coat_length mAP: 0.0000
2025-05-13 14:42:13,144 - __main__ - INFO - pant_length mAP: 0.0000
2025-05-13 14:42:13,144 - __main__ - INFO - collar_design mAP: 0.0000
2025-05-13 14:42:13,144 - __main__ - INFO - lapel_design mAP: 0.0000
2025-05-13 14:42:13,144 - __main__ - INFO - neckline_design mAP: 0.0000
2025-05-13 14:42:13,144 - __main__ - INFO - neck_design mAP: 0.0000
2025-05-13 14:42:13,144 - __main__ - INFO - texture-related mAP: 0.0000
2025-05-13 14:42:13,144 - __main__ - INFO - fabric-related mAP: 0.0000
2025-05-13 14:42:13,144 - __main__ - INFO - shape-related mAP: 12.7898
2025-05-13 14:42:13,144 - __main__ - INFO - part-related mAP: 0.0000
2025-05-13 14:42:13,144 - __main__ - INFO - style-related mAP: 0.0000
2025-05-13 14:42:13,144 - __main__ - INFO - clothes category mAP: 0.0000
2025-05-13 14:42:13,144 - __main__ - INFO - clothes button mAP: 0.0000
2025-05-13 14:42:13,145 - __main__ - INFO - clothes color mAP: 0.0000
2025-05-13 14:42:13,145 - __main__ - INFO - clothes length mAP: 0.0000
2025-05-13 14:42:13,145 - __main__ - INFO - clothes pattern mAP: 0.0000
2025-05-13 14:42:13,145 - __main__ - INFO - clothes shape mAP: 0.0000
2025-05-13 14:42:13,145 - __main__ - INFO - collar shape mAP: 0.0000
2025-05-13 14:42:13,145 - __main__ - INFO - sleeve length mAP: 0.0000
2025-05-13 14:42:13,145 - __main__ - INFO - sleeve shape mAP: 0.0000
2025-05-13 14:42:13,145 - __main__ - INFO - MeanAP: 12.7898

2025-05-13 14:42:14,315 - __main__ - INFO - lr:0.0001
2025-05-13 14:42:15,272 - __main__ - INFO - Task id: 10	Train Epoch: 3 [0/20000]	Loss: 2.5721 (2.5721) 	Acc: 100.00% (100.00%)
2025-05-13 14:43:22,593 - __main__ - INFO - Task id: 10	Train Epoch: 3 [6400/20000]	Loss: 2.5909 (2.5605) 	Acc: 68.75% (81.47%)
2025-05-13 14:44:29,063 - __main__ - INFO - Task id: 10	Train Epoch: 3 [12800/20000]	Loss: 2.2739 (2.5392) 	Acc: 93.75% (81.59%)
2025-05-13 14:45:39,616 - __main__ - INFO - Task id: 10	Train Epoch: 3 [19200/20000]	Loss: 2.6348 (2.5204) 	Acc: 81.25% (81.69%)
2025-05-13 14:47:23,513 - __main__ - INFO - Task id: 10
2025-05-13 14:47:23,513 - __main__ - INFO - Train Epoch: 3
2025-05-13 14:47:23,513 - __main__ - INFO - skirt_length mAP: 0.0000
2025-05-13 14:47:23,514 - __main__ - INFO - sleeve_length mAP: 0.0000
2025-05-13 14:47:23,514 - __main__ - INFO - coat_length mAP: 0.0000
2025-05-13 14:47:23,514 - __main__ - INFO - pant_length mAP: 0.0000
2025-05-13 14:47:23,514 - __main__ - INFO - collar_design mAP: 0.0000
2025-05-13 14:47:23,514 - __main__ - INFO - lapel_design mAP: 0.0000
2025-05-13 14:47:23,514 - __main__ - INFO - neckline_design mAP: 0.0000
2025-05-13 14:47:23,514 - __main__ - INFO - neck_design mAP: 0.0000
2025-05-13 14:47:23,514 - __main__ - INFO - texture-related mAP: 0.0000
2025-05-13 14:47:23,514 - __main__ - INFO - fabric-related mAP: 0.0000
2025-05-13 14:47:23,514 - __main__ - INFO - shape-related mAP: 12.7244
2025-05-13 14:47:23,514 - __main__ - INFO - part-related mAP: 0.0000
2025-05-13 14:47:23,514 - __main__ - INFO - style-related mAP: 0.0000
2025-05-13 14:47:23,514 - __main__ - INFO - clothes category mAP: 0.0000
2025-05-13 14:47:23,514 - __main__ - INFO - clothes button mAP: 0.0000
2025-05-13 14:47:23,514 - __main__ - INFO - clothes color mAP: 0.0000
2025-05-13 14:47:23,514 - __main__ - INFO - clothes length mAP: 0.0000
2025-05-13 14:47:23,514 - __main__ - INFO - clothes pattern mAP: 0.0000
2025-05-13 14:47:23,514 - __main__ - INFO - clothes shape mAP: 0.0000
2025-05-13 14:47:23,514 - __main__ - INFO - collar shape mAP: 0.0000
2025-05-13 14:47:23,514 - __main__ - INFO - sleeve length mAP: 0.0000
2025-05-13 14:47:23,514 - __main__ - INFO - sleeve shape mAP: 0.0000
2025-05-13 14:47:23,514 - __main__ - INFO - MeanAP: 12.7244

2025-05-13 14:47:24,128 - __main__ - INFO - lr:9e-05
2025-05-13 14:47:25,097 - __main__ - INFO - Task id: 10	Train Epoch: 4 [0/20000]	Loss: 2.3583 (2.3583) 	Acc: 93.75% (93.75%)
2025-05-13 14:48:32,488 - __main__ - INFO - Task id: 10	Train Epoch: 4 [6400/20000]	Loss: 2.8945 (2.4542) 	Acc: 81.25% (82.23%)
2025-05-13 14:49:40,292 - __main__ - INFO - Task id: 10	Train Epoch: 4 [12800/20000]	Loss: 2.0672 (2.4402) 	Acc: 93.75% (82.51%)
2025-05-13 14:50:47,502 - __main__ - INFO - Task id: 10	Train Epoch: 4 [19200/20000]	Loss: 2.3811 (2.4346) 	Acc: 81.25% (82.47%)
2025-05-13 14:52:36,160 - __main__ - INFO - Task id: 10
2025-05-13 14:52:36,161 - __main__ - INFO - Train Epoch: 4
2025-05-13 14:52:36,161 - __main__ - INFO - skirt_length mAP: 0.0000
2025-05-13 14:52:36,161 - __main__ - INFO - sleeve_length mAP: 0.0000
2025-05-13 14:52:36,161 - __main__ - INFO - coat_length mAP: 0.0000
2025-05-13 14:52:36,161 - __main__ - INFO - pant_length mAP: 0.0000
2025-05-13 14:52:36,161 - __main__ - INFO - collar_design mAP: 0.0000
2025-05-13 14:52:36,161 - __main__ - INFO - lapel_design mAP: 0.0000
2025-05-13 14:52:36,161 - __main__ - INFO - neckline_design mAP: 0.0000
2025-05-13 14:52:36,161 - __main__ - INFO - neck_design mAP: 0.0000
2025-05-13 14:52:36,161 - __main__ - INFO - texture-related mAP: 0.0000
2025-05-13 14:52:36,161 - __main__ - INFO - fabric-related mAP: 0.0000
2025-05-13 14:52:36,161 - __main__ - INFO - shape-related mAP: 13.6123
2025-05-13 14:52:36,161 - __main__ - INFO - part-related mAP: 0.0000
2025-05-13 14:52:36,161 - __main__ - INFO - style-related mAP: 0.0000
2025-05-13 14:52:36,161 - __main__ - INFO - clothes category mAP: 0.0000
2025-05-13 14:52:36,161 - __main__ - INFO - clothes button mAP: 0.0000
2025-05-13 14:52:36,161 - __main__ - INFO - clothes color mAP: 0.0000
2025-05-13 14:52:36,161 - __main__ - INFO - clothes length mAP: 0.0000
2025-05-13 14:52:36,161 - __main__ - INFO - clothes pattern mAP: 0.0000
2025-05-13 14:52:36,161 - __main__ - INFO - clothes shape mAP: 0.0000
2025-05-13 14:52:36,161 - __main__ - INFO - collar shape mAP: 0.0000
2025-05-13 14:52:36,162 - __main__ - INFO - sleeve length mAP: 0.0000
2025-05-13 14:52:36,162 - __main__ - INFO - sleeve shape mAP: 0.0000
2025-05-13 14:52:36,162 - __main__ - INFO - MeanAP: 13.6123

2025-05-13 14:52:37,387 - __main__ - INFO - lr:9e-05
2025-05-13 14:52:38,544 - __main__ - INFO - Task id: 10	Train Epoch: 5 [0/20000]	Loss: 1.9249 (1.9249) 	Acc: 87.50% (87.50%)
2025-05-13 14:53:46,644 - __main__ - INFO - Task id: 10	Train Epoch: 5 [6400/20000]	Loss: 2.4325 (2.3880) 	Acc: 87.50% (83.43%)
2025-05-13 14:54:54,344 - __main__ - INFO - Task id: 10	Train Epoch: 5 [12800/20000]	Loss: 2.4406 (2.3719) 	Acc: 81.25% (83.36%)
2025-05-13 14:55:59,283 - __main__ - INFO - Task id: 10	Train Epoch: 5 [19200/20000]	Loss: 1.9668 (2.3537) 	Acc: 81.25% (83.67%)
2025-05-13 14:57:45,353 - __main__ - INFO - Task id: 10
2025-05-13 14:57:45,353 - __main__ - INFO - Train Epoch: 5
2025-05-13 14:57:45,353 - __main__ - INFO - skirt_length mAP: 0.0000
2025-05-13 14:57:45,353 - __main__ - INFO - sleeve_length mAP: 0.0000
2025-05-13 14:57:45,353 - __main__ - INFO - coat_length mAP: 0.0000
2025-05-13 14:57:45,354 - __main__ - INFO - pant_length mAP: 0.0000
2025-05-13 14:57:45,354 - __main__ - INFO - collar_design mAP: 0.0000
2025-05-13 14:57:45,354 - __main__ - INFO - lapel_design mAP: 0.0000
2025-05-13 14:57:45,354 - __main__ - INFO - neckline_design mAP: 0.0000
2025-05-13 14:57:45,354 - __main__ - INFO - neck_design mAP: 0.0000
2025-05-13 14:57:45,354 - __main__ - INFO - texture-related mAP: 0.0000
2025-05-13 14:57:45,354 - __main__ - INFO - fabric-related mAP: 0.0000
2025-05-13 14:57:45,354 - __main__ - INFO - shape-related mAP: 12.3128
2025-05-13 14:57:45,354 - __main__ - INFO - part-related mAP: 0.0000
2025-05-13 14:57:45,354 - __main__ - INFO - style-related mAP: 0.0000
2025-05-13 14:57:45,354 - __main__ - INFO - clothes category mAP: 0.0000
2025-05-13 14:57:45,354 - __main__ - INFO - clothes button mAP: 0.0000
2025-05-13 14:57:45,354 - __main__ - INFO - clothes color mAP: 0.0000
2025-05-13 14:57:45,354 - __main__ - INFO - clothes length mAP: 0.0000
2025-05-13 14:57:45,354 - __main__ - INFO - clothes pattern mAP: 0.0000
2025-05-13 14:57:45,354 - __main__ - INFO - clothes shape mAP: 0.0000
2025-05-13 14:57:45,354 - __main__ - INFO - collar shape mAP: 0.0000
2025-05-13 14:57:45,354 - __main__ - INFO - sleeve length mAP: 0.0000
2025-05-13 14:57:45,354 - __main__ - INFO - sleeve shape mAP: 0.0000
2025-05-13 14:57:45,354 - __main__ - INFO - MeanAP: 12.3128

2025-05-13 14:57:45,964 - __main__ - INFO - lr:9e-05
2025-05-13 14:57:47,071 - __main__ - INFO - Task id: 10	Train Epoch: 6 [0/20000]	Loss: 3.0160 (3.0160) 	Acc: 62.50% (62.50%)
2025-05-13 14:58:51,024 - __main__ - INFO - Task id: 10	Train Epoch: 6 [6400/20000]	Loss: 1.5133 (2.3017) 	Acc: 93.75% (84.69%)
2025-05-13 14:59:54,801 - __main__ - INFO - Task id: 10	Train Epoch: 6 [12800/20000]	Loss: 2.0497 (2.2911) 	Acc: 81.25% (84.95%)
2025-05-13 15:00:59,664 - __main__ - INFO - Task id: 10	Train Epoch: 6 [19200/20000]	Loss: 1.8833 (2.2793) 	Acc: 93.75% (84.83%)
2025-05-13 15:02:43,606 - __main__ - INFO - Task id: 10
2025-05-13 15:02:43,606 - __main__ - INFO - Train Epoch: 6
2025-05-13 15:02:43,606 - __main__ - INFO - skirt_length mAP: 0.0000
2025-05-13 15:02:43,606 - __main__ - INFO - sleeve_length mAP: 0.0000
2025-05-13 15:02:43,606 - __main__ - INFO - coat_length mAP: 0.0000
2025-05-13 15:02:43,606 - __main__ - INFO - pant_length mAP: 0.0000
2025-05-13 15:02:43,606 - __main__ - INFO - collar_design mAP: 0.0000
2025-05-13 15:02:43,606 - __main__ - INFO - lapel_design mAP: 0.0000
2025-05-13 15:02:43,606 - __main__ - INFO - neckline_design mAP: 0.0000
2025-05-13 15:02:43,606 - __main__ - INFO - neck_design mAP: 0.0000
2025-05-13 15:02:43,606 - __main__ - INFO - texture-related mAP: 0.0000
2025-05-13 15:02:43,606 - __main__ - INFO - fabric-related mAP: 0.0000
2025-05-13 15:02:43,607 - __main__ - INFO - shape-related mAP: 13.4041
2025-05-13 15:02:43,607 - __main__ - INFO - part-related mAP: 0.0000
2025-05-13 15:02:43,607 - __main__ - INFO - style-related mAP: 0.0000
2025-05-13 15:02:43,607 - __main__ - INFO - clothes category mAP: 0.0000
2025-05-13 15:02:43,607 - __main__ - INFO - clothes button mAP: 0.0000
2025-05-13 15:02:43,607 - __main__ - INFO - clothes color mAP: 0.0000
2025-05-13 15:02:43,607 - __main__ - INFO - clothes length mAP: 0.0000
2025-05-13 15:02:43,607 - __main__ - INFO - clothes pattern mAP: 0.0000
2025-05-13 15:02:43,607 - __main__ - INFO - clothes shape mAP: 0.0000
2025-05-13 15:02:43,607 - __main__ - INFO - collar shape mAP: 0.0000
2025-05-13 15:02:43,607 - __main__ - INFO - sleeve length mAP: 0.0000
2025-05-13 15:02:43,607 - __main__ - INFO - sleeve shape mAP: 0.0000
2025-05-13 15:02:43,607 - __main__ - INFO - MeanAP: 13.4041

2025-05-13 15:02:44,211 - __main__ - INFO - lr:8.1e-05
2025-05-13 15:02:45,118 - __main__ - INFO - Task id: 10	Train Epoch: 7 [0/20000]	Loss: 2.3585 (2.3585) 	Acc: 87.50% (87.50%)
2025-05-13 15:03:50,680 - __main__ - INFO - Task id: 10	Train Epoch: 7 [6400/20000]	Loss: 2.8818 (2.2542) 	Acc: 75.00% (85.33%)
2025-05-13 15:04:55,587 - __main__ - INFO - Task id: 10	Train Epoch: 7 [12800/20000]	Loss: 1.8960 (2.2295) 	Acc: 93.75% (85.32%)
2025-05-13 15:05:59,831 - __main__ - INFO - Task id: 10	Train Epoch: 7 [19200/20000]	Loss: 1.8527 (2.2102) 	Acc: 93.75% (85.59%)
2025-05-13 15:07:43,234 - __main__ - INFO - Task id: 10
2025-05-13 15:07:43,234 - __main__ - INFO - Train Epoch: 7
2025-05-13 15:07:43,234 - __main__ - INFO - skirt_length mAP: 0.0000
2025-05-13 15:07:43,234 - __main__ - INFO - sleeve_length mAP: 0.0000
2025-05-13 15:07:43,234 - __main__ - INFO - coat_length mAP: 0.0000
2025-05-13 15:07:43,234 - __main__ - INFO - pant_length mAP: 0.0000
2025-05-13 15:07:43,234 - __main__ - INFO - collar_design mAP: 0.0000
2025-05-13 15:07:43,234 - __main__ - INFO - lapel_design mAP: 0.0000
2025-05-13 15:07:43,234 - __main__ - INFO - neckline_design mAP: 0.0000
2025-05-13 15:07:43,234 - __main__ - INFO - neck_design mAP: 0.0000
2025-05-13 15:07:43,234 - __main__ - INFO - texture-related mAP: 0.0000
2025-05-13 15:07:43,234 - __main__ - INFO - fabric-related mAP: 0.0000
2025-05-13 15:07:43,234 - __main__ - INFO - shape-related mAP: 13.4386
2025-05-13 15:07:43,234 - __main__ - INFO - part-related mAP: 0.0000
2025-05-13 15:07:43,235 - __main__ - INFO - style-related mAP: 0.0000
2025-05-13 15:07:43,235 - __main__ - INFO - clothes category mAP: 0.0000
2025-05-13 15:07:43,235 - __main__ - INFO - clothes button mAP: 0.0000
2025-05-13 15:07:43,235 - __main__ - INFO - clothes color mAP: 0.0000
2025-05-13 15:07:43,235 - __main__ - INFO - clothes length mAP: 0.0000
2025-05-13 15:07:43,235 - __main__ - INFO - clothes pattern mAP: 0.0000
2025-05-13 15:07:43,235 - __main__ - INFO - clothes shape mAP: 0.0000
2025-05-13 15:07:43,235 - __main__ - INFO - collar shape mAP: 0.0000
2025-05-13 15:07:43,235 - __main__ - INFO - sleeve length mAP: 0.0000
2025-05-13 15:07:43,235 - __main__ - INFO - sleeve shape mAP: 0.0000
2025-05-13 15:07:43,235 - __main__ - INFO - MeanAP: 13.4386

2025-05-13 15:07:43,884 - __main__ - INFO - lr:8.1e-05
2025-05-13 15:07:44,854 - __main__ - INFO - Task id: 10	Train Epoch: 8 [0/20000]	Loss: 2.4164 (2.4164) 	Acc: 75.00% (75.00%)
2025-05-13 15:09:06,463 - __main__ - INFO - Task id: 10	Train Epoch: 8 [6400/20000]	Loss: 2.1999 (2.1790) 	Acc: 75.00% (85.63%)
2025-05-13 15:10:11,319 - __main__ - INFO - Task id: 10	Train Epoch: 8 [12800/20000]	Loss: 1.7633 (2.1678) 	Acc: 93.75% (85.81%)
2025-05-13 15:11:18,387 - __main__ - INFO - Task id: 10	Train Epoch: 8 [19200/20000]	Loss: 2.9529 (2.1623) 	Acc: 68.75% (86.23%)
2025-05-13 15:13:03,446 - __main__ - INFO - Task id: 10
2025-05-13 15:13:03,446 - __main__ - INFO - Train Epoch: 8
2025-05-13 15:13:03,446 - __main__ - INFO - skirt_length mAP: 0.0000
2025-05-13 15:13:03,446 - __main__ - INFO - sleeve_length mAP: 0.0000
2025-05-13 15:13:03,446 - __main__ - INFO - coat_length mAP: 0.0000
2025-05-13 15:13:03,446 - __main__ - INFO - pant_length mAP: 0.0000
2025-05-13 15:13:03,446 - __main__ - INFO - collar_design mAP: 0.0000
2025-05-13 15:13:03,446 - __main__ - INFO - lapel_design mAP: 0.0000
2025-05-13 15:13:03,446 - __main__ - INFO - neckline_design mAP: 0.0000
2025-05-13 15:13:03,446 - __main__ - INFO - neck_design mAP: 0.0000
2025-05-13 15:13:03,446 - __main__ - INFO - texture-related mAP: 0.0000
2025-05-13 15:13:03,446 - __main__ - INFO - fabric-related mAP: 0.0000
2025-05-13 15:13:03,446 - __main__ - INFO - shape-related mAP: 13.1041
2025-05-13 15:13:03,446 - __main__ - INFO - part-related mAP: 0.0000
2025-05-13 15:13:03,447 - __main__ - INFO - style-related mAP: 0.0000
2025-05-13 15:13:03,447 - __main__ - INFO - clothes category mAP: 0.0000
2025-05-13 15:13:03,447 - __main__ - INFO - clothes button mAP: 0.0000
2025-05-13 15:13:03,447 - __main__ - INFO - clothes color mAP: 0.0000
2025-05-13 15:13:03,447 - __main__ - INFO - clothes length mAP: 0.0000
2025-05-13 15:13:03,447 - __main__ - INFO - clothes pattern mAP: 0.0000
2025-05-13 15:13:03,447 - __main__ - INFO - clothes shape mAP: 0.0000
2025-05-13 15:13:03,447 - __main__ - INFO - collar shape mAP: 0.0000
2025-05-13 15:13:03,447 - __main__ - INFO - sleeve length mAP: 0.0000
2025-05-13 15:13:03,447 - __main__ - INFO - sleeve shape mAP: 0.0000
2025-05-13 15:13:03,447 - __main__ - INFO - MeanAP: 13.1041

2025-05-13 15:13:04,151 - __main__ - INFO - lr:8.1e-05
2025-05-13 15:13:05,145 - __main__ - INFO - Task id: 10	Train Epoch: 9 [0/20000]	Loss: 2.0461 (2.0461) 	Acc: 93.75% (93.75%)
2025-05-13 15:14:11,666 - __main__ - INFO - Task id: 10	Train Epoch: 9 [6400/20000]	Loss: 2.1779 (2.1554) 	Acc: 81.25% (85.71%)
2025-05-13 15:15:16,717 - __main__ - INFO - Task id: 10	Train Epoch: 9 [12800/20000]	Loss: 2.1956 (2.1393) 	Acc: 75.00% (86.25%)
2025-05-13 15:16:22,994 - __main__ - INFO - Task id: 10	Train Epoch: 9 [19200/20000]	Loss: 1.9831 (2.1251) 	Acc: 87.50% (86.59%)
2025-05-13 15:18:09,671 - __main__ - INFO - Task id: 10
2025-05-13 15:18:09,671 - __main__ - INFO - Train Epoch: 9
2025-05-13 15:18:09,671 - __main__ - INFO - skirt_length mAP: 0.0000
2025-05-13 15:18:09,671 - __main__ - INFO - sleeve_length mAP: 0.0000
2025-05-13 15:18:09,671 - __main__ - INFO - coat_length mAP: 0.0000
2025-05-13 15:18:09,671 - __main__ - INFO - pant_length mAP: 0.0000
2025-05-13 15:18:09,671 - __main__ - INFO - collar_design mAP: 0.0000
2025-05-13 15:18:09,671 - __main__ - INFO - lapel_design mAP: 0.0000
2025-05-13 15:18:09,671 - __main__ - INFO - neckline_design mAP: 0.0000
2025-05-13 15:18:09,671 - __main__ - INFO - neck_design mAP: 0.0000
2025-05-13 15:18:09,671 - __main__ - INFO - texture-related mAP: 0.0000
2025-05-13 15:18:09,671 - __main__ - INFO - fabric-related mAP: 0.0000
2025-05-13 15:18:09,671 - __main__ - INFO - shape-related mAP: 12.4442
2025-05-13 15:18:09,671 - __main__ - INFO - part-related mAP: 0.0000
2025-05-13 15:18:09,671 - __main__ - INFO - style-related mAP: 0.0000
2025-05-13 15:18:09,671 - __main__ - INFO - clothes category mAP: 0.0000
2025-05-13 15:18:09,671 - __main__ - INFO - clothes button mAP: 0.0000
2025-05-13 15:18:09,671 - __main__ - INFO - clothes color mAP: 0.0000
2025-05-13 15:18:09,671 - __main__ - INFO - clothes length mAP: 0.0000
2025-05-13 15:18:09,671 - __main__ - INFO - clothes pattern mAP: 0.0000
2025-05-13 15:18:09,672 - __main__ - INFO - clothes shape mAP: 0.0000
2025-05-13 15:18:09,672 - __main__ - INFO - collar shape mAP: 0.0000
2025-05-13 15:18:09,672 - __main__ - INFO - sleeve length mAP: 0.0000
2025-05-13 15:18:09,672 - __main__ - INFO - sleeve shape mAP: 0.0000
2025-05-13 15:18:09,672 - __main__ - INFO - MeanAP: 12.4442

2025-05-13 15:18:10,334 - __main__ - INFO - lr:7.290000000000001e-05
2025-05-13 15:18:11,234 - __main__ - INFO - Task id: 10	Train Epoch: 10 [0/20000]	Loss: 2.1604 (2.1604) 	Acc: 81.25% (81.25%)
2025-05-13 15:19:18,224 - __main__ - INFO - Task id: 10	Train Epoch: 10 [6400/20000]	Loss: 1.5975 (2.0388) 	Acc: 93.75% (88.44%)
2025-05-13 15:20:23,535 - __main__ - INFO - Task id: 10	Train Epoch: 10 [12800/20000]	Loss: 1.6372 (2.0449) 	Acc: 81.25% (88.36%)
2025-05-13 15:21:29,824 - __main__ - INFO - Task id: 10	Train Epoch: 10 [19200/20000]	Loss: 1.6823 (2.0414) 	Acc: 93.75% (88.19%)
2025-05-13 15:23:15,084 - __main__ - INFO - Task id: 10
2025-05-13 15:23:15,084 - __main__ - INFO - Train Epoch: 10
2025-05-13 15:23:15,084 - __main__ - INFO - skirt_length mAP: 0.0000
2025-05-13 15:23:15,084 - __main__ - INFO - sleeve_length mAP: 0.0000
2025-05-13 15:23:15,084 - __main__ - INFO - coat_length mAP: 0.0000
2025-05-13 15:23:15,084 - __main__ - INFO - pant_length mAP: 0.0000
2025-05-13 15:23:15,084 - __main__ - INFO - collar_design mAP: 0.0000
2025-05-13 15:23:15,084 - __main__ - INFO - lapel_design mAP: 0.0000
2025-05-13 15:23:15,084 - __main__ - INFO - neckline_design mAP: 0.0000
2025-05-13 15:23:15,084 - __main__ - INFO - neck_design mAP: 0.0000
2025-05-13 15:23:15,084 - __main__ - INFO - texture-related mAP: 0.0000
2025-05-13 15:23:15,084 - __main__ - INFO - fabric-related mAP: 0.0000
2025-05-13 15:23:15,085 - __main__ - INFO - shape-related mAP: 13.5118
2025-05-13 15:23:15,085 - __main__ - INFO - part-related mAP: 0.0000
2025-05-13 15:23:15,085 - __main__ - INFO - style-related mAP: 0.0000
2025-05-13 15:23:15,085 - __main__ - INFO - clothes category mAP: 0.0000
2025-05-13 15:23:15,085 - __main__ - INFO - clothes button mAP: 0.0000
2025-05-13 15:23:15,085 - __main__ - INFO - clothes color mAP: 0.0000
2025-05-13 15:23:15,085 - __main__ - INFO - clothes length mAP: 0.0000
2025-05-13 15:23:15,085 - __main__ - INFO - clothes pattern mAP: 0.0000
2025-05-13 15:23:15,085 - __main__ - INFO - clothes shape mAP: 0.0000
2025-05-13 15:23:15,085 - __main__ - INFO - collar shape mAP: 0.0000
2025-05-13 15:23:15,085 - __main__ - INFO - sleeve length mAP: 0.0000
2025-05-13 15:23:15,085 - __main__ - INFO - sleeve shape mAP: 0.0000
2025-05-13 15:23:15,085 - __main__ - INFO - MeanAP: 13.5118

2025-05-13 15:23:15,716 - __main__ - INFO - lr:7.290000000000001e-05
2025-05-13 15:24:08,545 - __main__ - INFO - Task id: 11	Train Epoch: 1 [0/20000]	Loss: 3.3925 (3.3925) 	Acc: 62.50% (62.50%)
2025-05-13 15:25:11,237 - __main__ - INFO - Task id: 11	Train Epoch: 1 [6400/20000]	Loss: 3.2881 (3.2469) 	Acc: 62.50% (64.68%)
2025-05-13 15:26:16,387 - __main__ - INFO - Task id: 11	Train Epoch: 1 [12800/20000]	Loss: 3.1350 (3.2010) 	Acc: 68.75% (66.06%)
2025-05-13 15:27:20,347 - __main__ - INFO - Task id: 11	Train Epoch: 1 [19200/20000]	Loss: 3.0844 (3.1738) 	Acc: 68.75% (66.42%)
2025-05-13 15:29:14,885 - __main__ - INFO - Task id: 11
2025-05-13 15:29:14,886 - __main__ - INFO - Train Epoch: 1
2025-05-13 15:29:14,886 - __main__ - INFO - skirt_length mAP: 0.0000
2025-05-13 15:29:14,886 - __main__ - INFO - sleeve_length mAP: 0.0000
2025-05-13 15:29:14,886 - __main__ - INFO - coat_length mAP: 0.0000
2025-05-13 15:29:14,886 - __main__ - INFO - pant_length mAP: 0.0000
2025-05-13 15:29:14,886 - __main__ - INFO - collar_design mAP: 0.0000
2025-05-13 15:29:14,886 - __main__ - INFO - lapel_design mAP: 0.0000
2025-05-13 15:29:14,886 - __main__ - INFO - neckline_design mAP: 0.0000
2025-05-13 15:29:14,886 - __main__ - INFO - neck_design mAP: 0.0000
2025-05-13 15:29:14,886 - __main__ - INFO - texture-related mAP: 0.0000
2025-05-13 15:29:14,886 - __main__ - INFO - fabric-related mAP: 0.0000
2025-05-13 15:29:14,886 - __main__ - INFO - shape-related mAP: 0.0000
2025-05-13 15:29:14,886 - __main__ - INFO - part-related mAP: 4.8066
2025-05-13 15:29:14,886 - __main__ - INFO - style-related mAP: 0.0000
2025-05-13 15:29:14,886 - __main__ - INFO - clothes category mAP: 0.0000
2025-05-13 15:29:14,886 - __main__ - INFO - clothes button mAP: 0.0000
2025-05-13 15:29:14,886 - __main__ - INFO - clothes color mAP: 0.0000
2025-05-13 15:29:14,886 - __main__ - INFO - clothes length mAP: 0.0000
2025-05-13 15:29:14,886 - __main__ - INFO - clothes pattern mAP: 0.0000
2025-05-13 15:29:14,886 - __main__ - INFO - clothes shape mAP: 0.0000
2025-05-13 15:29:14,886 - __main__ - INFO - collar shape mAP: 0.0000
2025-05-13 15:29:14,886 - __main__ - INFO - sleeve length mAP: 0.0000
2025-05-13 15:29:14,886 - __main__ - INFO - sleeve shape mAP: 0.0000
2025-05-13 15:29:14,886 - __main__ - INFO - MeanAP: 4.8066

2025-05-13 15:29:15,997 - __main__ - INFO - lr:0.0001
2025-05-13 15:29:17,113 - __main__ - INFO - Task id: 11	Train Epoch: 2 [0/20000]	Loss: 3.0883 (3.0883) 	Acc: 62.50% (62.50%)
2025-05-13 15:30:19,030 - __main__ - INFO - Task id: 11	Train Epoch: 2 [6400/20000]	Loss: 2.8674 (3.0534) 	Acc: 81.25% (69.93%)
2025-05-13 15:31:23,688 - __main__ - INFO - Task id: 11	Train Epoch: 2 [12800/20000]	Loss: 2.7416 (3.0430) 	Acc: 75.00% (70.21%)
2025-05-13 15:32:31,038 - __main__ - INFO - Task id: 11	Train Epoch: 2 [19200/20000]	Loss: 3.0117 (3.0232) 	Acc: 68.75% (70.85%)
2025-05-13 15:34:24,208 - __main__ - INFO - Task id: 11
2025-05-13 15:34:24,208 - __main__ - INFO - Train Epoch: 2
2025-05-13 15:34:24,208 - __main__ - INFO - skirt_length mAP: 0.0000
2025-05-13 15:34:24,208 - __main__ - INFO - sleeve_length mAP: 0.0000
2025-05-13 15:34:24,208 - __main__ - INFO - coat_length mAP: 0.0000
2025-05-13 15:34:24,208 - __main__ - INFO - pant_length mAP: 0.0000
2025-05-13 15:34:24,208 - __main__ - INFO - collar_design mAP: 0.0000
2025-05-13 15:34:24,208 - __main__ - INFO - lapel_design mAP: 0.0000
2025-05-13 15:34:24,208 - __main__ - INFO - neckline_design mAP: 0.0000
2025-05-13 15:34:24,208 - __main__ - INFO - neck_design mAP: 0.0000
2025-05-13 15:34:24,208 - __main__ - INFO - texture-related mAP: 0.0000
2025-05-13 15:34:24,208 - __main__ - INFO - fabric-related mAP: 0.0000
2025-05-13 15:34:24,208 - __main__ - INFO - shape-related mAP: 0.0000
2025-05-13 15:34:24,209 - __main__ - INFO - part-related mAP: 5.3651
2025-05-13 15:34:24,209 - __main__ - INFO - style-related mAP: 0.0000
2025-05-13 15:34:24,209 - __main__ - INFO - clothes category mAP: 0.0000
2025-05-13 15:34:24,209 - __main__ - INFO - clothes button mAP: 0.0000
2025-05-13 15:34:24,209 - __main__ - INFO - clothes color mAP: 0.0000
2025-05-13 15:34:24,209 - __main__ - INFO - clothes length mAP: 0.0000
2025-05-13 15:34:24,209 - __main__ - INFO - clothes pattern mAP: 0.0000
2025-05-13 15:34:24,209 - __main__ - INFO - clothes shape mAP: 0.0000
2025-05-13 15:34:24,209 - __main__ - INFO - collar shape mAP: 0.0000
2025-05-13 15:34:24,209 - __main__ - INFO - sleeve length mAP: 0.0000
2025-05-13 15:34:24,209 - __main__ - INFO - sleeve shape mAP: 0.0000
2025-05-13 15:34:24,209 - __main__ - INFO - MeanAP: 5.3651

2025-05-13 15:34:25,445 - __main__ - INFO - lr:0.0001
2025-05-13 15:34:26,400 - __main__ - INFO - Task id: 11	Train Epoch: 3 [0/20000]	Loss: 3.0869 (3.0869) 	Acc: 62.50% (62.50%)
2025-05-13 15:35:29,635 - __main__ - INFO - Task id: 11	Train Epoch: 3 [6400/20000]	Loss: 2.6572 (2.9564) 	Acc: 93.75% (72.69%)
2025-05-13 15:36:34,245 - __main__ - INFO - Task id: 11	Train Epoch: 3 [12800/20000]	Loss: 2.6461 (2.9425) 	Acc: 62.50% (72.50%)
2025-05-13 15:37:36,527 - __main__ - INFO - Task id: 11	Train Epoch: 3 [19200/20000]	Loss: 2.9118 (2.9334) 	Acc: 75.00% (72.55%)
2025-05-13 15:39:27,022 - __main__ - INFO - Task id: 11
2025-05-13 15:39:27,022 - __main__ - INFO - Train Epoch: 3
2025-05-13 15:39:27,022 - __main__ - INFO - skirt_length mAP: 0.0000
2025-05-13 15:39:27,022 - __main__ - INFO - sleeve_length mAP: 0.0000
2025-05-13 15:39:27,022 - __main__ - INFO - coat_length mAP: 0.0000
2025-05-13 15:39:27,022 - __main__ - INFO - pant_length mAP: 0.0000
2025-05-13 15:39:27,022 - __main__ - INFO - collar_design mAP: 0.0000
2025-05-13 15:39:27,022 - __main__ - INFO - lapel_design mAP: 0.0000
2025-05-13 15:39:27,022 - __main__ - INFO - neckline_design mAP: 0.0000
2025-05-13 15:39:27,022 - __main__ - INFO - neck_design mAP: 0.0000
2025-05-13 15:39:27,022 - __main__ - INFO - texture-related mAP: 0.0000
2025-05-13 15:39:27,022 - __main__ - INFO - fabric-related mAP: 0.0000
2025-05-13 15:39:27,022 - __main__ - INFO - shape-related mAP: 0.0000
2025-05-13 15:39:27,022 - __main__ - INFO - part-related mAP: 5.6831
2025-05-13 15:39:27,022 - __main__ - INFO - style-related mAP: 0.0000
2025-05-13 15:39:27,022 - __main__ - INFO - clothes category mAP: 0.0000
2025-05-13 15:39:27,022 - __main__ - INFO - clothes button mAP: 0.0000
2025-05-13 15:39:27,023 - __main__ - INFO - clothes color mAP: 0.0000
2025-05-13 15:39:27,023 - __main__ - INFO - clothes length mAP: 0.0000
2025-05-13 15:39:27,023 - __main__ - INFO - clothes pattern mAP: 0.0000
2025-05-13 15:39:27,023 - __main__ - INFO - clothes shape mAP: 0.0000
2025-05-13 15:39:27,023 - __main__ - INFO - collar shape mAP: 0.0000
2025-05-13 15:39:27,023 - __main__ - INFO - sleeve length mAP: 0.0000
2025-05-13 15:39:27,023 - __main__ - INFO - sleeve shape mAP: 0.0000
2025-05-13 15:39:27,023 - __main__ - INFO - MeanAP: 5.6831

2025-05-13 15:39:28,247 - __main__ - INFO - lr:9e-05
2025-05-13 15:39:29,171 - __main__ - INFO - Task id: 11	Train Epoch: 4 [0/20000]	Loss: 2.2980 (2.2980) 	Acc: 93.75% (93.75%)
2025-05-13 15:40:32,717 - __main__ - INFO - Task id: 11	Train Epoch: 4 [6400/20000]	Loss: 3.0824 (2.8491) 	Acc: 75.00% (74.45%)
2025-05-13 15:41:36,793 - __main__ - INFO - Task id: 11	Train Epoch: 4 [12800/20000]	Loss: 3.3588 (2.8437) 	Acc: 62.50% (74.27%)
2025-05-13 15:42:38,850 - __main__ - INFO - Task id: 11	Train Epoch: 4 [19200/20000]	Loss: 3.1698 (2.8339) 	Acc: 56.25% (74.48%)
2025-05-13 15:44:32,839 - __main__ - INFO - Task id: 11
2025-05-13 15:44:32,839 - __main__ - INFO - Train Epoch: 4
2025-05-13 15:44:32,839 - __main__ - INFO - skirt_length mAP: 0.0000
2025-05-13 15:44:32,839 - __main__ - INFO - sleeve_length mAP: 0.0000
2025-05-13 15:44:32,839 - __main__ - INFO - coat_length mAP: 0.0000
2025-05-13 15:44:32,839 - __main__ - INFO - pant_length mAP: 0.0000
2025-05-13 15:44:32,839 - __main__ - INFO - collar_design mAP: 0.0000
2025-05-13 15:44:32,839 - __main__ - INFO - lapel_design mAP: 0.0000
2025-05-13 15:44:32,839 - __main__ - INFO - neckline_design mAP: 0.0000
2025-05-13 15:44:32,839 - __main__ - INFO - neck_design mAP: 0.0000
2025-05-13 15:44:32,839 - __main__ - INFO - texture-related mAP: 0.0000
2025-05-13 15:44:32,839 - __main__ - INFO - fabric-related mAP: 0.0000
2025-05-13 15:44:32,839 - __main__ - INFO - shape-related mAP: 0.0000
2025-05-13 15:44:32,839 - __main__ - INFO - part-related mAP: 5.8787
2025-05-13 15:44:32,839 - __main__ - INFO - style-related mAP: 0.0000
2025-05-13 15:44:32,839 - __main__ - INFO - clothes category mAP: 0.0000
2025-05-13 15:44:32,839 - __main__ - INFO - clothes button mAP: 0.0000
2025-05-13 15:44:32,839 - __main__ - INFO - clothes color mAP: 0.0000
2025-05-13 15:44:32,839 - __main__ - INFO - clothes length mAP: 0.0000
2025-05-13 15:44:32,839 - __main__ - INFO - clothes pattern mAP: 0.0000
2025-05-13 15:44:32,839 - __main__ - INFO - clothes shape mAP: 0.0000
2025-05-13 15:44:32,840 - __main__ - INFO - collar shape mAP: 0.0000
2025-05-13 15:44:32,840 - __main__ - INFO - sleeve length mAP: 0.0000
2025-05-13 15:44:32,840 - __main__ - INFO - sleeve shape mAP: 0.0000
2025-05-13 15:44:32,840 - __main__ - INFO - MeanAP: 5.8787

2025-05-13 15:44:34,119 - __main__ - INFO - lr:9e-05
2025-05-13 15:44:35,032 - __main__ - INFO - Task id: 11	Train Epoch: 5 [0/20000]	Loss: 2.9118 (2.9118) 	Acc: 62.50% (62.50%)
2025-05-13 15:45:37,786 - __main__ - INFO - Task id: 11	Train Epoch: 5 [6400/20000]	Loss: 3.0134 (2.7860) 	Acc: 81.25% (76.01%)
2025-05-13 15:46:38,821 - __main__ - INFO - Task id: 11	Train Epoch: 5 [12800/20000]	Loss: 3.0738 (2.7710) 	Acc: 81.25% (76.16%)
2025-05-13 15:47:40,701 - __main__ - INFO - Task id: 11	Train Epoch: 5 [19200/20000]	Loss: 2.5799 (2.7602) 	Acc: 81.25% (76.44%)
2025-05-13 15:49:32,460 - __main__ - INFO - Task id: 11
2025-05-13 15:49:32,460 - __main__ - INFO - Train Epoch: 5
2025-05-13 15:49:32,460 - __main__ - INFO - skirt_length mAP: 0.0000
2025-05-13 15:49:32,460 - __main__ - INFO - sleeve_length mAP: 0.0000
2025-05-13 15:49:32,460 - __main__ - INFO - coat_length mAP: 0.0000
2025-05-13 15:49:32,460 - __main__ - INFO - pant_length mAP: 0.0000
2025-05-13 15:49:32,460 - __main__ - INFO - collar_design mAP: 0.0000
2025-05-13 15:49:32,460 - __main__ - INFO - lapel_design mAP: 0.0000
2025-05-13 15:49:32,460 - __main__ - INFO - neckline_design mAP: 0.0000
2025-05-13 15:49:32,460 - __main__ - INFO - neck_design mAP: 0.0000
2025-05-13 15:49:32,460 - __main__ - INFO - texture-related mAP: 0.0000
2025-05-13 15:49:32,460 - __main__ - INFO - fabric-related mAP: 0.0000
2025-05-13 15:49:32,460 - __main__ - INFO - shape-related mAP: 0.0000
2025-05-13 15:49:32,460 - __main__ - INFO - part-related mAP: 6.1412
2025-05-13 15:49:32,460 - __main__ - INFO - style-related mAP: 0.0000
2025-05-13 15:49:32,461 - __main__ - INFO - clothes category mAP: 0.0000
2025-05-13 15:49:32,461 - __main__ - INFO - clothes button mAP: 0.0000
2025-05-13 15:49:32,461 - __main__ - INFO - clothes color mAP: 0.0000
2025-05-13 15:49:32,461 - __main__ - INFO - clothes length mAP: 0.0000
2025-05-13 15:49:32,461 - __main__ - INFO - clothes pattern mAP: 0.0000
2025-05-13 15:49:32,461 - __main__ - INFO - clothes shape mAP: 0.0000
2025-05-13 15:49:32,461 - __main__ - INFO - collar shape mAP: 0.0000
2025-05-13 15:49:32,461 - __main__ - INFO - sleeve length mAP: 0.0000
2025-05-13 15:49:32,461 - __main__ - INFO - sleeve shape mAP: 0.0000
2025-05-13 15:49:32,461 - __main__ - INFO - MeanAP: 6.1412

2025-05-13 15:49:33,763 - __main__ - INFO - lr:9e-05
2025-05-13 15:49:34,636 - __main__ - INFO - Task id: 11	Train Epoch: 6 [0/20000]	Loss: 2.9284 (2.9284) 	Acc: 87.50% (87.50%)
2025-05-13 15:50:36,628 - __main__ - INFO - Task id: 11	Train Epoch: 6 [6400/20000]	Loss: 2.5077 (2.6945) 	Acc: 81.25% (78.34%)
2025-05-13 15:51:39,318 - __main__ - INFO - Task id: 11	Train Epoch: 6 [12800/20000]	Loss: 2.6981 (2.6917) 	Acc: 68.75% (77.96%)
2025-05-13 15:52:39,675 - __main__ - INFO - Task id: 11	Train Epoch: 6 [19200/20000]	Loss: 2.7495 (2.6774) 	Acc: 75.00% (77.97%)
2025-05-13 15:54:33,712 - __main__ - INFO - Task id: 11
2025-05-13 15:54:33,712 - __main__ - INFO - Train Epoch: 6
2025-05-13 15:54:33,712 - __main__ - INFO - skirt_length mAP: 0.0000
2025-05-13 15:54:33,712 - __main__ - INFO - sleeve_length mAP: 0.0000
2025-05-13 15:54:33,712 - __main__ - INFO - coat_length mAP: 0.0000
2025-05-13 15:54:33,712 - __main__ - INFO - pant_length mAP: 0.0000
2025-05-13 15:54:33,712 - __main__ - INFO - collar_design mAP: 0.0000
2025-05-13 15:54:33,712 - __main__ - INFO - lapel_design mAP: 0.0000
2025-05-13 15:54:33,712 - __main__ - INFO - neckline_design mAP: 0.0000
2025-05-13 15:54:33,712 - __main__ - INFO - neck_design mAP: 0.0000
2025-05-13 15:54:33,712 - __main__ - INFO - texture-related mAP: 0.0000
2025-05-13 15:54:33,712 - __main__ - INFO - fabric-related mAP: 0.0000
2025-05-13 15:54:33,713 - __main__ - INFO - shape-related mAP: 0.0000
2025-05-13 15:54:33,713 - __main__ - INFO - part-related mAP: 5.8119
2025-05-13 15:54:33,713 - __main__ - INFO - style-related mAP: 0.0000
2025-05-13 15:54:33,713 - __main__ - INFO - clothes category mAP: 0.0000
2025-05-13 15:54:33,713 - __main__ - INFO - clothes button mAP: 0.0000
2025-05-13 15:54:33,713 - __main__ - INFO - clothes color mAP: 0.0000
2025-05-13 15:54:33,713 - __main__ - INFO - clothes length mAP: 0.0000
2025-05-13 15:54:33,713 - __main__ - INFO - clothes pattern mAP: 0.0000
2025-05-13 15:54:33,713 - __main__ - INFO - clothes shape mAP: 0.0000
2025-05-13 15:54:33,713 - __main__ - INFO - collar shape mAP: 0.0000
2025-05-13 15:54:33,713 - __main__ - INFO - sleeve length mAP: 0.0000
2025-05-13 15:54:33,713 - __main__ - INFO - sleeve shape mAP: 0.0000
2025-05-13 15:54:33,713 - __main__ - INFO - MeanAP: 5.8119

2025-05-13 15:54:34,335 - __main__ - INFO - lr:8.1e-05
2025-05-13 15:54:35,435 - __main__ - INFO - Task id: 11	Train Epoch: 7 [0/20000]	Loss: 3.3040 (3.3040) 	Acc: 68.75% (68.75%)
2025-05-13 15:55:35,692 - __main__ - INFO - Task id: 11	Train Epoch: 7 [6400/20000]	Loss: 2.7481 (2.6361) 	Acc: 81.25% (78.60%)
2025-05-13 15:56:36,648 - __main__ - INFO - Task id: 11	Train Epoch: 7 [12800/20000]	Loss: 2.4868 (2.6182) 	Acc: 75.00% (79.21%)
2025-05-13 15:57:39,222 - __main__ - INFO - Task id: 11	Train Epoch: 7 [19200/20000]	Loss: 2.0759 (2.6049) 	Acc: 81.25% (79.48%)
2025-05-13 15:59:32,309 - __main__ - INFO - Task id: 11
2025-05-13 15:59:32,310 - __main__ - INFO - Train Epoch: 7
2025-05-13 15:59:32,310 - __main__ - INFO - skirt_length mAP: 0.0000
2025-05-13 15:59:32,310 - __main__ - INFO - sleeve_length mAP: 0.0000
2025-05-13 15:59:32,310 - __main__ - INFO - coat_length mAP: 0.0000
2025-05-13 15:59:32,310 - __main__ - INFO - pant_length mAP: 0.0000
2025-05-13 15:59:32,310 - __main__ - INFO - collar_design mAP: 0.0000
2025-05-13 15:59:32,310 - __main__ - INFO - lapel_design mAP: 0.0000
2025-05-13 15:59:32,310 - __main__ - INFO - neckline_design mAP: 0.0000
2025-05-13 15:59:32,310 - __main__ - INFO - neck_design mAP: 0.0000
2025-05-13 15:59:32,310 - __main__ - INFO - texture-related mAP: 0.0000
2025-05-13 15:59:32,310 - __main__ - INFO - fabric-related mAP: 0.0000
2025-05-13 15:59:32,310 - __main__ - INFO - shape-related mAP: 0.0000
2025-05-13 15:59:32,310 - __main__ - INFO - part-related mAP: 6.2524
2025-05-13 15:59:32,310 - __main__ - INFO - style-related mAP: 0.0000
2025-05-13 15:59:32,310 - __main__ - INFO - clothes category mAP: 0.0000
2025-05-13 15:59:32,310 - __main__ - INFO - clothes button mAP: 0.0000
2025-05-13 15:59:32,310 - __main__ - INFO - clothes color mAP: 0.0000
2025-05-13 15:59:32,310 - __main__ - INFO - clothes length mAP: 0.0000
2025-05-13 15:59:32,310 - __main__ - INFO - clothes pattern mAP: 0.0000
2025-05-13 15:59:32,310 - __main__ - INFO - clothes shape mAP: 0.0000
2025-05-13 15:59:32,310 - __main__ - INFO - collar shape mAP: 0.0000
2025-05-13 15:59:32,310 - __main__ - INFO - sleeve length mAP: 0.0000
2025-05-13 15:59:32,310 - __main__ - INFO - sleeve shape mAP: 0.0000
2025-05-13 15:59:32,311 - __main__ - INFO - MeanAP: 6.2524

2025-05-13 15:59:33,577 - __main__ - INFO - lr:8.1e-05
2025-05-13 15:59:34,479 - __main__ - INFO - Task id: 11	Train Epoch: 8 [0/20000]	Loss: 3.2789 (3.2789) 	Acc: 62.50% (62.50%)
2025-05-13 16:00:36,215 - __main__ - INFO - Task id: 11	Train Epoch: 8 [6400/20000]	Loss: 2.4205 (2.5392) 	Acc: 81.25% (80.41%)
2025-05-13 16:01:38,983 - __main__ - INFO - Task id: 11	Train Epoch: 8 [12800/20000]	Loss: 2.8240 (2.5518) 	Acc: 68.75% (80.22%)
2025-05-13 16:02:40,336 - __main__ - INFO - Task id: 11	Train Epoch: 8 [19200/20000]	Loss: 2.2610 (2.5386) 	Acc: 87.50% (80.32%)
2025-05-13 16:04:31,208 - __main__ - INFO - Task id: 11
2025-05-13 16:04:31,208 - __main__ - INFO - Train Epoch: 8
2025-05-13 16:04:31,208 - __main__ - INFO - skirt_length mAP: 0.0000
2025-05-13 16:04:31,208 - __main__ - INFO - sleeve_length mAP: 0.0000
2025-05-13 16:04:31,208 - __main__ - INFO - coat_length mAP: 0.0000
2025-05-13 16:04:31,208 - __main__ - INFO - pant_length mAP: 0.0000
2025-05-13 16:04:31,208 - __main__ - INFO - collar_design mAP: 0.0000
2025-05-13 16:04:31,208 - __main__ - INFO - lapel_design mAP: 0.0000
2025-05-13 16:04:31,208 - __main__ - INFO - neckline_design mAP: 0.0000
2025-05-13 16:04:31,208 - __main__ - INFO - neck_design mAP: 0.0000
2025-05-13 16:04:31,209 - __main__ - INFO - texture-related mAP: 0.0000
2025-05-13 16:04:31,209 - __main__ - INFO - fabric-related mAP: 0.0000
2025-05-13 16:04:31,209 - __main__ - INFO - shape-related mAP: 0.0000
2025-05-13 16:04:31,209 - __main__ - INFO - part-related mAP: 6.3927
2025-05-13 16:04:31,209 - __main__ - INFO - style-related mAP: 0.0000
2025-05-13 16:04:31,209 - __main__ - INFO - clothes category mAP: 0.0000
2025-05-13 16:04:31,209 - __main__ - INFO - clothes button mAP: 0.0000
2025-05-13 16:04:31,209 - __main__ - INFO - clothes color mAP: 0.0000
2025-05-13 16:04:31,209 - __main__ - INFO - clothes length mAP: 0.0000
2025-05-13 16:04:31,209 - __main__ - INFO - clothes pattern mAP: 0.0000
2025-05-13 16:04:31,209 - __main__ - INFO - clothes shape mAP: 0.0000
2025-05-13 16:04:31,209 - __main__ - INFO - collar shape mAP: 0.0000
2025-05-13 16:04:31,209 - __main__ - INFO - sleeve length mAP: 0.0000
2025-05-13 16:04:31,209 - __main__ - INFO - sleeve shape mAP: 0.0000
2025-05-13 16:04:31,209 - __main__ - INFO - MeanAP: 6.3927

2025-05-13 16:04:32,491 - __main__ - INFO - lr:8.1e-05
2025-05-13 16:04:33,968 - __main__ - INFO - Task id: 11	Train Epoch: 9 [0/20000]	Loss: 2.3608 (2.3608) 	Acc: 81.25% (81.25%)
2025-05-13 16:05:35,681 - __main__ - INFO - Task id: 11	Train Epoch: 9 [6400/20000]	Loss: 2.6523 (2.4907) 	Acc: 75.00% (80.63%)
2025-05-13 16:06:36,779 - __main__ - INFO - Task id: 11	Train Epoch: 9 [12800/20000]	Loss: 2.7297 (2.4791) 	Acc: 75.00% (81.05%)
2025-05-13 16:07:38,206 - __main__ - INFO - Task id: 11	Train Epoch: 9 [19200/20000]	Loss: 2.5700 (2.4642) 	Acc: 87.50% (81.45%)
2025-05-13 16:09:30,512 - __main__ - INFO - Task id: 11
2025-05-13 16:09:30,513 - __main__ - INFO - Train Epoch: 9
2025-05-13 16:09:30,513 - __main__ - INFO - skirt_length mAP: 0.0000
2025-05-13 16:09:30,513 - __main__ - INFO - sleeve_length mAP: 0.0000
2025-05-13 16:09:30,513 - __main__ - INFO - coat_length mAP: 0.0000
2025-05-13 16:09:30,513 - __main__ - INFO - pant_length mAP: 0.0000
2025-05-13 16:09:30,513 - __main__ - INFO - collar_design mAP: 0.0000
2025-05-13 16:09:30,513 - __main__ - INFO - lapel_design mAP: 0.0000
2025-05-13 16:09:30,513 - __main__ - INFO - neckline_design mAP: 0.0000
2025-05-13 16:09:30,513 - __main__ - INFO - neck_design mAP: 0.0000
2025-05-13 16:09:30,513 - __main__ - INFO - texture-related mAP: 0.0000
2025-05-13 16:09:30,513 - __main__ - INFO - fabric-related mAP: 0.0000
2025-05-13 16:09:30,513 - __main__ - INFO - shape-related mAP: 0.0000
2025-05-13 16:09:30,513 - __main__ - INFO - part-related mAP: 6.1247
2025-05-13 16:09:30,513 - __main__ - INFO - style-related mAP: 0.0000
2025-05-13 16:09:30,513 - __main__ - INFO - clothes category mAP: 0.0000
2025-05-13 16:09:30,513 - __main__ - INFO - clothes button mAP: 0.0000
2025-05-13 16:09:30,513 - __main__ - INFO - clothes color mAP: 0.0000
2025-05-13 16:09:30,513 - __main__ - INFO - clothes length mAP: 0.0000
2025-05-13 16:09:30,513 - __main__ - INFO - clothes pattern mAP: 0.0000
2025-05-13 16:09:30,513 - __main__ - INFO - clothes shape mAP: 0.0000
2025-05-13 16:09:30,513 - __main__ - INFO - collar shape mAP: 0.0000
2025-05-13 16:09:30,513 - __main__ - INFO - sleeve length mAP: 0.0000
2025-05-13 16:09:30,513 - __main__ - INFO - sleeve shape mAP: 0.0000
2025-05-13 16:09:30,513 - __main__ - INFO - MeanAP: 6.1247

2025-05-13 16:09:31,132 - __main__ - INFO - lr:7.290000000000001e-05
2025-05-13 16:09:32,029 - __main__ - INFO - Task id: 11	Train Epoch: 10 [0/20000]	Loss: 2.1417 (2.1417) 	Acc: 75.00% (75.00%)
2025-05-13 16:10:34,232 - __main__ - INFO - Task id: 11	Train Epoch: 10 [6400/20000]	Loss: 1.9875 (2.4449) 	Acc: 93.75% (82.45%)
2025-05-13 16:11:35,791 - __main__ - INFO - Task id: 11	Train Epoch: 10 [12800/20000]	Loss: 2.6315 (2.4245) 	Acc: 81.25% (82.19%)
2025-05-13 16:12:37,590 - __main__ - INFO - Task id: 11	Train Epoch: 10 [19200/20000]	Loss: 2.5928 (2.4200) 	Acc: 68.75% (82.02%)
2025-05-13 16:14:35,928 - __main__ - INFO - Task id: 11
2025-05-13 16:14:35,928 - __main__ - INFO - Train Epoch: 10
2025-05-13 16:14:35,928 - __main__ - INFO - skirt_length mAP: 0.0000
2025-05-13 16:14:35,928 - __main__ - INFO - sleeve_length mAP: 0.0000
2025-05-13 16:14:35,928 - __main__ - INFO - coat_length mAP: 0.0000
2025-05-13 16:14:35,928 - __main__ - INFO - pant_length mAP: 0.0000
2025-05-13 16:14:35,928 - __main__ - INFO - collar_design mAP: 0.0000
2025-05-13 16:14:35,928 - __main__ - INFO - lapel_design mAP: 0.0000
2025-05-13 16:14:35,928 - __main__ - INFO - neckline_design mAP: 0.0000
2025-05-13 16:14:35,928 - __main__ - INFO - neck_design mAP: 0.0000
2025-05-13 16:14:35,928 - __main__ - INFO - texture-related mAP: 0.0000
2025-05-13 16:14:35,928 - __main__ - INFO - fabric-related mAP: 0.0000
2025-05-13 16:14:35,929 - __main__ - INFO - shape-related mAP: 0.0000
2025-05-13 16:14:35,929 - __main__ - INFO - part-related mAP: 6.2624
2025-05-13 16:14:35,929 - __main__ - INFO - style-related mAP: 0.0000
2025-05-13 16:14:35,929 - __main__ - INFO - clothes category mAP: 0.0000
2025-05-13 16:14:35,929 - __main__ - INFO - clothes button mAP: 0.0000
2025-05-13 16:14:35,929 - __main__ - INFO - clothes color mAP: 0.0000
2025-05-13 16:14:35,929 - __main__ - INFO - clothes length mAP: 0.0000
2025-05-13 16:14:35,929 - __main__ - INFO - clothes pattern mAP: 0.0000
2025-05-13 16:14:35,929 - __main__ - INFO - clothes shape mAP: 0.0000
2025-05-13 16:14:35,929 - __main__ - INFO - collar shape mAP: 0.0000
2025-05-13 16:14:35,929 - __main__ - INFO - sleeve length mAP: 0.0000
2025-05-13 16:14:35,929 - __main__ - INFO - sleeve shape mAP: 0.0000
2025-05-13 16:14:35,929 - __main__ - INFO - MeanAP: 6.2624

2025-05-13 16:14:36,579 - __main__ - INFO - lr:7.290000000000001e-05
2025-05-13 16:15:13,440 - __main__ - INFO - Task id: 12	Train Epoch: 1 [0/20000]	Loss: 3.4319 (3.4319) 	Acc: 43.75% (43.75%)
2025-05-13 16:16:19,605 - __main__ - INFO - Task id: 12	Train Epoch: 1 [6400/20000]	Loss: 3.2064 (3.3172) 	Acc: 68.75% (60.93%)
2025-05-13 16:17:21,677 - __main__ - INFO - Task id: 12	Train Epoch: 1 [12800/20000]	Loss: 2.9299 (3.2940) 	Acc: 87.50% (61.61%)
2025-05-13 16:18:25,696 - __main__ - INFO - Task id: 12	Train Epoch: 1 [19200/20000]	Loss: 3.4599 (3.2754) 	Acc: 31.25% (62.04%)
2025-05-13 16:20:14,658 - __main__ - INFO - Task id: 12
2025-05-13 16:20:14,658 - __main__ - INFO - Train Epoch: 1
2025-05-13 16:20:14,658 - __main__ - INFO - skirt_length mAP: 0.0000
2025-05-13 16:20:14,658 - __main__ - INFO - sleeve_length mAP: 0.0000
2025-05-13 16:20:14,658 - __main__ - INFO - coat_length mAP: 0.0000
2025-05-13 16:20:14,658 - __main__ - INFO - pant_length mAP: 0.0000
2025-05-13 16:20:14,658 - __main__ - INFO - collar_design mAP: 0.0000
2025-05-13 16:20:14,658 - __main__ - INFO - lapel_design mAP: 0.0000
2025-05-13 16:20:14,658 - __main__ - INFO - neckline_design mAP: 0.0000
2025-05-13 16:20:14,658 - __main__ - INFO - neck_design mAP: 0.0000
2025-05-13 16:20:14,658 - __main__ - INFO - texture-related mAP: 0.0000
2025-05-13 16:20:14,658 - __main__ - INFO - fabric-related mAP: 0.0000
2025-05-13 16:20:14,658 - __main__ - INFO - shape-related mAP: 0.0000
2025-05-13 16:20:14,658 - __main__ - INFO - part-related mAP: 0.0000
2025-05-13 16:20:14,658 - __main__ - INFO - style-related mAP: 3.7178
2025-05-13 16:20:14,658 - __main__ - INFO - clothes category mAP: 0.0000
2025-05-13 16:20:14,658 - __main__ - INFO - clothes button mAP: 0.0000
2025-05-13 16:20:14,658 - __main__ - INFO - clothes color mAP: 0.0000
2025-05-13 16:20:14,658 - __main__ - INFO - clothes length mAP: 0.0000
2025-05-13 16:20:14,658 - __main__ - INFO - clothes pattern mAP: 0.0000
2025-05-13 16:20:14,658 - __main__ - INFO - clothes shape mAP: 0.0000
2025-05-13 16:20:14,659 - __main__ - INFO - collar shape mAP: 0.0000
2025-05-13 16:20:14,659 - __main__ - INFO - sleeve length mAP: 0.0000
2025-05-13 16:20:14,659 - __main__ - INFO - sleeve shape mAP: 0.0000
2025-05-13 16:20:14,659 - __main__ - INFO - MeanAP: 3.7178

2025-05-13 16:20:15,820 - __main__ - INFO - lr:0.0001
2025-05-13 16:20:16,983 - __main__ - INFO - Task id: 12	Train Epoch: 2 [0/20000]	Loss: 3.2791 (3.2791) 	Acc: 68.75% (68.75%)
2025-05-13 16:21:21,795 - __main__ - INFO - Task id: 12	Train Epoch: 2 [6400/20000]	Loss: 3.0901 (3.2305) 	Acc: 81.25% (63.40%)
2025-05-13 16:22:25,486 - __main__ - INFO - Task id: 12	Train Epoch: 2 [12800/20000]	Loss: 3.5235 (3.2137) 	Acc: 62.50% (64.14%)
2025-05-13 16:23:28,943 - __main__ - INFO - Task id: 12	Train Epoch: 2 [19200/20000]	Loss: 3.4045 (3.1970) 	Acc: 56.25% (64.47%)
2025-05-13 16:25:17,722 - __main__ - INFO - Task id: 12
2025-05-13 16:25:17,723 - __main__ - INFO - Train Epoch: 2
2025-05-13 16:25:17,723 - __main__ - INFO - skirt_length mAP: 0.0000
2025-05-13 16:25:17,723 - __main__ - INFO - sleeve_length mAP: 0.0000
2025-05-13 16:25:17,723 - __main__ - INFO - coat_length mAP: 0.0000
2025-05-13 16:25:17,723 - __main__ - INFO - pant_length mAP: 0.0000
2025-05-13 16:25:17,723 - __main__ - INFO - collar_design mAP: 0.0000
2025-05-13 16:25:17,723 - __main__ - INFO - lapel_design mAP: 0.0000
2025-05-13 16:25:17,723 - __main__ - INFO - neckline_design mAP: 0.0000
2025-05-13 16:25:17,723 - __main__ - INFO - neck_design mAP: 0.0000
2025-05-13 16:25:17,723 - __main__ - INFO - texture-related mAP: 0.0000
2025-05-13 16:25:17,723 - __main__ - INFO - fabric-related mAP: 0.0000
2025-05-13 16:25:17,723 - __main__ - INFO - shape-related mAP: 0.0000
2025-05-13 16:25:17,723 - __main__ - INFO - part-related mAP: 0.0000
2025-05-13 16:25:17,723 - __main__ - INFO - style-related mAP: 3.6760
2025-05-13 16:25:17,723 - __main__ - INFO - clothes category mAP: 0.0000
2025-05-13 16:25:17,723 - __main__ - INFO - clothes button mAP: 0.0000
2025-05-13 16:25:17,723 - __main__ - INFO - clothes color mAP: 0.0000
2025-05-13 16:25:17,723 - __main__ - INFO - clothes length mAP: 0.0000
2025-05-13 16:25:17,723 - __main__ - INFO - clothes pattern mAP: 0.0000
2025-05-13 16:25:17,723 - __main__ - INFO - clothes shape mAP: 0.0000
2025-05-13 16:25:17,723 - __main__ - INFO - collar shape mAP: 0.0000
2025-05-13 16:25:17,723 - __main__ - INFO - sleeve length mAP: 0.0000
2025-05-13 16:25:17,723 - __main__ - INFO - sleeve shape mAP: 0.0000
2025-05-13 16:25:17,723 - __main__ - INFO - MeanAP: 3.6760

2025-05-13 16:25:18,356 - __main__ - INFO - lr:0.0001
2025-05-13 16:25:19,166 - __main__ - INFO - Task id: 12	Train Epoch: 3 [0/20000]	Loss: 3.1741 (3.1741) 	Acc: 56.25% (56.25%)
2025-05-13 16:26:24,226 - __main__ - INFO - Task id: 12	Train Epoch: 3 [6400/20000]	Loss: 3.0557 (3.1630) 	Acc: 81.25% (64.98%)
2025-05-13 16:27:27,474 - __main__ - INFO - Task id: 12	Train Epoch: 3 [12800/20000]	Loss: 3.0634 (3.1509) 	Acc: 50.00% (65.13%)
2025-05-13 16:28:29,771 - __main__ - INFO - Task id: 12	Train Epoch: 3 [19200/20000]	Loss: 3.2066 (3.1449) 	Acc: 56.25% (65.46%)
2025-05-13 16:30:18,796 - __main__ - INFO - Task id: 12
2025-05-13 16:30:18,796 - __main__ - INFO - Train Epoch: 3
2025-05-13 16:30:18,796 - __main__ - INFO - skirt_length mAP: 0.0000
2025-05-13 16:30:18,796 - __main__ - INFO - sleeve_length mAP: 0.0000
2025-05-13 16:30:18,796 - __main__ - INFO - coat_length mAP: 0.0000
2025-05-13 16:30:18,796 - __main__ - INFO - pant_length mAP: 0.0000
2025-05-13 16:30:18,796 - __main__ - INFO - collar_design mAP: 0.0000
2025-05-13 16:30:18,796 - __main__ - INFO - lapel_design mAP: 0.0000
2025-05-13 16:30:18,796 - __main__ - INFO - neckline_design mAP: 0.0000
2025-05-13 16:30:18,796 - __main__ - INFO - neck_design mAP: 0.0000
2025-05-13 16:30:18,796 - __main__ - INFO - texture-related mAP: 0.0000
2025-05-13 16:30:18,796 - __main__ - INFO - fabric-related mAP: 0.0000
2025-05-13 16:30:18,796 - __main__ - INFO - shape-related mAP: 0.0000
2025-05-13 16:30:18,796 - __main__ - INFO - part-related mAP: 0.0000
2025-05-13 16:30:18,796 - __main__ - INFO - style-related mAP: 3.9642
2025-05-13 16:30:18,796 - __main__ - INFO - clothes category mAP: 0.0000
2025-05-13 16:30:18,796 - __main__ - INFO - clothes button mAP: 0.0000
2025-05-13 16:30:18,796 - __main__ - INFO - clothes color mAP: 0.0000
2025-05-13 16:30:18,796 - __main__ - INFO - clothes length mAP: 0.0000
2025-05-13 16:30:18,796 - __main__ - INFO - clothes pattern mAP: 0.0000
2025-05-13 16:30:18,797 - __main__ - INFO - clothes shape mAP: 0.0000
2025-05-13 16:30:18,797 - __main__ - INFO - collar shape mAP: 0.0000
2025-05-13 16:30:18,797 - __main__ - INFO - sleeve length mAP: 0.0000
2025-05-13 16:30:18,797 - __main__ - INFO - sleeve shape mAP: 0.0000
2025-05-13 16:30:18,797 - __main__ - INFO - MeanAP: 3.9642

2025-05-13 16:30:20,110 - __main__ - INFO - lr:9e-05
2025-05-13 16:30:21,057 - __main__ - INFO - Task id: 12	Train Epoch: 4 [0/20000]	Loss: 3.0889 (3.0889) 	Acc: 56.25% (56.25%)
2025-05-13 16:31:26,402 - __main__ - INFO - Task id: 12	Train Epoch: 4 [6400/20000]	Loss: 3.6149 (3.0922) 	Acc: 50.00% (67.30%)
2025-05-13 16:32:28,836 - __main__ - INFO - Task id: 12	Train Epoch: 4 [12800/20000]	Loss: 3.0915 (3.1012) 	Acc: 56.25% (66.91%)
2025-05-13 16:33:32,329 - __main__ - INFO - Task id: 12	Train Epoch: 4 [19200/20000]	Loss: 3.4874 (3.0848) 	Acc: 68.75% (67.37%)
2025-05-13 16:35:21,320 - __main__ - INFO - Task id: 12
2025-05-13 16:35:21,321 - __main__ - INFO - Train Epoch: 4
2025-05-13 16:35:21,321 - __main__ - INFO - skirt_length mAP: 0.0000
2025-05-13 16:35:21,321 - __main__ - INFO - sleeve_length mAP: 0.0000
2025-05-13 16:35:21,321 - __main__ - INFO - coat_length mAP: 0.0000
2025-05-13 16:35:21,321 - __main__ - INFO - pant_length mAP: 0.0000
2025-05-13 16:35:21,321 - __main__ - INFO - collar_design mAP: 0.0000
2025-05-13 16:35:21,321 - __main__ - INFO - lapel_design mAP: 0.0000
2025-05-13 16:35:21,321 - __main__ - INFO - neckline_design mAP: 0.0000
2025-05-13 16:35:21,321 - __main__ - INFO - neck_design mAP: 0.0000
2025-05-13 16:35:21,321 - __main__ - INFO - texture-related mAP: 0.0000
2025-05-13 16:35:21,321 - __main__ - INFO - fabric-related mAP: 0.0000
2025-05-13 16:35:21,321 - __main__ - INFO - shape-related mAP: 0.0000
2025-05-13 16:35:21,321 - __main__ - INFO - part-related mAP: 0.0000
2025-05-13 16:35:21,321 - __main__ - INFO - style-related mAP: 3.9656
2025-05-13 16:35:21,321 - __main__ - INFO - clothes category mAP: 0.0000
2025-05-13 16:35:21,321 - __main__ - INFO - clothes button mAP: 0.0000
2025-05-13 16:35:21,321 - __main__ - INFO - clothes color mAP: 0.0000
2025-05-13 16:35:21,321 - __main__ - INFO - clothes length mAP: 0.0000
2025-05-13 16:35:21,321 - __main__ - INFO - clothes pattern mAP: 0.0000
2025-05-13 16:35:21,321 - __main__ - INFO - clothes shape mAP: 0.0000
2025-05-13 16:35:21,321 - __main__ - INFO - collar shape mAP: 0.0000
2025-05-13 16:35:21,321 - __main__ - INFO - sleeve length mAP: 0.0000
2025-05-13 16:35:21,322 - __main__ - INFO - sleeve shape mAP: 0.0000
2025-05-13 16:35:21,322 - __main__ - INFO - MeanAP: 3.9656

2025-05-13 16:35:22,673 - __main__ - INFO - lr:9e-05
2025-05-13 16:35:23,480 - __main__ - INFO - Task id: 12	Train Epoch: 5 [0/20000]	Loss: 2.6675 (2.6675) 	Acc: 75.00% (75.00%)
2025-05-13 16:36:26,635 - __main__ - INFO - Task id: 12	Train Epoch: 5 [6400/20000]	Loss: 2.9805 (3.0326) 	Acc: 75.00% (68.39%)
2025-05-13 16:37:30,814 - __main__ - INFO - Task id: 12	Train Epoch: 5 [12800/20000]	Loss: 3.0659 (3.0315) 	Acc: 87.50% (68.28%)
2025-05-13 16:38:34,198 - __main__ - INFO - Task id: 12	Train Epoch: 5 [19200/20000]	Loss: 3.0701 (3.0232) 	Acc: 75.00% (68.87%)
2025-05-13 16:40:21,430 - __main__ - INFO - Task id: 12
2025-05-13 16:40:21,430 - __main__ - INFO - Train Epoch: 5
2025-05-13 16:40:21,430 - __main__ - INFO - skirt_length mAP: 0.0000
2025-05-13 16:40:21,430 - __main__ - INFO - sleeve_length mAP: 0.0000
2025-05-13 16:40:21,430 - __main__ - INFO - coat_length mAP: 0.0000
2025-05-13 16:40:21,430 - __main__ - INFO - pant_length mAP: 0.0000
2025-05-13 16:40:21,430 - __main__ - INFO - collar_design mAP: 0.0000
2025-05-13 16:40:21,430 - __main__ - INFO - lapel_design mAP: 0.0000
2025-05-13 16:40:21,430 - __main__ - INFO - neckline_design mAP: 0.0000
2025-05-13 16:40:21,430 - __main__ - INFO - neck_design mAP: 0.0000
2025-05-13 16:40:21,430 - __main__ - INFO - texture-related mAP: 0.0000
2025-05-13 16:40:21,430 - __main__ - INFO - fabric-related mAP: 0.0000
2025-05-13 16:40:21,430 - __main__ - INFO - shape-related mAP: 0.0000
2025-05-13 16:40:21,430 - __main__ - INFO - part-related mAP: 0.0000
2025-05-13 16:40:21,430 - __main__ - INFO - style-related mAP: 4.0356
2025-05-13 16:40:21,430 - __main__ - INFO - clothes category mAP: 0.0000
2025-05-13 16:40:21,430 - __main__ - INFO - clothes button mAP: 0.0000
2025-05-13 16:40:21,430 - __main__ - INFO - clothes color mAP: 0.0000
2025-05-13 16:40:21,430 - __main__ - INFO - clothes length mAP: 0.0000
2025-05-13 16:40:21,430 - __main__ - INFO - clothes pattern mAP: 0.0000
2025-05-13 16:40:21,431 - __main__ - INFO - clothes shape mAP: 0.0000
2025-05-13 16:40:21,431 - __main__ - INFO - collar shape mAP: 0.0000
2025-05-13 16:40:21,431 - __main__ - INFO - sleeve length mAP: 0.0000
2025-05-13 16:40:21,431 - __main__ - INFO - sleeve shape mAP: 0.0000
2025-05-13 16:40:21,431 - __main__ - INFO - MeanAP: 4.0356

2025-05-13 16:40:22,683 - __main__ - INFO - lr:9e-05
2025-05-13 16:40:23,627 - __main__ - INFO - Task id: 12	Train Epoch: 6 [0/20000]	Loss: 3.1433 (3.1433) 	Acc: 62.50% (62.50%)
2025-05-13 16:41:26,804 - __main__ - INFO - Task id: 12	Train Epoch: 6 [6400/20000]	Loss: 3.0190 (2.9796) 	Acc: 62.50% (70.04%)
2025-05-13 16:42:29,747 - __main__ - INFO - Task id: 12	Train Epoch: 6 [12800/20000]	Loss: 2.8191 (2.9732) 	Acc: 81.25% (69.94%)
2025-05-13 16:43:32,252 - __main__ - INFO - Task id: 12	Train Epoch: 6 [19200/20000]	Loss: 2.5424 (2.9624) 	Acc: 87.50% (70.17%)
2025-05-13 16:45:22,129 - __main__ - INFO - Task id: 12
2025-05-13 16:45:22,129 - __main__ - INFO - Train Epoch: 6
2025-05-13 16:45:22,129 - __main__ - INFO - skirt_length mAP: 0.0000
2025-05-13 16:45:22,129 - __main__ - INFO - sleeve_length mAP: 0.0000
2025-05-13 16:45:22,129 - __main__ - INFO - coat_length mAP: 0.0000
2025-05-13 16:45:22,129 - __main__ - INFO - pant_length mAP: 0.0000
2025-05-13 16:45:22,129 - __main__ - INFO - collar_design mAP: 0.0000
2025-05-13 16:45:22,129 - __main__ - INFO - lapel_design mAP: 0.0000
2025-05-13 16:45:22,129 - __main__ - INFO - neckline_design mAP: 0.0000
2025-05-13 16:45:22,129 - __main__ - INFO - neck_design mAP: 0.0000
2025-05-13 16:45:22,129 - __main__ - INFO - texture-related mAP: 0.0000
2025-05-13 16:45:22,129 - __main__ - INFO - fabric-related mAP: 0.0000
2025-05-13 16:45:22,129 - __main__ - INFO - shape-related mAP: 0.0000
2025-05-13 16:45:22,129 - __main__ - INFO - part-related mAP: 0.0000
2025-05-13 16:45:22,129 - __main__ - INFO - style-related mAP: 4.2533
2025-05-13 16:45:22,129 - __main__ - INFO - clothes category mAP: 0.0000
2025-05-13 16:45:22,130 - __main__ - INFO - clothes button mAP: 0.0000
2025-05-13 16:45:22,130 - __main__ - INFO - clothes color mAP: 0.0000
2025-05-13 16:45:22,130 - __main__ - INFO - clothes length mAP: 0.0000
2025-05-13 16:45:22,130 - __main__ - INFO - clothes pattern mAP: 0.0000
2025-05-13 16:45:22,130 - __main__ - INFO - clothes shape mAP: 0.0000
2025-05-13 16:45:22,130 - __main__ - INFO - collar shape mAP: 0.0000
2025-05-13 16:45:22,130 - __main__ - INFO - sleeve length mAP: 0.0000
2025-05-13 16:45:22,130 - __main__ - INFO - sleeve shape mAP: 0.0000
2025-05-13 16:45:22,130 - __main__ - INFO - MeanAP: 4.2533

2025-05-13 16:45:23,466 - __main__ - INFO - lr:8.1e-05
2025-05-13 16:45:24,541 - __main__ - INFO - Task id: 12	Train Epoch: 7 [0/20000]	Loss: 2.9262 (2.9262) 	Acc: 75.00% (75.00%)
2025-05-13 16:46:28,543 - __main__ - INFO - Task id: 12	Train Epoch: 7 [6400/20000]	Loss: 2.7959 (2.9462) 	Acc: 81.25% (69.73%)
2025-05-13 16:47:30,908 - __main__ - INFO - Task id: 12	Train Epoch: 7 [12800/20000]	Loss: 2.8518 (2.9242) 	Acc: 62.50% (71.00%)
2025-05-13 16:48:33,334 - __main__ - INFO - Task id: 12	Train Epoch: 7 [19200/20000]	Loss: 2.7763 (2.9090) 	Acc: 87.50% (71.46%)
2025-05-13 16:50:22,738 - __main__ - INFO - Task id: 12
2025-05-13 16:50:22,739 - __main__ - INFO - Train Epoch: 7
2025-05-13 16:50:22,739 - __main__ - INFO - skirt_length mAP: 0.0000
2025-05-13 16:50:22,739 - __main__ - INFO - sleeve_length mAP: 0.0000
2025-05-13 16:50:22,739 - __main__ - INFO - coat_length mAP: 0.0000
2025-05-13 16:50:22,739 - __main__ - INFO - pant_length mAP: 0.0000
2025-05-13 16:50:22,739 - __main__ - INFO - collar_design mAP: 0.0000
2025-05-13 16:50:22,739 - __main__ - INFO - lapel_design mAP: 0.0000
2025-05-13 16:50:22,739 - __main__ - INFO - neckline_design mAP: 0.0000
2025-05-13 16:50:22,739 - __main__ - INFO - neck_design mAP: 0.0000
2025-05-13 16:50:22,739 - __main__ - INFO - texture-related mAP: 0.0000
2025-05-13 16:50:22,739 - __main__ - INFO - fabric-related mAP: 0.0000
2025-05-13 16:50:22,739 - __main__ - INFO - shape-related mAP: 0.0000
2025-05-13 16:50:22,739 - __main__ - INFO - part-related mAP: 0.0000
2025-05-13 16:50:22,739 - __main__ - INFO - style-related mAP: 4.0695
2025-05-13 16:50:22,739 - __main__ - INFO - clothes category mAP: 0.0000
2025-05-13 16:50:22,739 - __main__ - INFO - clothes button mAP: 0.0000
2025-05-13 16:50:22,739 - __main__ - INFO - clothes color mAP: 0.0000
2025-05-13 16:50:22,739 - __main__ - INFO - clothes length mAP: 0.0000
2025-05-13 16:50:22,739 - __main__ - INFO - clothes pattern mAP: 0.0000
2025-05-13 16:50:22,739 - __main__ - INFO - clothes shape mAP: 0.0000
2025-05-13 16:50:22,739 - __main__ - INFO - collar shape mAP: 0.0000
2025-05-13 16:50:22,739 - __main__ - INFO - sleeve length mAP: 0.0000
2025-05-13 16:50:22,740 - __main__ - INFO - sleeve shape mAP: 0.0000
2025-05-13 16:50:22,740 - __main__ - INFO - MeanAP: 4.0695

2025-05-13 16:50:23,400 - __main__ - INFO - lr:8.1e-05
2025-05-13 16:50:24,271 - __main__ - INFO - Task id: 12	Train Epoch: 8 [0/20000]	Loss: 3.1119 (3.1119) 	Acc: 68.75% (68.75%)
2025-05-13 16:51:28,470 - __main__ - INFO - Task id: 12	Train Epoch: 8 [6400/20000]	Loss: 3.0504 (2.8960) 	Acc: 56.25% (71.48%)
2025-05-13 16:52:30,826 - __main__ - INFO - Task id: 12	Train Epoch: 8 [12800/20000]	Loss: 2.7074 (2.8847) 	Acc: 81.25% (71.64%)
2025-05-13 16:53:34,156 - __main__ - INFO - Task id: 12	Train Epoch: 8 [19200/20000]	Loss: 2.5296 (2.8696) 	Acc: 81.25% (72.10%)
2025-05-13 16:55:23,316 - __main__ - INFO - Task id: 12
2025-05-13 16:55:23,316 - __main__ - INFO - Train Epoch: 8
2025-05-13 16:55:23,316 - __main__ - INFO - skirt_length mAP: 0.0000
2025-05-13 16:55:23,316 - __main__ - INFO - sleeve_length mAP: 0.0000
2025-05-13 16:55:23,316 - __main__ - INFO - coat_length mAP: 0.0000
2025-05-13 16:55:23,316 - __main__ - INFO - pant_length mAP: 0.0000
2025-05-13 16:55:23,316 - __main__ - INFO - collar_design mAP: 0.0000
2025-05-13 16:55:23,316 - __main__ - INFO - lapel_design mAP: 0.0000
2025-05-13 16:55:23,316 - __main__ - INFO - neckline_design mAP: 0.0000
2025-05-13 16:55:23,316 - __main__ - INFO - neck_design mAP: 0.0000
2025-05-13 16:55:23,316 - __main__ - INFO - texture-related mAP: 0.0000
2025-05-13 16:55:23,316 - __main__ - INFO - fabric-related mAP: 0.0000
2025-05-13 16:55:23,316 - __main__ - INFO - shape-related mAP: 0.0000
2025-05-13 16:55:23,316 - __main__ - INFO - part-related mAP: 0.0000
2025-05-13 16:55:23,316 - __main__ - INFO - style-related mAP: 4.3391
2025-05-13 16:55:23,317 - __main__ - INFO - clothes category mAP: 0.0000
2025-05-13 16:55:23,317 - __main__ - INFO - clothes button mAP: 0.0000
2025-05-13 16:55:23,317 - __main__ - INFO - clothes color mAP: 0.0000
2025-05-13 16:55:23,317 - __main__ - INFO - clothes length mAP: 0.0000
2025-05-13 16:55:23,317 - __main__ - INFO - clothes pattern mAP: 0.0000
2025-05-13 16:55:23,317 - __main__ - INFO - clothes shape mAP: 0.0000
2025-05-13 16:55:23,317 - __main__ - INFO - collar shape mAP: 0.0000
2025-05-13 16:55:23,317 - __main__ - INFO - sleeve length mAP: 0.0000
2025-05-13 16:55:23,317 - __main__ - INFO - sleeve shape mAP: 0.0000
2025-05-13 16:55:23,317 - __main__ - INFO - MeanAP: 4.3391

2025-05-13 16:55:24,657 - __main__ - INFO - lr:8.1e-05
2025-05-13 16:55:25,548 - __main__ - INFO - Task id: 12	Train Epoch: 9 [0/20000]	Loss: 2.8624 (2.8624) 	Acc: 62.50% (62.50%)
2025-05-13 16:56:29,488 - __main__ - INFO - Task id: 12	Train Epoch: 9 [6400/20000]	Loss: 2.8933 (2.8337) 	Acc: 81.25% (73.61%)
2025-05-13 16:57:31,427 - __main__ - INFO - Task id: 12	Train Epoch: 9 [12800/20000]	Loss: 3.2412 (2.8218) 	Acc: 81.25% (73.68%)
2025-05-13 16:58:35,093 - __main__ - INFO - Task id: 12	Train Epoch: 9 [19200/20000]	Loss: 2.7740 (2.8166) 	Acc: 68.75% (73.61%)
2025-05-13 17:00:23,803 - __main__ - INFO - Task id: 12
2025-05-13 17:00:23,803 - __main__ - INFO - Train Epoch: 9
2025-05-13 17:00:23,803 - __main__ - INFO - skirt_length mAP: 0.0000
2025-05-13 17:00:23,803 - __main__ - INFO - sleeve_length mAP: 0.0000
2025-05-13 17:00:23,803 - __main__ - INFO - coat_length mAP: 0.0000
2025-05-13 17:00:23,803 - __main__ - INFO - pant_length mAP: 0.0000
2025-05-13 17:00:23,803 - __main__ - INFO - collar_design mAP: 0.0000
2025-05-13 17:00:23,803 - __main__ - INFO - lapel_design mAP: 0.0000
2025-05-13 17:00:23,803 - __main__ - INFO - neckline_design mAP: 0.0000
2025-05-13 17:00:23,803 - __main__ - INFO - neck_design mAP: 0.0000
2025-05-13 17:00:23,803 - __main__ - INFO - texture-related mAP: 0.0000
2025-05-13 17:00:23,803 - __main__ - INFO - fabric-related mAP: 0.0000
2025-05-13 17:00:23,803 - __main__ - INFO - shape-related mAP: 0.0000
2025-05-13 17:00:23,803 - __main__ - INFO - part-related mAP: 0.0000
2025-05-13 17:00:23,803 - __main__ - INFO - style-related mAP: 4.4450
2025-05-13 17:00:23,803 - __main__ - INFO - clothes category mAP: 0.0000
2025-05-13 17:00:23,803 - __main__ - INFO - clothes button mAP: 0.0000
2025-05-13 17:00:23,803 - __main__ - INFO - clothes color mAP: 0.0000
2025-05-13 17:00:23,803 - __main__ - INFO - clothes length mAP: 0.0000
2025-05-13 17:00:23,803 - __main__ - INFO - clothes pattern mAP: 0.0000
2025-05-13 17:00:23,804 - __main__ - INFO - clothes shape mAP: 0.0000
2025-05-13 17:00:23,804 - __main__ - INFO - collar shape mAP: 0.0000
2025-05-13 17:00:23,804 - __main__ - INFO - sleeve length mAP: 0.0000
2025-05-13 17:00:23,804 - __main__ - INFO - sleeve shape mAP: 0.0000
2025-05-13 17:00:23,804 - __main__ - INFO - MeanAP: 4.4450

2025-05-13 17:00:25,066 - __main__ - INFO - lr:7.290000000000001e-05
2025-05-13 17:00:26,135 - __main__ - INFO - Task id: 12	Train Epoch: 10 [0/20000]	Loss: 2.8681 (2.8681) 	Acc: 81.25% (81.25%)
2025-05-13 17:01:31,983 - __main__ - INFO - Task id: 12	Train Epoch: 10 [6400/20000]	Loss: 3.1458 (2.7759) 	Acc: 75.00% (74.14%)
2025-05-13 17:02:36,345 - __main__ - INFO - Task id: 12	Train Epoch: 10 [12800/20000]	Loss: 2.7285 (2.7689) 	Acc: 68.75% (74.38%)
2025-05-13 17:03:39,490 - __main__ - INFO - Task id: 12	Train Epoch: 10 [19200/20000]	Loss: 2.7203 (2.7588) 	Acc: 81.25% (74.54%)
2025-05-13 17:05:27,402 - __main__ - INFO - Task id: 12
2025-05-13 17:05:27,402 - __main__ - INFO - Train Epoch: 10
2025-05-13 17:05:27,402 - __main__ - INFO - skirt_length mAP: 0.0000
2025-05-13 17:05:27,402 - __main__ - INFO - sleeve_length mAP: 0.0000
2025-05-13 17:05:27,402 - __main__ - INFO - coat_length mAP: 0.0000
2025-05-13 17:05:27,402 - __main__ - INFO - pant_length mAP: 0.0000
2025-05-13 17:05:27,402 - __main__ - INFO - collar_design mAP: 0.0000
2025-05-13 17:05:27,402 - __main__ - INFO - lapel_design mAP: 0.0000
2025-05-13 17:05:27,403 - __main__ - INFO - neckline_design mAP: 0.0000
2025-05-13 17:05:27,403 - __main__ - INFO - neck_design mAP: 0.0000
2025-05-13 17:05:27,403 - __main__ - INFO - texture-related mAP: 0.0000
2025-05-13 17:05:27,403 - __main__ - INFO - fabric-related mAP: 0.0000
2025-05-13 17:05:27,403 - __main__ - INFO - shape-related mAP: 0.0000
2025-05-13 17:05:27,403 - __main__ - INFO - part-related mAP: 0.0000
2025-05-13 17:05:27,403 - __main__ - INFO - style-related mAP: 4.1836
2025-05-13 17:05:27,403 - __main__ - INFO - clothes category mAP: 0.0000
2025-05-13 17:05:27,403 - __main__ - INFO - clothes button mAP: 0.0000
2025-05-13 17:05:27,403 - __main__ - INFO - clothes color mAP: 0.0000
2025-05-13 17:05:27,403 - __main__ - INFO - clothes length mAP: 0.0000
2025-05-13 17:05:27,403 - __main__ - INFO - clothes pattern mAP: 0.0000
2025-05-13 17:05:27,403 - __main__ - INFO - clothes shape mAP: 0.0000
2025-05-13 17:05:27,403 - __main__ - INFO - collar shape mAP: 0.0000
2025-05-13 17:05:27,403 - __main__ - INFO - sleeve length mAP: 0.0000
2025-05-13 17:05:27,403 - __main__ - INFO - sleeve shape mAP: 0.0000
2025-05-13 17:05:27,403 - __main__ - INFO - MeanAP: 4.1836

2025-05-13 17:05:28,032 - __main__ - INFO - lr:7.290000000000001e-05
2025-05-13 17:05:35,473 - __main__ - INFO - Task id: 13	Train Epoch: 1 [0/20000]	Loss: 3.4201 (3.4201) 	Acc: 50.00% (50.00%)
2025-05-13 17:06:59,341 - __main__ - INFO - Task id: 13	Train Epoch: 1 [6400/20000]	Loss: 2.7071 (2.9986) 	Acc: 100.00% (73.43%)
2025-05-13 17:08:09,861 - __main__ - INFO - Task id: 13	Train Epoch: 1 [12800/20000]	Loss: 2.5287 (2.8729) 	Acc: 81.25% (76.58%)
2025-05-13 17:09:20,112 - __main__ - INFO - Task id: 13	Train Epoch: 1 [19200/20000]	Loss: 3.1462 (2.7957) 	Acc: 68.75% (78.63%)
2025-05-13 17:09:38,686 - __main__ - INFO - Task id: 13
2025-05-13 17:09:38,686 - __main__ - INFO - Train Epoch: 1
2025-05-13 17:09:38,686 - __main__ - INFO - skirt_length mAP: 0.0000
2025-05-13 17:09:38,687 - __main__ - INFO - sleeve_length mAP: 0.0000
2025-05-13 17:09:38,687 - __main__ - INFO - coat_length mAP: 0.0000
2025-05-13 17:09:38,687 - __main__ - INFO - pant_length mAP: 0.0000
2025-05-13 17:09:38,687 - __main__ - INFO - collar_design mAP: 0.0000
2025-05-13 17:09:38,687 - __main__ - INFO - lapel_design mAP: 0.0000
2025-05-13 17:09:38,687 - __main__ - INFO - neckline_design mAP: 0.0000
2025-05-13 17:09:38,687 - __main__ - INFO - neck_design mAP: 0.0000
2025-05-13 17:09:38,687 - __main__ - INFO - texture-related mAP: 0.0000
2025-05-13 17:09:38,687 - __main__ - INFO - fabric-related mAP: 0.0000
2025-05-13 17:09:38,687 - __main__ - INFO - shape-related mAP: 0.0000
2025-05-13 17:09:38,687 - __main__ - INFO - part-related mAP: 0.0000
2025-05-13 17:09:38,687 - __main__ - INFO - style-related mAP: 0.0000
2025-05-13 17:09:38,687 - __main__ - INFO - clothes category mAP: 8.3116
2025-05-13 17:09:38,687 - __main__ - INFO - clothes button mAP: 0.0000
2025-05-13 17:09:38,687 - __main__ - INFO - clothes color mAP: 0.0000
2025-05-13 17:09:38,687 - __main__ - INFO - clothes length mAP: 0.0000
2025-05-13 17:09:38,687 - __main__ - INFO - clothes pattern mAP: 0.0000
2025-05-13 17:09:38,687 - __main__ - INFO - clothes shape mAP: 0.0000
2025-05-13 17:09:38,687 - __main__ - INFO - collar shape mAP: 0.0000
2025-05-13 17:09:38,687 - __main__ - INFO - sleeve length mAP: 0.0000
2025-05-13 17:09:38,687 - __main__ - INFO - sleeve shape mAP: 0.0000
2025-05-13 17:09:38,687 - __main__ - INFO - MeanAP: 8.3116

2025-05-13 17:09:39,916 - __main__ - INFO - lr:0.0001
2025-05-13 17:09:40,986 - __main__ - INFO - Task id: 13	Train Epoch: 2 [0/20000]	Loss: 2.5480 (2.5480) 	Acc: 81.25% (81.25%)
2025-05-13 17:10:52,699 - __main__ - INFO - Task id: 13	Train Epoch: 2 [6400/20000]	Loss: 2.4030 (2.5376) 	Acc: 87.50% (84.55%)
2025-05-13 17:12:04,099 - __main__ - INFO - Task id: 13	Train Epoch: 2 [12800/20000]	Loss: 2.3038 (2.5052) 	Acc: 87.50% (84.93%)
2025-05-13 17:13:13,558 - __main__ - INFO - Task id: 13	Train Epoch: 2 [19200/20000]	Loss: 2.1916 (2.4730) 	Acc: 87.50% (85.39%)
2025-05-13 17:13:26,911 - __main__ - INFO - Task id: 13
2025-05-13 17:13:26,911 - __main__ - INFO - Train Epoch: 2
2025-05-13 17:13:26,911 - __main__ - INFO - skirt_length mAP: 0.0000
2025-05-13 17:13:26,911 - __main__ - INFO - sleeve_length mAP: 0.0000
2025-05-13 17:13:26,911 - __main__ - INFO - coat_length mAP: 0.0000
2025-05-13 17:13:26,911 - __main__ - INFO - pant_length mAP: 0.0000
2025-05-13 17:13:26,911 - __main__ - INFO - collar_design mAP: 0.0000
2025-05-13 17:13:26,911 - __main__ - INFO - lapel_design mAP: 0.0000
2025-05-13 17:13:26,911 - __main__ - INFO - neckline_design mAP: 0.0000
2025-05-13 17:13:26,911 - __main__ - INFO - neck_design mAP: 0.0000
2025-05-13 17:13:26,911 - __main__ - INFO - texture-related mAP: 0.0000
2025-05-13 17:13:26,911 - __main__ - INFO - fabric-related mAP: 0.0000
2025-05-13 17:13:26,911 - __main__ - INFO - shape-related mAP: 0.0000
2025-05-13 17:13:26,911 - __main__ - INFO - part-related mAP: 0.0000
2025-05-13 17:13:26,911 - __main__ - INFO - style-related mAP: 0.0000
2025-05-13 17:13:26,911 - __main__ - INFO - clothes category mAP: 8.1999
2025-05-13 17:13:26,911 - __main__ - INFO - clothes button mAP: 0.0000
2025-05-13 17:13:26,911 - __main__ - INFO - clothes color mAP: 0.0000
2025-05-13 17:13:26,911 - __main__ - INFO - clothes length mAP: 0.0000
2025-05-13 17:13:26,911 - __main__ - INFO - clothes pattern mAP: 0.0000
2025-05-13 17:13:26,911 - __main__ - INFO - clothes shape mAP: 0.0000
2025-05-13 17:13:26,911 - __main__ - INFO - collar shape mAP: 0.0000
2025-05-13 17:13:26,912 - __main__ - INFO - sleeve length mAP: 0.0000
2025-05-13 17:13:26,912 - __main__ - INFO - sleeve shape mAP: 0.0000
2025-05-13 17:13:26,912 - __main__ - INFO - MeanAP: 8.1999

2025-05-13 17:13:27,534 - __main__ - INFO - lr:0.0001
2025-05-13 17:13:28,596 - __main__ - INFO - Task id: 13	Train Epoch: 3 [0/20000]	Loss: 2.3845 (2.3845) 	Acc: 87.50% (87.50%)
2025-05-13 17:14:39,520 - __main__ - INFO - Task id: 13	Train Epoch: 3 [6400/20000]	Loss: 2.7970 (2.3741) 	Acc: 81.25% (86.53%)
2025-05-13 17:15:49,441 - __main__ - INFO - Task id: 13	Train Epoch: 3 [12800/20000]	Loss: 2.4637 (2.3605) 	Acc: 68.75% (86.88%)
2025-05-13 17:16:59,306 - __main__ - INFO - Task id: 13	Train Epoch: 3 [19200/20000]	Loss: 2.0101 (2.3393) 	Acc: 93.75% (87.53%)
2025-05-13 17:17:12,568 - __main__ - INFO - Task id: 13
2025-05-13 17:17:12,569 - __main__ - INFO - Train Epoch: 3
2025-05-13 17:17:12,569 - __main__ - INFO - skirt_length mAP: 0.0000
2025-05-13 17:17:12,569 - __main__ - INFO - sleeve_length mAP: 0.0000
2025-05-13 17:17:12,569 - __main__ - INFO - coat_length mAP: 0.0000
2025-05-13 17:17:12,569 - __main__ - INFO - pant_length mAP: 0.0000
2025-05-13 17:17:12,569 - __main__ - INFO - collar_design mAP: 0.0000
2025-05-13 17:17:12,569 - __main__ - INFO - lapel_design mAP: 0.0000
2025-05-13 17:17:12,569 - __main__ - INFO - neckline_design mAP: 0.0000
2025-05-13 17:17:12,569 - __main__ - INFO - neck_design mAP: 0.0000
2025-05-13 17:17:12,569 - __main__ - INFO - texture-related mAP: 0.0000
2025-05-13 17:17:12,569 - __main__ - INFO - fabric-related mAP: 0.0000
2025-05-13 17:17:12,569 - __main__ - INFO - shape-related mAP: 0.0000
2025-05-13 17:17:12,569 - __main__ - INFO - part-related mAP: 0.0000
2025-05-13 17:17:12,569 - __main__ - INFO - style-related mAP: 0.0000
2025-05-13 17:17:12,569 - __main__ - INFO - clothes category mAP: 8.7671
2025-05-13 17:17:12,569 - __main__ - INFO - clothes button mAP: 0.0000
2025-05-13 17:17:12,569 - __main__ - INFO - clothes color mAP: 0.0000
2025-05-13 17:17:12,569 - __main__ - INFO - clothes length mAP: 0.0000
2025-05-13 17:17:12,569 - __main__ - INFO - clothes pattern mAP: 0.0000
2025-05-13 17:17:12,569 - __main__ - INFO - clothes shape mAP: 0.0000
2025-05-13 17:17:12,569 - __main__ - INFO - collar shape mAP: 0.0000
2025-05-13 17:17:12,569 - __main__ - INFO - sleeve length mAP: 0.0000
2025-05-13 17:17:12,569 - __main__ - INFO - sleeve shape mAP: 0.0000
2025-05-13 17:17:12,569 - __main__ - INFO - MeanAP: 8.7671

2025-05-13 17:17:13,852 - __main__ - INFO - lr:9e-05
2025-05-13 17:17:14,924 - __main__ - INFO - Task id: 13	Train Epoch: 4 [0/20000]	Loss: 1.9872 (1.9872) 	Acc: 93.75% (93.75%)
2025-05-13 17:18:25,222 - __main__ - INFO - Task id: 13	Train Epoch: 4 [6400/20000]	Loss: 2.2398 (2.2423) 	Acc: 81.25% (88.79%)
2025-05-13 17:19:37,612 - __main__ - INFO - Task id: 13	Train Epoch: 4 [12800/20000]	Loss: 2.1262 (2.2518) 	Acc: 100.00% (88.76%)
2025-05-13 17:20:47,657 - __main__ - INFO - Task id: 13	Train Epoch: 4 [19200/20000]	Loss: 2.1156 (2.2386) 	Acc: 93.75% (88.96%)
2025-05-13 17:21:01,720 - __main__ - INFO - Task id: 13
2025-05-13 17:21:01,720 - __main__ - INFO - Train Epoch: 4
2025-05-13 17:21:01,720 - __main__ - INFO - skirt_length mAP: 0.0000
2025-05-13 17:21:01,720 - __main__ - INFO - sleeve_length mAP: 0.0000
2025-05-13 17:21:01,720 - __main__ - INFO - coat_length mAP: 0.0000
2025-05-13 17:21:01,720 - __main__ - INFO - pant_length mAP: 0.0000
2025-05-13 17:21:01,721 - __main__ - INFO - collar_design mAP: 0.0000
2025-05-13 17:21:01,721 - __main__ - INFO - lapel_design mAP: 0.0000
2025-05-13 17:21:01,721 - __main__ - INFO - neckline_design mAP: 0.0000
2025-05-13 17:21:01,721 - __main__ - INFO - neck_design mAP: 0.0000
2025-05-13 17:21:01,721 - __main__ - INFO - texture-related mAP: 0.0000
2025-05-13 17:21:01,721 - __main__ - INFO - fabric-related mAP: 0.0000
2025-05-13 17:21:01,721 - __main__ - INFO - shape-related mAP: 0.0000
2025-05-13 17:21:01,721 - __main__ - INFO - part-related mAP: 0.0000
2025-05-13 17:21:01,721 - __main__ - INFO - style-related mAP: 0.0000
2025-05-13 17:21:01,721 - __main__ - INFO - clothes category mAP: 8.9122
2025-05-13 17:21:01,721 - __main__ - INFO - clothes button mAP: 0.0000
2025-05-13 17:21:01,721 - __main__ - INFO - clothes color mAP: 0.0000
2025-05-13 17:21:01,721 - __main__ - INFO - clothes length mAP: 0.0000
2025-05-13 17:21:01,721 - __main__ - INFO - clothes pattern mAP: 0.0000
2025-05-13 17:21:01,721 - __main__ - INFO - clothes shape mAP: 0.0000
2025-05-13 17:21:01,721 - __main__ - INFO - collar shape mAP: 0.0000
2025-05-13 17:21:01,721 - __main__ - INFO - sleeve length mAP: 0.0000
2025-05-13 17:21:01,721 - __main__ - INFO - sleeve shape mAP: 0.0000
2025-05-13 17:21:01,721 - __main__ - INFO - MeanAP: 8.9122

2025-05-13 17:21:02,983 - __main__ - INFO - lr:9e-05
2025-05-13 17:21:04,049 - __main__ - INFO - Task id: 13	Train Epoch: 5 [0/20000]	Loss: 2.5231 (2.5231) 	Acc: 100.00% (100.00%)
2025-05-13 17:22:14,785 - __main__ - INFO - Task id: 13	Train Epoch: 5 [6400/20000]	Loss: 2.0751 (2.1946) 	Acc: 100.00% (89.42%)
2025-05-13 17:23:24,403 - __main__ - INFO - Task id: 13	Train Epoch: 5 [12800/20000]	Loss: 2.3247 (2.1856) 	Acc: 93.75% (89.73%)
2025-05-13 17:24:35,687 - __main__ - INFO - Task id: 13	Train Epoch: 5 [19200/20000]	Loss: 2.1004 (2.1770) 	Acc: 100.00% (89.84%)
2025-05-13 17:24:49,295 - __main__ - INFO - Task id: 13
2025-05-13 17:24:49,295 - __main__ - INFO - Train Epoch: 5
2025-05-13 17:24:49,295 - __main__ - INFO - skirt_length mAP: 0.0000
2025-05-13 17:24:49,295 - __main__ - INFO - sleeve_length mAP: 0.0000
2025-05-13 17:24:49,295 - __main__ - INFO - coat_length mAP: 0.0000
2025-05-13 17:24:49,295 - __main__ - INFO - pant_length mAP: 0.0000
2025-05-13 17:24:49,295 - __main__ - INFO - collar_design mAP: 0.0000
2025-05-13 17:24:49,295 - __main__ - INFO - lapel_design mAP: 0.0000
2025-05-13 17:24:49,295 - __main__ - INFO - neckline_design mAP: 0.0000
2025-05-13 17:24:49,295 - __main__ - INFO - neck_design mAP: 0.0000
2025-05-13 17:24:49,295 - __main__ - INFO - texture-related mAP: 0.0000
2025-05-13 17:24:49,295 - __main__ - INFO - fabric-related mAP: 0.0000
2025-05-13 17:24:49,295 - __main__ - INFO - shape-related mAP: 0.0000
2025-05-13 17:24:49,295 - __main__ - INFO - part-related mAP: 0.0000
2025-05-13 17:24:49,295 - __main__ - INFO - style-related mAP: 0.0000
2025-05-13 17:24:49,295 - __main__ - INFO - clothes category mAP: 8.9723
2025-05-13 17:24:49,295 - __main__ - INFO - clothes button mAP: 0.0000
2025-05-13 17:24:49,295 - __main__ - INFO - clothes color mAP: 0.0000
2025-05-13 17:24:49,296 - __main__ - INFO - clothes length mAP: 0.0000
2025-05-13 17:24:49,296 - __main__ - INFO - clothes pattern mAP: 0.0000
2025-05-13 17:24:49,296 - __main__ - INFO - clothes shape mAP: 0.0000
2025-05-13 17:24:49,296 - __main__ - INFO - collar shape mAP: 0.0000
2025-05-13 17:24:49,296 - __main__ - INFO - sleeve length mAP: 0.0000
2025-05-13 17:24:49,296 - __main__ - INFO - sleeve shape mAP: 0.0000
2025-05-13 17:24:49,296 - __main__ - INFO - MeanAP: 8.9723

2025-05-13 17:24:50,600 - __main__ - INFO - lr:9e-05
2025-05-13 17:24:51,693 - __main__ - INFO - Task id: 13	Train Epoch: 6 [0/20000]	Loss: 2.1273 (2.1273) 	Acc: 100.00% (100.00%)
2025-05-13 17:26:02,204 - __main__ - INFO - Task id: 13	Train Epoch: 6 [6400/20000]	Loss: 1.9368 (2.1401) 	Acc: 93.75% (90.02%)
2025-05-13 17:27:12,114 - __main__ - INFO - Task id: 13	Train Epoch: 6 [12800/20000]	Loss: 1.9971 (2.1448) 	Acc: 93.75% (90.32%)
2025-05-13 17:28:21,276 - __main__ - INFO - Task id: 13	Train Epoch: 6 [19200/20000]	Loss: 2.1934 (2.1288) 	Acc: 93.75% (90.42%)
2025-05-13 17:28:34,213 - __main__ - INFO - Task id: 13
2025-05-13 17:28:34,213 - __main__ - INFO - Train Epoch: 6
2025-05-13 17:28:34,213 - __main__ - INFO - skirt_length mAP: 0.0000
2025-05-13 17:28:34,214 - __main__ - INFO - sleeve_length mAP: 0.0000
2025-05-13 17:28:34,214 - __main__ - INFO - coat_length mAP: 0.0000
2025-05-13 17:28:34,214 - __main__ - INFO - pant_length mAP: 0.0000
2025-05-13 17:28:34,214 - __main__ - INFO - collar_design mAP: 0.0000
2025-05-13 17:28:34,214 - __main__ - INFO - lapel_design mAP: 0.0000
2025-05-13 17:28:34,214 - __main__ - INFO - neckline_design mAP: 0.0000
2025-05-13 17:28:34,214 - __main__ - INFO - neck_design mAP: 0.0000
2025-05-13 17:28:34,214 - __main__ - INFO - texture-related mAP: 0.0000
2025-05-13 17:28:34,214 - __main__ - INFO - fabric-related mAP: 0.0000
2025-05-13 17:28:34,214 - __main__ - INFO - shape-related mAP: 0.0000
2025-05-13 17:28:34,214 - __main__ - INFO - part-related mAP: 0.0000
2025-05-13 17:28:34,214 - __main__ - INFO - style-related mAP: 0.0000
2025-05-13 17:28:34,214 - __main__ - INFO - clothes category mAP: 9.2494
2025-05-13 17:28:34,214 - __main__ - INFO - clothes button mAP: 0.0000
2025-05-13 17:28:34,214 - __main__ - INFO - clothes color mAP: 0.0000
2025-05-13 17:28:34,214 - __main__ - INFO - clothes length mAP: 0.0000
2025-05-13 17:28:34,214 - __main__ - INFO - clothes pattern mAP: 0.0000
2025-05-13 17:28:34,214 - __main__ - INFO - clothes shape mAP: 0.0000
2025-05-13 17:28:34,214 - __main__ - INFO - collar shape mAP: 0.0000
2025-05-13 17:28:34,214 - __main__ - INFO - sleeve length mAP: 0.0000
2025-05-13 17:28:34,214 - __main__ - INFO - sleeve shape mAP: 0.0000
2025-05-13 17:28:34,214 - __main__ - INFO - MeanAP: 9.2494

2025-05-13 17:28:35,452 - __main__ - INFO - lr:8.1e-05
2025-05-13 17:28:36,530 - __main__ - INFO - Task id: 13	Train Epoch: 7 [0/20000]	Loss: 2.2154 (2.2154) 	Acc: 87.50% (87.50%)
2025-05-13 17:29:47,137 - __main__ - INFO - Task id: 13	Train Epoch: 7 [6400/20000]	Loss: 2.1961 (2.0864) 	Acc: 87.50% (90.82%)
2025-05-13 17:30:56,831 - __main__ - INFO - Task id: 13	Train Epoch: 7 [12800/20000]	Loss: 2.1851 (2.0734) 	Acc: 93.75% (90.96%)
2025-05-13 17:32:06,885 - __main__ - INFO - Task id: 13	Train Epoch: 7 [19200/20000]	Loss: 1.9719 (2.0667) 	Acc: 100.00% (91.21%)
2025-05-13 17:32:19,910 - __main__ - INFO - Task id: 13
2025-05-13 17:32:19,910 - __main__ - INFO - Train Epoch: 7
2025-05-13 17:32:19,911 - __main__ - INFO - skirt_length mAP: 0.0000
2025-05-13 17:32:19,911 - __main__ - INFO - sleeve_length mAP: 0.0000
2025-05-13 17:32:19,911 - __main__ - INFO - coat_length mAP: 0.0000
2025-05-13 17:32:19,911 - __main__ - INFO - pant_length mAP: 0.0000
2025-05-13 17:32:19,911 - __main__ - INFO - collar_design mAP: 0.0000
2025-05-13 17:32:19,911 - __main__ - INFO - lapel_design mAP: 0.0000
2025-05-13 17:32:19,911 - __main__ - INFO - neckline_design mAP: 0.0000
2025-05-13 17:32:19,911 - __main__ - INFO - neck_design mAP: 0.0000
2025-05-13 17:32:19,911 - __main__ - INFO - texture-related mAP: 0.0000
2025-05-13 17:32:19,911 - __main__ - INFO - fabric-related mAP: 0.0000
2025-05-13 17:32:19,911 - __main__ - INFO - shape-related mAP: 0.0000
2025-05-13 17:32:19,911 - __main__ - INFO - part-related mAP: 0.0000
2025-05-13 17:32:19,911 - __main__ - INFO - style-related mAP: 0.0000
2025-05-13 17:32:19,911 - __main__ - INFO - clothes category mAP: 9.2342
2025-05-13 17:32:19,911 - __main__ - INFO - clothes button mAP: 0.0000
2025-05-13 17:32:19,911 - __main__ - INFO - clothes color mAP: 0.0000
2025-05-13 17:32:19,911 - __main__ - INFO - clothes length mAP: 0.0000
2025-05-13 17:32:19,911 - __main__ - INFO - clothes pattern mAP: 0.0000
2025-05-13 17:32:19,911 - __main__ - INFO - clothes shape mAP: 0.0000
2025-05-13 17:32:19,911 - __main__ - INFO - collar shape mAP: 0.0000
2025-05-13 17:32:19,911 - __main__ - INFO - sleeve length mAP: 0.0000
2025-05-13 17:32:19,911 - __main__ - INFO - sleeve shape mAP: 0.0000
2025-05-13 17:32:19,911 - __main__ - INFO - MeanAP: 9.2342

2025-05-13 17:32:20,544 - __main__ - INFO - lr:8.1e-05
2025-05-13 17:32:21,554 - __main__ - INFO - Task id: 13	Train Epoch: 8 [0/20000]	Loss: 1.7250 (1.7250) 	Acc: 93.75% (93.75%)
2025-05-13 17:33:45,799 - __main__ - INFO - Task id: 13	Train Epoch: 8 [6400/20000]	Loss: 1.9469 (2.0492) 	Acc: 93.75% (91.41%)
2025-05-13 17:34:55,544 - __main__ - INFO - Task id: 13	Train Epoch: 8 [12800/20000]	Loss: 1.9783 (2.0401) 	Acc: 93.75% (91.60%)
2025-05-13 17:36:05,813 - __main__ - INFO - Task id: 13	Train Epoch: 8 [19200/20000]	Loss: 1.9078 (2.0254) 	Acc: 87.50% (91.79%)
2025-05-13 17:36:19,250 - __main__ - INFO - Task id: 13
2025-05-13 17:36:19,250 - __main__ - INFO - Train Epoch: 8
2025-05-13 17:36:19,250 - __main__ - INFO - skirt_length mAP: 0.0000
2025-05-13 17:36:19,250 - __main__ - INFO - sleeve_length mAP: 0.0000
2025-05-13 17:36:19,250 - __main__ - INFO - coat_length mAP: 0.0000
2025-05-13 17:36:19,250 - __main__ - INFO - pant_length mAP: 0.0000
2025-05-13 17:36:19,250 - __main__ - INFO - collar_design mAP: 0.0000
2025-05-13 17:36:19,251 - __main__ - INFO - lapel_design mAP: 0.0000
2025-05-13 17:36:19,251 - __main__ - INFO - neckline_design mAP: 0.0000
2025-05-13 17:36:19,251 - __main__ - INFO - neck_design mAP: 0.0000
2025-05-13 17:36:19,251 - __main__ - INFO - texture-related mAP: 0.0000
2025-05-13 17:36:19,251 - __main__ - INFO - fabric-related mAP: 0.0000
2025-05-13 17:36:19,251 - __main__ - INFO - shape-related mAP: 0.0000
2025-05-13 17:36:19,251 - __main__ - INFO - part-related mAP: 0.0000
2025-05-13 17:36:19,251 - __main__ - INFO - style-related mAP: 0.0000
2025-05-13 17:36:19,251 - __main__ - INFO - clothes category mAP: 9.1237
2025-05-13 17:36:19,251 - __main__ - INFO - clothes button mAP: 0.0000
2025-05-13 17:36:19,251 - __main__ - INFO - clothes color mAP: 0.0000
2025-05-13 17:36:19,251 - __main__ - INFO - clothes length mAP: 0.0000
2025-05-13 17:36:19,251 - __main__ - INFO - clothes pattern mAP: 0.0000
2025-05-13 17:36:19,251 - __main__ - INFO - clothes shape mAP: 0.0000
2025-05-13 17:36:19,251 - __main__ - INFO - collar shape mAP: 0.0000
2025-05-13 17:36:19,251 - __main__ - INFO - sleeve length mAP: 0.0000
2025-05-13 17:36:19,251 - __main__ - INFO - sleeve shape mAP: 0.0000
2025-05-13 17:36:19,251 - __main__ - INFO - MeanAP: 9.1237

2025-05-13 17:36:19,893 - __main__ - INFO - lr:8.1e-05
2025-05-13 17:36:20,943 - __main__ - INFO - Task id: 13	Train Epoch: 9 [0/20000]	Loss: 2.0203 (2.0203) 	Acc: 100.00% (100.00%)
2025-05-13 17:37:31,577 - __main__ - INFO - Task id: 13	Train Epoch: 9 [6400/20000]	Loss: 1.9055 (1.9998) 	Acc: 100.00% (92.05%)
2025-05-13 17:38:41,609 - __main__ - INFO - Task id: 13	Train Epoch: 9 [12800/20000]	Loss: 1.6217 (1.9904) 	Acc: 87.50% (92.06%)
2025-05-13 17:39:50,818 - __main__ - INFO - Task id: 13	Train Epoch: 9 [19200/20000]	Loss: 1.9131 (1.9892) 	Acc: 100.00% (92.15%)
2025-05-13 17:40:04,337 - __main__ - INFO - Task id: 13
2025-05-13 17:40:04,337 - __main__ - INFO - Train Epoch: 9
2025-05-13 17:40:04,337 - __main__ - INFO - skirt_length mAP: 0.0000
2025-05-13 17:40:04,337 - __main__ - INFO - sleeve_length mAP: 0.0000
2025-05-13 17:40:04,337 - __main__ - INFO - coat_length mAP: 0.0000
2025-05-13 17:40:04,337 - __main__ - INFO - pant_length mAP: 0.0000
2025-05-13 17:40:04,337 - __main__ - INFO - collar_design mAP: 0.0000
2025-05-13 17:40:04,337 - __main__ - INFO - lapel_design mAP: 0.0000
2025-05-13 17:40:04,338 - __main__ - INFO - neckline_design mAP: 0.0000
2025-05-13 17:40:04,338 - __main__ - INFO - neck_design mAP: 0.0000
2025-05-13 17:40:04,338 - __main__ - INFO - texture-related mAP: 0.0000
2025-05-13 17:40:04,338 - __main__ - INFO - fabric-related mAP: 0.0000
2025-05-13 17:40:04,338 - __main__ - INFO - shape-related mAP: 0.0000
2025-05-13 17:40:04,338 - __main__ - INFO - part-related mAP: 0.0000
2025-05-13 17:40:04,338 - __main__ - INFO - style-related mAP: 0.0000
2025-05-13 17:40:04,338 - __main__ - INFO - clothes category mAP: 9.5565
2025-05-13 17:40:04,338 - __main__ - INFO - clothes button mAP: 0.0000
2025-05-13 17:40:04,338 - __main__ - INFO - clothes color mAP: 0.0000
2025-05-13 17:40:04,338 - __main__ - INFO - clothes length mAP: 0.0000
2025-05-13 17:40:04,338 - __main__ - INFO - clothes pattern mAP: 0.0000
2025-05-13 17:40:04,338 - __main__ - INFO - clothes shape mAP: 0.0000
2025-05-13 17:40:04,338 - __main__ - INFO - collar shape mAP: 0.0000
2025-05-13 17:40:04,338 - __main__ - INFO - sleeve length mAP: 0.0000
2025-05-13 17:40:04,338 - __main__ - INFO - sleeve shape mAP: 0.0000
2025-05-13 17:40:04,338 - __main__ - INFO - MeanAP: 9.5565

2025-05-13 17:40:05,646 - __main__ - INFO - lr:7.290000000000001e-05
2025-05-13 17:40:06,687 - __main__ - INFO - Task id: 13	Train Epoch: 10 [0/20000]	Loss: 1.3049 (1.3049) 	Acc: 100.00% (100.00%)
2025-05-13 17:41:16,961 - __main__ - INFO - Task id: 13	Train Epoch: 10 [6400/20000]	Loss: 2.0696 (1.9449) 	Acc: 87.50% (93.20%)
2025-05-13 17:42:26,254 - __main__ - INFO - Task id: 13	Train Epoch: 10 [12800/20000]	Loss: 1.9798 (1.9438) 	Acc: 87.50% (93.02%)
2025-05-13 17:43:36,009 - __main__ - INFO - Task id: 13	Train Epoch: 10 [19200/20000]	Loss: 1.9333 (1.9347) 	Acc: 100.00% (93.04%)
2025-05-13 17:43:49,090 - __main__ - INFO - Task id: 13
2025-05-13 17:43:49,090 - __main__ - INFO - Train Epoch: 10
2025-05-13 17:43:49,090 - __main__ - INFO - skirt_length mAP: 0.0000
2025-05-13 17:43:49,090 - __main__ - INFO - sleeve_length mAP: 0.0000
2025-05-13 17:43:49,091 - __main__ - INFO - coat_length mAP: 0.0000
2025-05-13 17:43:49,091 - __main__ - INFO - pant_length mAP: 0.0000
2025-05-13 17:43:49,091 - __main__ - INFO - collar_design mAP: 0.0000
2025-05-13 17:43:49,091 - __main__ - INFO - lapel_design mAP: 0.0000
2025-05-13 17:43:49,091 - __main__ - INFO - neckline_design mAP: 0.0000
2025-05-13 17:43:49,091 - __main__ - INFO - neck_design mAP: 0.0000
2025-05-13 17:43:49,091 - __main__ - INFO - texture-related mAP: 0.0000
2025-05-13 17:43:49,091 - __main__ - INFO - fabric-related mAP: 0.0000
2025-05-13 17:43:49,091 - __main__ - INFO - shape-related mAP: 0.0000
2025-05-13 17:43:49,091 - __main__ - INFO - part-related mAP: 0.0000
2025-05-13 17:43:49,091 - __main__ - INFO - style-related mAP: 0.0000
2025-05-13 17:43:49,091 - __main__ - INFO - clothes category mAP: 9.9004
2025-05-13 17:43:49,091 - __main__ - INFO - clothes button mAP: 0.0000
2025-05-13 17:43:49,091 - __main__ - INFO - clothes color mAP: 0.0000
2025-05-13 17:43:49,091 - __main__ - INFO - clothes length mAP: 0.0000
2025-05-13 17:43:49,091 - __main__ - INFO - clothes pattern mAP: 0.0000
2025-05-13 17:43:49,091 - __main__ - INFO - clothes shape mAP: 0.0000
2025-05-13 17:43:49,091 - __main__ - INFO - collar shape mAP: 0.0000
2025-05-13 17:43:49,091 - __main__ - INFO - sleeve length mAP: 0.0000
2025-05-13 17:43:49,091 - __main__ - INFO - sleeve shape mAP: 0.0000
2025-05-13 17:43:49,091 - __main__ - INFO - MeanAP: 9.9004

2025-05-13 17:43:50,358 - __main__ - INFO - lr:7.290000000000001e-05
2025-05-13 17:43:57,268 - __main__ - INFO - Task id: 14	Train Epoch: 1 [0/20000]	Loss: 3.3878 (3.3878) 	Acc: 75.00% (75.00%)
2025-05-13 17:45:07,773 - __main__ - INFO - Task id: 14	Train Epoch: 1 [6400/20000]	Loss: 3.0963 (3.1739) 	Acc: 68.75% (66.21%)
2025-05-13 17:46:18,613 - __main__ - INFO - Task id: 14	Train Epoch: 1 [12800/20000]	Loss: 3.0351 (3.0300) 	Acc: 81.25% (70.44%)
2025-05-13 17:47:28,914 - __main__ - INFO - Task id: 14	Train Epoch: 1 [19200/20000]	Loss: 2.8639 (2.9171) 	Acc: 75.00% (73.27%)
2025-05-13 17:47:48,594 - __main__ - INFO - Task id: 14
2025-05-13 17:47:48,594 - __main__ - INFO - Train Epoch: 1
2025-05-13 17:47:48,594 - __main__ - INFO - skirt_length mAP: 0.0000
2025-05-13 17:47:48,594 - __main__ - INFO - sleeve_length mAP: 0.0000
2025-05-13 17:47:48,594 - __main__ - INFO - coat_length mAP: 0.0000
2025-05-13 17:47:48,594 - __main__ - INFO - pant_length mAP: 0.0000
2025-05-13 17:47:48,594 - __main__ - INFO - collar_design mAP: 0.0000
2025-05-13 17:47:48,594 - __main__ - INFO - lapel_design mAP: 0.0000
2025-05-13 17:47:48,594 - __main__ - INFO - neckline_design mAP: 0.0000
2025-05-13 17:47:48,594 - __main__ - INFO - neck_design mAP: 0.0000
2025-05-13 17:47:48,594 - __main__ - INFO - texture-related mAP: 0.0000
2025-05-13 17:47:48,594 - __main__ - INFO - fabric-related mAP: 0.0000
2025-05-13 17:47:48,595 - __main__ - INFO - shape-related mAP: 0.0000
2025-05-13 17:47:48,595 - __main__ - INFO - part-related mAP: 0.0000
2025-05-13 17:47:48,595 - __main__ - INFO - style-related mAP: 0.0000
2025-05-13 17:47:48,595 - __main__ - INFO - clothes category mAP: 0.0000
2025-05-13 17:47:48,595 - __main__ - INFO - clothes button mAP: 28.6554
2025-05-13 17:47:48,595 - __main__ - INFO - clothes color mAP: 0.0000
2025-05-13 17:47:48,595 - __main__ - INFO - clothes length mAP: 0.0000
2025-05-13 17:47:48,595 - __main__ - INFO - clothes pattern mAP: 0.0000
2025-05-13 17:47:48,595 - __main__ - INFO - clothes shape mAP: 0.0000
2025-05-13 17:47:48,595 - __main__ - INFO - collar shape mAP: 0.0000
2025-05-13 17:47:48,595 - __main__ - INFO - sleeve length mAP: 0.0000
2025-05-13 17:47:48,595 - __main__ - INFO - sleeve shape mAP: 0.0000
2025-05-13 17:47:48,595 - __main__ - INFO - MeanAP: 28.6554

2025-05-13 17:47:49,756 - __main__ - INFO - lr:0.0001
2025-05-13 17:47:51,026 - __main__ - INFO - Task id: 14	Train Epoch: 2 [0/20000]	Loss: 2.0560 (2.0560) 	Acc: 81.25% (81.25%)
2025-05-13 17:49:01,111 - __main__ - INFO - Task id: 14	Train Epoch: 2 [6400/20000]	Loss: 2.7085 (2.5620) 	Acc: 87.50% (80.47%)
2025-05-13 17:50:10,561 - __main__ - INFO - Task id: 14	Train Epoch: 2 [12800/20000]	Loss: 1.8545 (2.5058) 	Acc: 93.75% (81.80%)
2025-05-13 17:51:20,806 - __main__ - INFO - Task id: 14	Train Epoch: 2 [19200/20000]	Loss: 2.4934 (2.4510) 	Acc: 93.75% (82.76%)
2025-05-13 17:51:40,797 - __main__ - INFO - Task id: 14
2025-05-13 17:51:40,798 - __main__ - INFO - Train Epoch: 2
2025-05-13 17:51:40,798 - __main__ - INFO - skirt_length mAP: 0.0000
2025-05-13 17:51:40,798 - __main__ - INFO - sleeve_length mAP: 0.0000
2025-05-13 17:51:40,798 - __main__ - INFO - coat_length mAP: 0.0000
2025-05-13 17:51:40,798 - __main__ - INFO - pant_length mAP: 0.0000
2025-05-13 17:51:40,798 - __main__ - INFO - collar_design mAP: 0.0000
2025-05-13 17:51:40,798 - __main__ - INFO - lapel_design mAP: 0.0000
2025-05-13 17:51:40,798 - __main__ - INFO - neckline_design mAP: 0.0000
2025-05-13 17:51:40,798 - __main__ - INFO - neck_design mAP: 0.0000
2025-05-13 17:51:40,798 - __main__ - INFO - texture-related mAP: 0.0000
2025-05-13 17:51:40,798 - __main__ - INFO - fabric-related mAP: 0.0000
2025-05-13 17:51:40,798 - __main__ - INFO - shape-related mAP: 0.0000
2025-05-13 17:51:40,798 - __main__ - INFO - part-related mAP: 0.0000
2025-05-13 17:51:40,798 - __main__ - INFO - style-related mAP: 0.0000
2025-05-13 17:51:40,798 - __main__ - INFO - clothes category mAP: 0.0000
2025-05-13 17:51:40,798 - __main__ - INFO - clothes button mAP: 29.1418
2025-05-13 17:51:40,798 - __main__ - INFO - clothes color mAP: 0.0000
2025-05-13 17:51:40,798 - __main__ - INFO - clothes length mAP: 0.0000
2025-05-13 17:51:40,798 - __main__ - INFO - clothes pattern mAP: 0.0000
2025-05-13 17:51:40,798 - __main__ - INFO - clothes shape mAP: 0.0000
2025-05-13 17:51:40,798 - __main__ - INFO - collar shape mAP: 0.0000
2025-05-13 17:51:40,798 - __main__ - INFO - sleeve length mAP: 0.0000
2025-05-13 17:51:40,798 - __main__ - INFO - sleeve shape mAP: 0.0000
2025-05-13 17:51:40,798 - __main__ - INFO - MeanAP: 29.1418

2025-05-13 17:51:42,030 - __main__ - INFO - lr:0.0001
2025-05-13 17:51:42,977 - __main__ - INFO - Task id: 14	Train Epoch: 3 [0/20000]	Loss: 2.3693 (2.3693) 	Acc: 81.25% (81.25%)
2025-05-13 17:52:53,768 - __main__ - INFO - Task id: 14	Train Epoch: 3 [6400/20000]	Loss: 2.1806 (2.2976) 	Acc: 87.50% (84.71%)
2025-05-13 17:54:02,791 - __main__ - INFO - Task id: 14	Train Epoch: 3 [12800/20000]	Loss: 1.9779 (2.2614) 	Acc: 93.75% (85.28%)
2025-05-13 17:55:12,239 - __main__ - INFO - Task id: 14	Train Epoch: 3 [19200/20000]	Loss: 2.2243 (2.2416) 	Acc: 68.75% (85.60%)
2025-05-13 17:55:31,826 - __main__ - INFO - Task id: 14
2025-05-13 17:55:31,826 - __main__ - INFO - Train Epoch: 3
2025-05-13 17:55:31,826 - __main__ - INFO - skirt_length mAP: 0.0000
2025-05-13 17:55:31,826 - __main__ - INFO - sleeve_length mAP: 0.0000
2025-05-13 17:55:31,826 - __main__ - INFO - coat_length mAP: 0.0000
2025-05-13 17:55:31,826 - __main__ - INFO - pant_length mAP: 0.0000
2025-05-13 17:55:31,826 - __main__ - INFO - collar_design mAP: 0.0000
2025-05-13 17:55:31,826 - __main__ - INFO - lapel_design mAP: 0.0000
2025-05-13 17:55:31,826 - __main__ - INFO - neckline_design mAP: 0.0000
2025-05-13 17:55:31,826 - __main__ - INFO - neck_design mAP: 0.0000
2025-05-13 17:55:31,826 - __main__ - INFO - texture-related mAP: 0.0000
2025-05-13 17:55:31,826 - __main__ - INFO - fabric-related mAP: 0.0000
2025-05-13 17:55:31,826 - __main__ - INFO - shape-related mAP: 0.0000
2025-05-13 17:55:31,827 - __main__ - INFO - part-related mAP: 0.0000
2025-05-13 17:55:31,827 - __main__ - INFO - style-related mAP: 0.0000
2025-05-13 17:55:31,827 - __main__ - INFO - clothes category mAP: 0.0000
2025-05-13 17:55:31,827 - __main__ - INFO - clothes button mAP: 28.3762
2025-05-13 17:55:31,827 - __main__ - INFO - clothes color mAP: 0.0000
2025-05-13 17:55:31,827 - __main__ - INFO - clothes length mAP: 0.0000
2025-05-13 17:55:31,827 - __main__ - INFO - clothes pattern mAP: 0.0000
2025-05-13 17:55:31,827 - __main__ - INFO - clothes shape mAP: 0.0000
2025-05-13 17:55:31,827 - __main__ - INFO - collar shape mAP: 0.0000
2025-05-13 17:55:31,827 - __main__ - INFO - sleeve length mAP: 0.0000
2025-05-13 17:55:31,827 - __main__ - INFO - sleeve shape mAP: 0.0000
2025-05-13 17:55:31,827 - __main__ - INFO - MeanAP: 28.3762

2025-05-13 17:55:32,489 - __main__ - INFO - lr:9e-05
2025-05-13 17:55:33,566 - __main__ - INFO - Task id: 14	Train Epoch: 4 [0/20000]	Loss: 2.2985 (2.2985) 	Acc: 68.75% (68.75%)
2025-05-13 17:56:43,242 - __main__ - INFO - Task id: 14	Train Epoch: 4 [6400/20000]	Loss: 2.1725 (2.1360) 	Acc: 81.25% (87.78%)
2025-05-13 17:57:51,779 - __main__ - INFO - Task id: 14	Train Epoch: 4 [12800/20000]	Loss: 1.9902 (2.1331) 	Acc: 87.50% (87.87%)
2025-05-13 17:59:01,605 - __main__ - INFO - Task id: 14	Train Epoch: 4 [19200/20000]	Loss: 2.0983 (2.1161) 	Acc: 81.25% (88.09%)
2025-05-13 17:59:26,153 - __main__ - INFO - Task id: 14
2025-05-13 17:59:26,153 - __main__ - INFO - Train Epoch: 4
2025-05-13 17:59:26,153 - __main__ - INFO - skirt_length mAP: 0.0000
2025-05-13 17:59:26,153 - __main__ - INFO - sleeve_length mAP: 0.0000
2025-05-13 17:59:26,153 - __main__ - INFO - coat_length mAP: 0.0000
2025-05-13 17:59:26,153 - __main__ - INFO - pant_length mAP: 0.0000
2025-05-13 17:59:26,153 - __main__ - INFO - collar_design mAP: 0.0000
2025-05-13 17:59:26,153 - __main__ - INFO - lapel_design mAP: 0.0000
2025-05-13 17:59:26,153 - __main__ - INFO - neckline_design mAP: 0.0000
2025-05-13 17:59:26,153 - __main__ - INFO - neck_design mAP: 0.0000
2025-05-13 17:59:26,153 - __main__ - INFO - texture-related mAP: 0.0000
2025-05-13 17:59:26,153 - __main__ - INFO - fabric-related mAP: 0.0000
2025-05-13 17:59:26,153 - __main__ - INFO - shape-related mAP: 0.0000
2025-05-13 17:59:26,153 - __main__ - INFO - part-related mAP: 0.0000
2025-05-13 17:59:26,153 - __main__ - INFO - style-related mAP: 0.0000
2025-05-13 17:59:26,154 - __main__ - INFO - clothes category mAP: 0.0000
2025-05-13 17:59:26,154 - __main__ - INFO - clothes button mAP: 28.8756
2025-05-13 17:59:26,154 - __main__ - INFO - clothes color mAP: 0.0000
2025-05-13 17:59:26,154 - __main__ - INFO - clothes length mAP: 0.0000
2025-05-13 17:59:26,154 - __main__ - INFO - clothes pattern mAP: 0.0000
2025-05-13 17:59:26,154 - __main__ - INFO - clothes shape mAP: 0.0000
2025-05-13 17:59:26,154 - __main__ - INFO - collar shape mAP: 0.0000
2025-05-13 17:59:26,154 - __main__ - INFO - sleeve length mAP: 0.0000
2025-05-13 17:59:26,154 - __main__ - INFO - sleeve shape mAP: 0.0000
2025-05-13 17:59:26,154 - __main__ - INFO - MeanAP: 28.8756

2025-05-13 17:59:26,773 - __main__ - INFO - lr:9e-05
2025-05-13 17:59:27,813 - __main__ - INFO - Task id: 14	Train Epoch: 5 [0/20000]	Loss: 1.7243 (1.7243) 	Acc: 100.00% (100.00%)
2025-05-13 18:00:37,543 - __main__ - INFO - Task id: 14	Train Epoch: 5 [6400/20000]	Loss: 2.0323 (2.0682) 	Acc: 81.25% (89.03%)
2025-05-13 18:01:47,352 - __main__ - INFO - Task id: 14	Train Epoch: 5 [12800/20000]	Loss: 2.3267 (2.0652) 	Acc: 87.50% (88.72%)
2025-05-13 18:02:56,446 - __main__ - INFO - Task id: 14	Train Epoch: 5 [19200/20000]	Loss: 1.8444 (2.0546) 	Acc: 100.00% (88.97%)
2025-05-13 18:03:16,433 - __main__ - INFO - Task id: 14
2025-05-13 18:03:16,433 - __main__ - INFO - Train Epoch: 5
2025-05-13 18:03:16,433 - __main__ - INFO - skirt_length mAP: 0.0000
2025-05-13 18:03:16,433 - __main__ - INFO - sleeve_length mAP: 0.0000
2025-05-13 18:03:16,433 - __main__ - INFO - coat_length mAP: 0.0000
2025-05-13 18:03:16,433 - __main__ - INFO - pant_length mAP: 0.0000
2025-05-13 18:03:16,433 - __main__ - INFO - collar_design mAP: 0.0000
2025-05-13 18:03:16,433 - __main__ - INFO - lapel_design mAP: 0.0000
2025-05-13 18:03:16,433 - __main__ - INFO - neckline_design mAP: 0.0000
2025-05-13 18:03:16,433 - __main__ - INFO - neck_design mAP: 0.0000
2025-05-13 18:03:16,433 - __main__ - INFO - texture-related mAP: 0.0000
2025-05-13 18:03:16,433 - __main__ - INFO - fabric-related mAP: 0.0000
2025-05-13 18:03:16,434 - __main__ - INFO - shape-related mAP: 0.0000
2025-05-13 18:03:16,434 - __main__ - INFO - part-related mAP: 0.0000
2025-05-13 18:03:16,434 - __main__ - INFO - style-related mAP: 0.0000
2025-05-13 18:03:16,434 - __main__ - INFO - clothes category mAP: 0.0000
2025-05-13 18:03:16,434 - __main__ - INFO - clothes button mAP: 28.9900
2025-05-13 18:03:16,434 - __main__ - INFO - clothes color mAP: 0.0000
2025-05-13 18:03:16,434 - __main__ - INFO - clothes length mAP: 0.0000
2025-05-13 18:03:16,434 - __main__ - INFO - clothes pattern mAP: 0.0000
2025-05-13 18:03:16,434 - __main__ - INFO - clothes shape mAP: 0.0000
2025-05-13 18:03:16,434 - __main__ - INFO - collar shape mAP: 0.0000
2025-05-13 18:03:16,434 - __main__ - INFO - sleeve length mAP: 0.0000
2025-05-13 18:03:16,434 - __main__ - INFO - sleeve shape mAP: 0.0000
2025-05-13 18:03:16,434 - __main__ - INFO - MeanAP: 28.9900

2025-05-13 18:03:17,079 - __main__ - INFO - lr:9e-05
2025-05-13 18:03:18,103 - __main__ - INFO - Task id: 14	Train Epoch: 6 [0/20000]	Loss: 2.0829 (2.0829) 	Acc: 87.50% (87.50%)
2025-05-13 18:04:28,043 - __main__ - INFO - Task id: 14	Train Epoch: 6 [6400/20000]	Loss: 1.9934 (2.0240) 	Acc: 87.50% (90.15%)
2025-05-13 18:05:37,188 - __main__ - INFO - Task id: 14	Train Epoch: 6 [12800/20000]	Loss: 1.9371 (2.0308) 	Acc: 87.50% (89.48%)
2025-05-13 18:07:01,271 - __main__ - INFO - Task id: 14	Train Epoch: 6 [19200/20000]	Loss: 2.6726 (2.0277) 	Acc: 87.50% (89.60%)
2025-05-13 18:07:21,408 - __main__ - INFO - Task id: 14
2025-05-13 18:07:21,408 - __main__ - INFO - Train Epoch: 6
2025-05-13 18:07:21,408 - __main__ - INFO - skirt_length mAP: 0.0000
2025-05-13 18:07:21,408 - __main__ - INFO - sleeve_length mAP: 0.0000
2025-05-13 18:07:21,408 - __main__ - INFO - coat_length mAP: 0.0000
2025-05-13 18:07:21,408 - __main__ - INFO - pant_length mAP: 0.0000
2025-05-13 18:07:21,408 - __main__ - INFO - collar_design mAP: 0.0000
2025-05-13 18:07:21,408 - __main__ - INFO - lapel_design mAP: 0.0000
2025-05-13 18:07:21,408 - __main__ - INFO - neckline_design mAP: 0.0000
2025-05-13 18:07:21,408 - __main__ - INFO - neck_design mAP: 0.0000
2025-05-13 18:07:21,408 - __main__ - INFO - texture-related mAP: 0.0000
2025-05-13 18:07:21,408 - __main__ - INFO - fabric-related mAP: 0.0000
2025-05-13 18:07:21,408 - __main__ - INFO - shape-related mAP: 0.0000
2025-05-13 18:07:21,409 - __main__ - INFO - part-related mAP: 0.0000
2025-05-13 18:07:21,409 - __main__ - INFO - style-related mAP: 0.0000
2025-05-13 18:07:21,409 - __main__ - INFO - clothes category mAP: 0.0000
2025-05-13 18:07:21,409 - __main__ - INFO - clothes button mAP: 29.2027
2025-05-13 18:07:21,409 - __main__ - INFO - clothes color mAP: 0.0000
2025-05-13 18:07:21,409 - __main__ - INFO - clothes length mAP: 0.0000
2025-05-13 18:07:21,409 - __main__ - INFO - clothes pattern mAP: 0.0000
2025-05-13 18:07:21,409 - __main__ - INFO - clothes shape mAP: 0.0000
2025-05-13 18:07:21,409 - __main__ - INFO - collar shape mAP: 0.0000
2025-05-13 18:07:21,409 - __main__ - INFO - sleeve length mAP: 0.0000
2025-05-13 18:07:21,409 - __main__ - INFO - sleeve shape mAP: 0.0000
2025-05-13 18:07:21,409 - __main__ - INFO - MeanAP: 29.2027

2025-05-13 18:07:22,638 - __main__ - INFO - lr:8.1e-05
2025-05-13 18:07:23,650 - __main__ - INFO - Task id: 14	Train Epoch: 7 [0/20000]	Loss: 2.1161 (2.1161) 	Acc: 75.00% (75.00%)
2025-05-13 18:08:35,682 - __main__ - INFO - Task id: 14	Train Epoch: 7 [6400/20000]	Loss: 2.4947 (1.9699) 	Acc: 68.75% (90.34%)
2025-05-13 18:09:44,879 - __main__ - INFO - Task id: 14	Train Epoch: 7 [12800/20000]	Loss: 1.9440 (1.9703) 	Acc: 100.00% (90.37%)
2025-05-13 18:10:53,994 - __main__ - INFO - Task id: 14	Train Epoch: 7 [19200/20000]	Loss: 1.8135 (1.9617) 	Acc: 100.00% (90.32%)
2025-05-13 18:11:12,748 - __main__ - INFO - Task id: 14
2025-05-13 18:11:12,748 - __main__ - INFO - Train Epoch: 7
2025-05-13 18:11:12,748 - __main__ - INFO - skirt_length mAP: 0.0000
2025-05-13 18:11:12,748 - __main__ - INFO - sleeve_length mAP: 0.0000
2025-05-13 18:11:12,748 - __main__ - INFO - coat_length mAP: 0.0000
2025-05-13 18:11:12,748 - __main__ - INFO - pant_length mAP: 0.0000
2025-05-13 18:11:12,748 - __main__ - INFO - collar_design mAP: 0.0000
2025-05-13 18:11:12,748 - __main__ - INFO - lapel_design mAP: 0.0000
2025-05-13 18:11:12,748 - __main__ - INFO - neckline_design mAP: 0.0000
2025-05-13 18:11:12,748 - __main__ - INFO - neck_design mAP: 0.0000
2025-05-13 18:11:12,748 - __main__ - INFO - texture-related mAP: 0.0000
2025-05-13 18:11:12,748 - __main__ - INFO - fabric-related mAP: 0.0000
2025-05-13 18:11:12,748 - __main__ - INFO - shape-related mAP: 0.0000
2025-05-13 18:11:12,748 - __main__ - INFO - part-related mAP: 0.0000
2025-05-13 18:11:12,748 - __main__ - INFO - style-related mAP: 0.0000
2025-05-13 18:11:12,748 - __main__ - INFO - clothes category mAP: 0.0000
2025-05-13 18:11:12,748 - __main__ - INFO - clothes button mAP: 29.4916
2025-05-13 18:11:12,748 - __main__ - INFO - clothes color mAP: 0.0000
2025-05-13 18:11:12,748 - __main__ - INFO - clothes length mAP: 0.0000
2025-05-13 18:11:12,748 - __main__ - INFO - clothes pattern mAP: 0.0000
2025-05-13 18:11:12,749 - __main__ - INFO - clothes shape mAP: 0.0000
2025-05-13 18:11:12,749 - __main__ - INFO - collar shape mAP: 0.0000
2025-05-13 18:11:12,749 - __main__ - INFO - sleeve length mAP: 0.0000
2025-05-13 18:11:12,749 - __main__ - INFO - sleeve shape mAP: 0.0000
2025-05-13 18:11:12,749 - __main__ - INFO - MeanAP: 29.4916

2025-05-13 18:11:13,954 - __main__ - INFO - lr:8.1e-05
2025-05-13 18:11:15,037 - __main__ - INFO - Task id: 14	Train Epoch: 8 [0/20000]	Loss: 1.8935 (1.8935) 	Acc: 93.75% (93.75%)
2025-05-13 18:12:25,344 - __main__ - INFO - Task id: 14	Train Epoch: 8 [6400/20000]	Loss: 1.8614 (1.9352) 	Acc: 93.75% (90.51%)
2025-05-13 18:13:34,931 - __main__ - INFO - Task id: 14	Train Epoch: 8 [12800/20000]	Loss: 1.9916 (1.9381) 	Acc: 93.75% (90.36%)
2025-05-13 18:14:44,838 - __main__ - INFO - Task id: 14	Train Epoch: 8 [19200/20000]	Loss: 1.6497 (1.9326) 	Acc: 100.00% (90.36%)
2025-05-13 18:15:03,897 - __main__ - INFO - Task id: 14
2025-05-13 18:15:03,897 - __main__ - INFO - Train Epoch: 8
2025-05-13 18:15:03,897 - __main__ - INFO - skirt_length mAP: 0.0000
2025-05-13 18:15:03,897 - __main__ - INFO - sleeve_length mAP: 0.0000
2025-05-13 18:15:03,897 - __main__ - INFO - coat_length mAP: 0.0000
2025-05-13 18:15:03,897 - __main__ - INFO - pant_length mAP: 0.0000
2025-05-13 18:15:03,897 - __main__ - INFO - collar_design mAP: 0.0000
2025-05-13 18:15:03,897 - __main__ - INFO - lapel_design mAP: 0.0000
2025-05-13 18:15:03,897 - __main__ - INFO - neckline_design mAP: 0.0000
2025-05-13 18:15:03,897 - __main__ - INFO - neck_design mAP: 0.0000
2025-05-13 18:15:03,898 - __main__ - INFO - texture-related mAP: 0.0000
2025-05-13 18:15:03,898 - __main__ - INFO - fabric-related mAP: 0.0000
2025-05-13 18:15:03,898 - __main__ - INFO - shape-related mAP: 0.0000
2025-05-13 18:15:03,898 - __main__ - INFO - part-related mAP: 0.0000
2025-05-13 18:15:03,898 - __main__ - INFO - style-related mAP: 0.0000
2025-05-13 18:15:03,898 - __main__ - INFO - clothes category mAP: 0.0000
2025-05-13 18:15:03,898 - __main__ - INFO - clothes button mAP: 28.8370
2025-05-13 18:15:03,898 - __main__ - INFO - clothes color mAP: 0.0000
2025-05-13 18:15:03,898 - __main__ - INFO - clothes length mAP: 0.0000
2025-05-13 18:15:03,898 - __main__ - INFO - clothes pattern mAP: 0.0000
2025-05-13 18:15:03,898 - __main__ - INFO - clothes shape mAP: 0.0000
2025-05-13 18:15:03,898 - __main__ - INFO - collar shape mAP: 0.0000
2025-05-13 18:15:03,898 - __main__ - INFO - sleeve length mAP: 0.0000
2025-05-13 18:15:03,898 - __main__ - INFO - sleeve shape mAP: 0.0000
2025-05-13 18:15:03,898 - __main__ - INFO - MeanAP: 28.8370

2025-05-13 18:15:04,522 - __main__ - INFO - lr:8.1e-05
2025-05-13 18:15:05,535 - __main__ - INFO - Task id: 14	Train Epoch: 9 [0/20000]	Loss: 2.2447 (2.2447) 	Acc: 93.75% (93.75%)
2025-05-13 18:16:15,759 - __main__ - INFO - Task id: 14	Train Epoch: 9 [6400/20000]	Loss: 1.9775 (1.9167) 	Acc: 87.50% (90.55%)
2025-05-13 18:17:25,424 - __main__ - INFO - Task id: 14	Train Epoch: 9 [12800/20000]	Loss: 2.4900 (1.9124) 	Acc: 87.50% (90.92%)
2025-05-13 18:18:35,090 - __main__ - INFO - Task id: 14	Train Epoch: 9 [19200/20000]	Loss: 2.2032 (1.9020) 	Acc: 87.50% (91.01%)
2025-05-13 18:18:54,932 - __main__ - INFO - Task id: 14
2025-05-13 18:18:54,933 - __main__ - INFO - Train Epoch: 9
2025-05-13 18:18:54,933 - __main__ - INFO - skirt_length mAP: 0.0000
2025-05-13 18:18:54,933 - __main__ - INFO - sleeve_length mAP: 0.0000
2025-05-13 18:18:54,933 - __main__ - INFO - coat_length mAP: 0.0000
2025-05-13 18:18:54,933 - __main__ - INFO - pant_length mAP: 0.0000
2025-05-13 18:18:54,933 - __main__ - INFO - collar_design mAP: 0.0000
2025-05-13 18:18:54,933 - __main__ - INFO - lapel_design mAP: 0.0000
2025-05-13 18:18:54,933 - __main__ - INFO - neckline_design mAP: 0.0000
2025-05-13 18:18:54,933 - __main__ - INFO - neck_design mAP: 0.0000
2025-05-13 18:18:54,933 - __main__ - INFO - texture-related mAP: 0.0000
2025-05-13 18:18:54,933 - __main__ - INFO - fabric-related mAP: 0.0000
2025-05-13 18:18:54,933 - __main__ - INFO - shape-related mAP: 0.0000
2025-05-13 18:18:54,933 - __main__ - INFO - part-related mAP: 0.0000
2025-05-13 18:18:54,933 - __main__ - INFO - style-related mAP: 0.0000
2025-05-13 18:18:54,933 - __main__ - INFO - clothes category mAP: 0.0000
2025-05-13 18:18:54,933 - __main__ - INFO - clothes button mAP: 29.9456
2025-05-13 18:18:54,933 - __main__ - INFO - clothes color mAP: 0.0000
2025-05-13 18:18:54,933 - __main__ - INFO - clothes length mAP: 0.0000
2025-05-13 18:18:54,933 - __main__ - INFO - clothes pattern mAP: 0.0000
2025-05-13 18:18:54,933 - __main__ - INFO - clothes shape mAP: 0.0000
2025-05-13 18:18:54,933 - __main__ - INFO - collar shape mAP: 0.0000
2025-05-13 18:18:54,933 - __main__ - INFO - sleeve length mAP: 0.0000
2025-05-13 18:18:54,933 - __main__ - INFO - sleeve shape mAP: 0.0000
2025-05-13 18:18:54,933 - __main__ - INFO - MeanAP: 29.9456

2025-05-13 18:18:56,201 - __main__ - INFO - lr:7.290000000000001e-05
2025-05-13 18:18:57,265 - __main__ - INFO - Task id: 14	Train Epoch: 10 [0/20000]	Loss: 1.8531 (1.8531) 	Acc: 93.75% (93.75%)
2025-05-13 18:20:07,554 - __main__ - INFO - Task id: 14	Train Epoch: 10 [6400/20000]	Loss: 1.8918 (1.8380) 	Acc: 93.75% (91.38%)
2025-05-13 18:21:16,459 - __main__ - INFO - Task id: 14	Train Epoch: 10 [12800/20000]	Loss: 2.1709 (1.8404) 	Acc: 87.50% (91.52%)
2025-05-13 18:22:26,024 - __main__ - INFO - Task id: 14	Train Epoch: 10 [19200/20000]	Loss: 1.7851 (1.8361) 	Acc: 93.75% (91.47%)
2025-05-13 18:22:45,763 - __main__ - INFO - Task id: 14
2025-05-13 18:22:45,763 - __main__ - INFO - Train Epoch: 10
2025-05-13 18:22:45,763 - __main__ - INFO - skirt_length mAP: 0.0000
2025-05-13 18:22:45,763 - __main__ - INFO - sleeve_length mAP: 0.0000
2025-05-13 18:22:45,763 - __main__ - INFO - coat_length mAP: 0.0000
2025-05-13 18:22:45,763 - __main__ - INFO - pant_length mAP: 0.0000
2025-05-13 18:22:45,763 - __main__ - INFO - collar_design mAP: 0.0000
2025-05-13 18:22:45,764 - __main__ - INFO - lapel_design mAP: 0.0000
2025-05-13 18:22:45,764 - __main__ - INFO - neckline_design mAP: 0.0000
2025-05-13 18:22:45,764 - __main__ - INFO - neck_design mAP: 0.0000
2025-05-13 18:22:45,764 - __main__ - INFO - texture-related mAP: 0.0000
2025-05-13 18:22:45,764 - __main__ - INFO - fabric-related mAP: 0.0000
2025-05-13 18:22:45,764 - __main__ - INFO - shape-related mAP: 0.0000
2025-05-13 18:22:45,764 - __main__ - INFO - part-related mAP: 0.0000
2025-05-13 18:22:45,764 - __main__ - INFO - style-related mAP: 0.0000
2025-05-13 18:22:45,764 - __main__ - INFO - clothes category mAP: 0.0000
2025-05-13 18:22:45,764 - __main__ - INFO - clothes button mAP: 29.7427
2025-05-13 18:22:45,764 - __main__ - INFO - clothes color mAP: 0.0000
2025-05-13 18:22:45,764 - __main__ - INFO - clothes length mAP: 0.0000
2025-05-13 18:22:45,764 - __main__ - INFO - clothes pattern mAP: 0.0000
2025-05-13 18:22:45,764 - __main__ - INFO - clothes shape mAP: 0.0000
2025-05-13 18:22:45,764 - __main__ - INFO - collar shape mAP: 0.0000
2025-05-13 18:22:45,764 - __main__ - INFO - sleeve length mAP: 0.0000
2025-05-13 18:22:45,764 - __main__ - INFO - sleeve shape mAP: 0.0000
2025-05-13 18:22:45,764 - __main__ - INFO - MeanAP: 29.7427

2025-05-13 18:22:46,383 - __main__ - INFO - lr:7.290000000000001e-05
2025-05-13 18:22:59,065 - __main__ - INFO - Task id: 15	Train Epoch: 1 [0/20000]	Loss: 3.3837 (3.3837) 	Acc: 37.50% (37.50%)
2025-05-13 18:24:08,575 - __main__ - INFO - Task id: 15	Train Epoch: 1 [6400/20000]	Loss: 1.9002 (2.2767) 	Acc: 100.00% (87.73%)
2025-05-13 18:25:18,593 - __main__ - INFO - Task id: 15	Train Epoch: 1 [12800/20000]	Loss: 2.2853 (2.1691) 	Acc: 93.75% (89.69%)
2025-05-13 18:26:27,390 - __main__ - INFO - Task id: 15	Train Epoch: 1 [19200/20000]	Loss: 2.0493 (2.1199) 	Acc: 87.50% (90.34%)
2025-05-13 18:26:54,784 - __main__ - INFO - Task id: 15
2025-05-13 18:26:54,784 - __main__ - INFO - Train Epoch: 1
2025-05-13 18:26:54,785 - __main__ - INFO - skirt_length mAP: 0.0000
2025-05-13 18:26:54,785 - __main__ - INFO - sleeve_length mAP: 0.0000
2025-05-13 18:26:54,785 - __main__ - INFO - coat_length mAP: 0.0000
2025-05-13 18:26:54,785 - __main__ - INFO - pant_length mAP: 0.0000
2025-05-13 18:26:54,785 - __main__ - INFO - collar_design mAP: 0.0000
2025-05-13 18:26:54,785 - __main__ - INFO - lapel_design mAP: 0.0000
2025-05-13 18:26:54,785 - __main__ - INFO - neckline_design mAP: 0.0000
2025-05-13 18:26:54,785 - __main__ - INFO - neck_design mAP: 0.0000
2025-05-13 18:26:54,785 - __main__ - INFO - texture-related mAP: 0.0000
2025-05-13 18:26:54,785 - __main__ - INFO - fabric-related mAP: 0.0000
2025-05-13 18:26:54,785 - __main__ - INFO - shape-related mAP: 0.0000
2025-05-13 18:26:54,785 - __main__ - INFO - part-related mAP: 0.0000
2025-05-13 18:26:54,785 - __main__ - INFO - style-related mAP: 0.0000
2025-05-13 18:26:54,785 - __main__ - INFO - clothes category mAP: 0.0000
2025-05-13 18:26:54,785 - __main__ - INFO - clothes button mAP: 0.0000
2025-05-13 18:26:54,785 - __main__ - INFO - clothes color mAP: 14.5998
2025-05-13 18:26:54,785 - __main__ - INFO - clothes length mAP: 0.0000
2025-05-13 18:26:54,785 - __main__ - INFO - clothes pattern mAP: 0.0000
2025-05-13 18:26:54,785 - __main__ - INFO - clothes shape mAP: 0.0000
2025-05-13 18:26:54,785 - __main__ - INFO - collar shape mAP: 0.0000
2025-05-13 18:26:54,785 - __main__ - INFO - sleeve length mAP: 0.0000
2025-05-13 18:26:54,785 - __main__ - INFO - sleeve shape mAP: 0.0000
2025-05-13 18:26:54,785 - __main__ - INFO - MeanAP: 14.5998

2025-05-13 18:26:56,000 - __main__ - INFO - lr:0.0001
2025-05-13 18:26:57,038 - __main__ - INFO - Task id: 15	Train Epoch: 2 [0/20000]	Loss: 2.2291 (2.2291) 	Acc: 87.50% (87.50%)
2025-05-13 18:28:06,732 - __main__ - INFO - Task id: 15	Train Epoch: 2 [6400/20000]	Loss: 1.7953 (1.9558) 	Acc: 81.25% (92.22%)
2025-05-13 18:29:16,390 - __main__ - INFO - Task id: 15	Train Epoch: 2 [12800/20000]	Loss: 1.6013 (1.9417) 	Acc: 100.00% (92.04%)
2025-05-13 18:30:25,441 - __main__ - INFO - Task id: 15	Train Epoch: 2 [19200/20000]	Loss: 1.6722 (1.9363) 	Acc: 100.00% (92.32%)
2025-05-13 18:30:53,411 - __main__ - INFO - Task id: 15
2025-05-13 18:30:53,411 - __main__ - INFO - Train Epoch: 2
2025-05-13 18:30:53,411 - __main__ - INFO - skirt_length mAP: 0.0000
2025-05-13 18:30:53,411 - __main__ - INFO - sleeve_length mAP: 0.0000
2025-05-13 18:30:53,411 - __main__ - INFO - coat_length mAP: 0.0000
2025-05-13 18:30:53,411 - __main__ - INFO - pant_length mAP: 0.0000
2025-05-13 18:30:53,411 - __main__ - INFO - collar_design mAP: 0.0000
2025-05-13 18:30:53,411 - __main__ - INFO - lapel_design mAP: 0.0000
2025-05-13 18:30:53,411 - __main__ - INFO - neckline_design mAP: 0.0000
2025-05-13 18:30:53,411 - __main__ - INFO - neck_design mAP: 0.0000
2025-05-13 18:30:53,411 - __main__ - INFO - texture-related mAP: 0.0000
2025-05-13 18:30:53,411 - __main__ - INFO - fabric-related mAP: 0.0000
2025-05-13 18:30:53,411 - __main__ - INFO - shape-related mAP: 0.0000
2025-05-13 18:30:53,412 - __main__ - INFO - part-related mAP: 0.0000
2025-05-13 18:30:53,412 - __main__ - INFO - style-related mAP: 0.0000
2025-05-13 18:30:53,412 - __main__ - INFO - clothes category mAP: 0.0000
2025-05-13 18:30:53,412 - __main__ - INFO - clothes button mAP: 0.0000
2025-05-13 18:30:53,412 - __main__ - INFO - clothes color mAP: 15.2790
2025-05-13 18:30:53,412 - __main__ - INFO - clothes length mAP: 0.0000
2025-05-13 18:30:53,412 - __main__ - INFO - clothes pattern mAP: 0.0000
2025-05-13 18:30:53,412 - __main__ - INFO - clothes shape mAP: 0.0000
2025-05-13 18:30:53,412 - __main__ - INFO - collar shape mAP: 0.0000
2025-05-13 18:30:53,412 - __main__ - INFO - sleeve length mAP: 0.0000
2025-05-13 18:30:53,412 - __main__ - INFO - sleeve shape mAP: 0.0000
2025-05-13 18:30:53,412 - __main__ - INFO - MeanAP: 15.2790

2025-05-13 18:30:54,641 - __main__ - INFO - lr:0.0001
2025-05-13 18:30:55,710 - __main__ - INFO - Task id: 15	Train Epoch: 3 [0/20000]	Loss: 2.3655 (2.3655) 	Acc: 87.50% (87.50%)
2025-05-13 18:32:10,257 - __main__ - INFO - Task id: 15	Train Epoch: 3 [6400/20000]	Loss: 1.7793 (1.8842) 	Acc: 93.75% (92.91%)
2025-05-13 18:33:19,022 - __main__ - INFO - Task id: 15	Train Epoch: 3 [12800/20000]	Loss: 1.6748 (1.8746) 	Acc: 93.75% (93.06%)
2025-05-13 18:34:29,484 - __main__ - INFO - Task id: 15	Train Epoch: 3 [19200/20000]	Loss: 1.5665 (1.8578) 	Acc: 100.00% (93.21%)
2025-05-13 18:34:57,614 - __main__ - INFO - Task id: 15
2025-05-13 18:34:57,615 - __main__ - INFO - Train Epoch: 3
2025-05-13 18:34:57,615 - __main__ - INFO - skirt_length mAP: 0.0000
2025-05-13 18:34:57,615 - __main__ - INFO - sleeve_length mAP: 0.0000
2025-05-13 18:34:57,615 - __main__ - INFO - coat_length mAP: 0.0000
2025-05-13 18:34:57,615 - __main__ - INFO - pant_length mAP: 0.0000
2025-05-13 18:34:57,615 - __main__ - INFO - collar_design mAP: 0.0000
2025-05-13 18:34:57,615 - __main__ - INFO - lapel_design mAP: 0.0000
2025-05-13 18:34:57,615 - __main__ - INFO - neckline_design mAP: 0.0000
2025-05-13 18:34:57,615 - __main__ - INFO - neck_design mAP: 0.0000
2025-05-13 18:34:57,615 - __main__ - INFO - texture-related mAP: 0.0000
2025-05-13 18:34:57,615 - __main__ - INFO - fabric-related mAP: 0.0000
2025-05-13 18:34:57,615 - __main__ - INFO - shape-related mAP: 0.0000
2025-05-13 18:34:57,615 - __main__ - INFO - part-related mAP: 0.0000
2025-05-13 18:34:57,615 - __main__ - INFO - style-related mAP: 0.0000
2025-05-13 18:34:57,615 - __main__ - INFO - clothes category mAP: 0.0000
2025-05-13 18:34:57,615 - __main__ - INFO - clothes button mAP: 0.0000
2025-05-13 18:34:57,615 - __main__ - INFO - clothes color mAP: 15.0201
2025-05-13 18:34:57,615 - __main__ - INFO - clothes length mAP: 0.0000
2025-05-13 18:34:57,615 - __main__ - INFO - clothes pattern mAP: 0.0000
2025-05-13 18:34:57,615 - __main__ - INFO - clothes shape mAP: 0.0000
2025-05-13 18:34:57,615 - __main__ - INFO - collar shape mAP: 0.0000
2025-05-13 18:34:57,615 - __main__ - INFO - sleeve length mAP: 0.0000
2025-05-13 18:34:57,615 - __main__ - INFO - sleeve shape mAP: 0.0000
2025-05-13 18:34:57,616 - __main__ - INFO - MeanAP: 15.0201

2025-05-13 18:34:58,591 - __main__ - INFO - lr:9e-05
2025-05-13 18:34:59,591 - __main__ - INFO - Task id: 15	Train Epoch: 4 [0/20000]	Loss: 1.7825 (1.7825) 	Acc: 87.50% (87.50%)
2025-05-13 18:36:08,547 - __main__ - INFO - Task id: 15	Train Epoch: 4 [6400/20000]	Loss: 1.7419 (1.8120) 	Acc: 100.00% (93.33%)
2025-05-13 18:37:17,849 - __main__ - INFO - Task id: 15	Train Epoch: 4 [12800/20000]	Loss: 1.6448 (1.7948) 	Acc: 93.75% (93.56%)
2025-05-13 18:38:26,868 - __main__ - INFO - Task id: 15	Train Epoch: 4 [19200/20000]	Loss: 1.6143 (1.7876) 	Acc: 100.00% (93.70%)
2025-05-13 18:38:59,984 - __main__ - INFO - Task id: 15
2025-05-13 18:38:59,984 - __main__ - INFO - Train Epoch: 4
2025-05-13 18:38:59,984 - __main__ - INFO - skirt_length mAP: 0.0000
2025-05-13 18:38:59,984 - __main__ - INFO - sleeve_length mAP: 0.0000
2025-05-13 18:38:59,984 - __main__ - INFO - coat_length mAP: 0.0000
2025-05-13 18:38:59,984 - __main__ - INFO - pant_length mAP: 0.0000
2025-05-13 18:38:59,984 - __main__ - INFO - collar_design mAP: 0.0000
2025-05-13 18:38:59,984 - __main__ - INFO - lapel_design mAP: 0.0000
2025-05-13 18:38:59,984 - __main__ - INFO - neckline_design mAP: 0.0000
2025-05-13 18:38:59,984 - __main__ - INFO - neck_design mAP: 0.0000
2025-05-13 18:38:59,985 - __main__ - INFO - texture-related mAP: 0.0000
2025-05-13 18:38:59,985 - __main__ - INFO - fabric-related mAP: 0.0000
2025-05-13 18:38:59,985 - __main__ - INFO - shape-related mAP: 0.0000
2025-05-13 18:38:59,985 - __main__ - INFO - part-related mAP: 0.0000
2025-05-13 18:38:59,985 - __main__ - INFO - style-related mAP: 0.0000
2025-05-13 18:38:59,985 - __main__ - INFO - clothes category mAP: 0.0000
2025-05-13 18:38:59,985 - __main__ - INFO - clothes button mAP: 0.0000
2025-05-13 18:38:59,985 - __main__ - INFO - clothes color mAP: 14.5746
2025-05-13 18:38:59,985 - __main__ - INFO - clothes length mAP: 0.0000
2025-05-13 18:38:59,985 - __main__ - INFO - clothes pattern mAP: 0.0000
2025-05-13 18:38:59,985 - __main__ - INFO - clothes shape mAP: 0.0000
2025-05-13 18:38:59,985 - __main__ - INFO - collar shape mAP: 0.0000
2025-05-13 18:38:59,985 - __main__ - INFO - sleeve length mAP: 0.0000
2025-05-13 18:38:59,985 - __main__ - INFO - sleeve shape mAP: 0.0000
2025-05-13 18:38:59,985 - __main__ - INFO - MeanAP: 14.5746

2025-05-13 18:39:00,636 - __main__ - INFO - lr:9e-05
2025-05-13 18:39:01,729 - __main__ - INFO - Task id: 15	Train Epoch: 5 [0/20000]	Loss: 1.6024 (1.6024) 	Acc: 100.00% (100.00%)
2025-05-13 18:40:11,558 - __main__ - INFO - Task id: 15	Train Epoch: 5 [6400/20000]	Loss: 1.4385 (1.7624) 	Acc: 100.00% (93.70%)
2025-05-13 18:41:21,326 - __main__ - INFO - Task id: 15	Train Epoch: 5 [12800/20000]	Loss: 1.6557 (1.7489) 	Acc: 87.50% (94.09%)
2025-05-13 18:42:30,346 - __main__ - INFO - Task id: 15	Train Epoch: 5 [19200/20000]	Loss: 1.7323 (1.7375) 	Acc: 93.75% (94.18%)
2025-05-13 18:42:58,661 - __main__ - INFO - Task id: 15
2025-05-13 18:42:58,661 - __main__ - INFO - Train Epoch: 5
2025-05-13 18:42:58,661 - __main__ - INFO - skirt_length mAP: 0.0000
2025-05-13 18:42:58,661 - __main__ - INFO - sleeve_length mAP: 0.0000
2025-05-13 18:42:58,661 - __main__ - INFO - coat_length mAP: 0.0000
2025-05-13 18:42:58,661 - __main__ - INFO - pant_length mAP: 0.0000
2025-05-13 18:42:58,661 - __main__ - INFO - collar_design mAP: 0.0000
2025-05-13 18:42:58,661 - __main__ - INFO - lapel_design mAP: 0.0000
2025-05-13 18:42:58,661 - __main__ - INFO - neckline_design mAP: 0.0000
2025-05-13 18:42:58,661 - __main__ - INFO - neck_design mAP: 0.0000
2025-05-13 18:42:58,662 - __main__ - INFO - texture-related mAP: 0.0000
2025-05-13 18:42:58,662 - __main__ - INFO - fabric-related mAP: 0.0000
2025-05-13 18:42:58,662 - __main__ - INFO - shape-related mAP: 0.0000
2025-05-13 18:42:58,662 - __main__ - INFO - part-related mAP: 0.0000
2025-05-13 18:42:58,662 - __main__ - INFO - style-related mAP: 0.0000
2025-05-13 18:42:58,662 - __main__ - INFO - clothes category mAP: 0.0000
2025-05-13 18:42:58,662 - __main__ - INFO - clothes button mAP: 0.0000
2025-05-13 18:42:58,662 - __main__ - INFO - clothes color mAP: 15.0623
2025-05-13 18:42:58,662 - __main__ - INFO - clothes length mAP: 0.0000
2025-05-13 18:42:58,662 - __main__ - INFO - clothes pattern mAP: 0.0000
2025-05-13 18:42:58,662 - __main__ - INFO - clothes shape mAP: 0.0000
2025-05-13 18:42:58,662 - __main__ - INFO - collar shape mAP: 0.0000
2025-05-13 18:42:58,662 - __main__ - INFO - sleeve length mAP: 0.0000
2025-05-13 18:42:58,662 - __main__ - INFO - sleeve shape mAP: 0.0000
2025-05-13 18:42:58,662 - __main__ - INFO - MeanAP: 15.0623

2025-05-13 18:42:59,305 - __main__ - INFO - lr:9e-05
2025-05-13 18:43:00,406 - __main__ - INFO - Task id: 15	Train Epoch: 6 [0/20000]	Loss: 1.6377 (1.6377) 	Acc: 100.00% (100.00%)
2025-05-13 18:44:09,582 - __main__ - INFO - Task id: 15	Train Epoch: 6 [6400/20000]	Loss: 1.3338 (1.6853) 	Acc: 100.00% (94.19%)
2025-05-13 18:45:18,127 - __main__ - INFO - Task id: 15	Train Epoch: 6 [12800/20000]	Loss: 2.2826 (1.6765) 	Acc: 87.50% (94.37%)
2025-05-13 18:46:27,072 - __main__ - INFO - Task id: 15	Train Epoch: 6 [19200/20000]	Loss: 1.6007 (1.6731) 	Acc: 93.75% (94.61%)
2025-05-13 18:46:54,754 - __main__ - INFO - Task id: 15
2025-05-13 18:46:54,754 - __main__ - INFO - Train Epoch: 6
2025-05-13 18:46:54,754 - __main__ - INFO - skirt_length mAP: 0.0000
2025-05-13 18:46:54,754 - __main__ - INFO - sleeve_length mAP: 0.0000
2025-05-13 18:46:54,754 - __main__ - INFO - coat_length mAP: 0.0000
2025-05-13 18:46:54,754 - __main__ - INFO - pant_length mAP: 0.0000
2025-05-13 18:46:54,754 - __main__ - INFO - collar_design mAP: 0.0000
2025-05-13 18:46:54,754 - __main__ - INFO - lapel_design mAP: 0.0000
2025-05-13 18:46:54,754 - __main__ - INFO - neckline_design mAP: 0.0000
2025-05-13 18:46:54,754 - __main__ - INFO - neck_design mAP: 0.0000
2025-05-13 18:46:54,754 - __main__ - INFO - texture-related mAP: 0.0000
2025-05-13 18:46:54,754 - __main__ - INFO - fabric-related mAP: 0.0000
2025-05-13 18:46:54,754 - __main__ - INFO - shape-related mAP: 0.0000
2025-05-13 18:46:54,754 - __main__ - INFO - part-related mAP: 0.0000
2025-05-13 18:46:54,754 - __main__ - INFO - style-related mAP: 0.0000
2025-05-13 18:46:54,754 - __main__ - INFO - clothes category mAP: 0.0000
2025-05-13 18:46:54,754 - __main__ - INFO - clothes button mAP: 0.0000
2025-05-13 18:46:54,754 - __main__ - INFO - clothes color mAP: 14.6902
2025-05-13 18:46:54,754 - __main__ - INFO - clothes length mAP: 0.0000
2025-05-13 18:46:54,754 - __main__ - INFO - clothes pattern mAP: 0.0000
2025-05-13 18:46:54,754 - __main__ - INFO - clothes shape mAP: 0.0000
2025-05-13 18:46:54,754 - __main__ - INFO - collar shape mAP: 0.0000
2025-05-13 18:46:54,755 - __main__ - INFO - sleeve length mAP: 0.0000
2025-05-13 18:46:54,755 - __main__ - INFO - sleeve shape mAP: 0.0000
2025-05-13 18:46:54,755 - __main__ - INFO - MeanAP: 14.6902

2025-05-13 18:46:55,369 - __main__ - INFO - lr:8.1e-05
2025-05-13 18:46:56,494 - __main__ - INFO - Task id: 15	Train Epoch: 7 [0/20000]	Loss: 1.1966 (1.1966) 	Acc: 93.75% (93.75%)
2025-05-13 18:48:06,451 - __main__ - INFO - Task id: 15	Train Epoch: 7 [6400/20000]	Loss: 1.5690 (1.6277) 	Acc: 100.00% (94.93%)
2025-05-13 18:49:16,494 - __main__ - INFO - Task id: 15	Train Epoch: 7 [12800/20000]	Loss: 1.8593 (1.6235) 	Acc: 81.25% (95.27%)
2025-05-13 18:50:25,839 - __main__ - INFO - Task id: 15	Train Epoch: 7 [19200/20000]	Loss: 1.6198 (1.6232) 	Acc: 100.00% (95.16%)
2025-05-13 18:50:54,082 - __main__ - INFO - Task id: 15
2025-05-13 18:50:54,082 - __main__ - INFO - Train Epoch: 7
2025-05-13 18:50:54,082 - __main__ - INFO - skirt_length mAP: 0.0000
2025-05-13 18:50:54,082 - __main__ - INFO - sleeve_length mAP: 0.0000
2025-05-13 18:50:54,082 - __main__ - INFO - coat_length mAP: 0.0000
2025-05-13 18:50:54,082 - __main__ - INFO - pant_length mAP: 0.0000
2025-05-13 18:50:54,082 - __main__ - INFO - collar_design mAP: 0.0000
2025-05-13 18:50:54,082 - __main__ - INFO - lapel_design mAP: 0.0000
2025-05-13 18:50:54,083 - __main__ - INFO - neckline_design mAP: 0.0000
2025-05-13 18:50:54,083 - __main__ - INFO - neck_design mAP: 0.0000
2025-05-13 18:50:54,083 - __main__ - INFO - texture-related mAP: 0.0000
2025-05-13 18:50:54,083 - __main__ - INFO - fabric-related mAP: 0.0000
2025-05-13 18:50:54,083 - __main__ - INFO - shape-related mAP: 0.0000
2025-05-13 18:50:54,083 - __main__ - INFO - part-related mAP: 0.0000
2025-05-13 18:50:54,083 - __main__ - INFO - style-related mAP: 0.0000
2025-05-13 18:50:54,083 - __main__ - INFO - clothes category mAP: 0.0000
2025-05-13 18:50:54,083 - __main__ - INFO - clothes button mAP: 0.0000
2025-05-13 18:50:54,083 - __main__ - INFO - clothes color mAP: 15.0289
2025-05-13 18:50:54,083 - __main__ - INFO - clothes length mAP: 0.0000
2025-05-13 18:50:54,083 - __main__ - INFO - clothes pattern mAP: 0.0000
2025-05-13 18:50:54,083 - __main__ - INFO - clothes shape mAP: 0.0000
2025-05-13 18:50:54,083 - __main__ - INFO - collar shape mAP: 0.0000
2025-05-13 18:50:54,083 - __main__ - INFO - sleeve length mAP: 0.0000
2025-05-13 18:50:54,083 - __main__ - INFO - sleeve shape mAP: 0.0000
2025-05-13 18:50:54,083 - __main__ - INFO - MeanAP: 15.0289

2025-05-13 18:50:54,705 - __main__ - INFO - lr:8.1e-05
2025-05-13 18:50:55,751 - __main__ - INFO - Task id: 15	Train Epoch: 8 [0/20000]	Loss: 1.7155 (1.7155) 	Acc: 93.75% (93.75%)
2025-05-13 18:52:07,054 - __main__ - INFO - Task id: 15	Train Epoch: 8 [6400/20000]	Loss: 1.8630 (1.5937) 	Acc: 93.75% (95.51%)
2025-05-13 18:53:16,676 - __main__ - INFO - Task id: 15	Train Epoch: 8 [12800/20000]	Loss: 1.4505 (1.5913) 	Acc: 100.00% (95.26%)
2025-05-13 18:54:26,290 - __main__ - INFO - Task id: 15	Train Epoch: 8 [19200/20000]	Loss: 1.7767 (1.5804) 	Acc: 93.75% (95.39%)
2025-05-13 18:54:53,830 - __main__ - INFO - Task id: 15
2025-05-13 18:54:53,831 - __main__ - INFO - Train Epoch: 8
2025-05-13 18:54:53,831 - __main__ - INFO - skirt_length mAP: 0.0000
2025-05-13 18:54:53,831 - __main__ - INFO - sleeve_length mAP: 0.0000
2025-05-13 18:54:53,831 - __main__ - INFO - coat_length mAP: 0.0000
2025-05-13 18:54:53,831 - __main__ - INFO - pant_length mAP: 0.0000
2025-05-13 18:54:53,831 - __main__ - INFO - collar_design mAP: 0.0000
2025-05-13 18:54:53,831 - __main__ - INFO - lapel_design mAP: 0.0000
2025-05-13 18:54:53,831 - __main__ - INFO - neckline_design mAP: 0.0000
2025-05-13 18:54:53,831 - __main__ - INFO - neck_design mAP: 0.0000
2025-05-13 18:54:53,831 - __main__ - INFO - texture-related mAP: 0.0000
2025-05-13 18:54:53,831 - __main__ - INFO - fabric-related mAP: 0.0000
2025-05-13 18:54:53,831 - __main__ - INFO - shape-related mAP: 0.0000
2025-05-13 18:54:53,831 - __main__ - INFO - part-related mAP: 0.0000
2025-05-13 18:54:53,831 - __main__ - INFO - style-related mAP: 0.0000
2025-05-13 18:54:53,831 - __main__ - INFO - clothes category mAP: 0.0000
2025-05-13 18:54:53,831 - __main__ - INFO - clothes button mAP: 0.0000
2025-05-13 18:54:53,831 - __main__ - INFO - clothes color mAP: 15.3037
2025-05-13 18:54:53,831 - __main__ - INFO - clothes length mAP: 0.0000
2025-05-13 18:54:53,831 - __main__ - INFO - clothes pattern mAP: 0.0000
2025-05-13 18:54:53,831 - __main__ - INFO - clothes shape mAP: 0.0000
2025-05-13 18:54:53,831 - __main__ - INFO - collar shape mAP: 0.0000
2025-05-13 18:54:53,831 - __main__ - INFO - sleeve length mAP: 0.0000
2025-05-13 18:54:53,831 - __main__ - INFO - sleeve shape mAP: 0.0000
2025-05-13 18:54:53,831 - __main__ - INFO - MeanAP: 15.3037

2025-05-13 18:54:55,080 - __main__ - INFO - lr:8.1e-05
2025-05-13 18:54:56,149 - __main__ - INFO - Task id: 15	Train Epoch: 9 [0/20000]	Loss: 1.5603 (1.5603) 	Acc: 100.00% (100.00%)
2025-05-13 18:56:06,124 - __main__ - INFO - Task id: 15	Train Epoch: 9 [6400/20000]	Loss: 1.5077 (1.5443) 	Acc: 100.00% (96.35%)
2025-05-13 18:57:16,451 - __main__ - INFO - Task id: 15	Train Epoch: 9 [12800/20000]	Loss: 1.8596 (1.5507) 	Acc: 100.00% (96.21%)
2025-05-13 18:58:25,388 - __main__ - INFO - Task id: 15	Train Epoch: 9 [19200/20000]	Loss: 1.3728 (1.5438) 	Acc: 93.75% (96.13%)
2025-05-13 18:58:53,222 - __main__ - INFO - Task id: 15
2025-05-13 18:58:53,222 - __main__ - INFO - Train Epoch: 9
2025-05-13 18:58:53,222 - __main__ - INFO - skirt_length mAP: 0.0000
2025-05-13 18:58:53,222 - __main__ - INFO - sleeve_length mAP: 0.0000
2025-05-13 18:58:53,222 - __main__ - INFO - coat_length mAP: 0.0000
2025-05-13 18:58:53,223 - __main__ - INFO - pant_length mAP: 0.0000
2025-05-13 18:58:53,223 - __main__ - INFO - collar_design mAP: 0.0000
2025-05-13 18:58:53,223 - __main__ - INFO - lapel_design mAP: 0.0000
2025-05-13 18:58:53,223 - __main__ - INFO - neckline_design mAP: 0.0000
2025-05-13 18:58:53,223 - __main__ - INFO - neck_design mAP: 0.0000
2025-05-13 18:58:53,223 - __main__ - INFO - texture-related mAP: 0.0000
2025-05-13 18:58:53,223 - __main__ - INFO - fabric-related mAP: 0.0000
2025-05-13 18:58:53,223 - __main__ - INFO - shape-related mAP: 0.0000
2025-05-13 18:58:53,223 - __main__ - INFO - part-related mAP: 0.0000
2025-05-13 18:58:53,223 - __main__ - INFO - style-related mAP: 0.0000
2025-05-13 18:58:53,223 - __main__ - INFO - clothes category mAP: 0.0000
2025-05-13 18:58:53,223 - __main__ - INFO - clothes button mAP: 0.0000
2025-05-13 18:58:53,223 - __main__ - INFO - clothes color mAP: 15.0512
2025-05-13 18:58:53,223 - __main__ - INFO - clothes length mAP: 0.0000
2025-05-13 18:58:53,223 - __main__ - INFO - clothes pattern mAP: 0.0000
2025-05-13 18:58:53,223 - __main__ - INFO - clothes shape mAP: 0.0000
2025-05-13 18:58:53,223 - __main__ - INFO - collar shape mAP: 0.0000
2025-05-13 18:58:53,223 - __main__ - INFO - sleeve length mAP: 0.0000
2025-05-13 18:58:53,223 - __main__ - INFO - sleeve shape mAP: 0.0000
2025-05-13 18:58:53,223 - __main__ - INFO - MeanAP: 15.0512

2025-05-13 18:58:53,828 - __main__ - INFO - lr:7.290000000000001e-05
2025-05-13 18:58:54,844 - __main__ - INFO - Task id: 15	Train Epoch: 10 [0/20000]	Loss: 1.5237 (1.5237) 	Acc: 93.75% (93.75%)
2025-05-13 19:00:05,756 - __main__ - INFO - Task id: 15	Train Epoch: 10 [6400/20000]	Loss: 1.3973 (1.5116) 	Acc: 100.00% (95.90%)
2025-05-13 19:01:16,582 - __main__ - INFO - Task id: 15	Train Epoch: 10 [12800/20000]	Loss: 1.8194 (1.4994) 	Acc: 93.75% (96.09%)
2025-05-13 19:02:27,215 - __main__ - INFO - Task id: 15	Train Epoch: 10 [19200/20000]	Loss: 1.3625 (1.4987) 	Acc: 93.75% (96.07%)
2025-05-13 19:02:55,575 - __main__ - INFO - Task id: 15
2025-05-13 19:02:55,576 - __main__ - INFO - Train Epoch: 10
2025-05-13 19:02:55,576 - __main__ - INFO - skirt_length mAP: 0.0000
2025-05-13 19:02:55,576 - __main__ - INFO - sleeve_length mAP: 0.0000
2025-05-13 19:02:55,576 - __main__ - INFO - coat_length mAP: 0.0000
2025-05-13 19:02:55,576 - __main__ - INFO - pant_length mAP: 0.0000
2025-05-13 19:02:55,576 - __main__ - INFO - collar_design mAP: 0.0000
2025-05-13 19:02:55,576 - __main__ - INFO - lapel_design mAP: 0.0000
2025-05-13 19:02:55,576 - __main__ - INFO - neckline_design mAP: 0.0000
2025-05-13 19:02:55,576 - __main__ - INFO - neck_design mAP: 0.0000
2025-05-13 19:02:55,576 - __main__ - INFO - texture-related mAP: 0.0000
2025-05-13 19:02:55,576 - __main__ - INFO - fabric-related mAP: 0.0000
2025-05-13 19:02:55,576 - __main__ - INFO - shape-related mAP: 0.0000
2025-05-13 19:02:55,576 - __main__ - INFO - part-related mAP: 0.0000
2025-05-13 19:02:55,576 - __main__ - INFO - style-related mAP: 0.0000
2025-05-13 19:02:55,576 - __main__ - INFO - clothes category mAP: 0.0000
2025-05-13 19:02:55,576 - __main__ - INFO - clothes button mAP: 0.0000
2025-05-13 19:02:55,576 - __main__ - INFO - clothes color mAP: 14.6241
2025-05-13 19:02:55,576 - __main__ - INFO - clothes length mAP: 0.0000
2025-05-13 19:02:55,576 - __main__ - INFO - clothes pattern mAP: 0.0000
2025-05-13 19:02:55,576 - __main__ - INFO - clothes shape mAP: 0.0000
2025-05-13 19:02:55,576 - __main__ - INFO - collar shape mAP: 0.0000
2025-05-13 19:02:55,576 - __main__ - INFO - sleeve length mAP: 0.0000
2025-05-13 19:02:55,576 - __main__ - INFO - sleeve shape mAP: 0.0000
2025-05-13 19:02:55,576 - __main__ - INFO - MeanAP: 14.6241

2025-05-13 19:02:56,204 - __main__ - INFO - lr:7.290000000000001e-05
2025-05-13 19:03:04,453 - __main__ - INFO - Task id: 16	Train Epoch: 1 [0/20000]	Loss: 3.4150 (3.4150) 	Acc: 56.25% (56.25%)
2025-05-13 19:04:15,377 - __main__ - INFO - Task id: 16	Train Epoch: 1 [6400/20000]	Loss: 3.0273 (3.0554) 	Acc: 75.00% (69.17%)
2025-05-13 19:05:26,304 - __main__ - INFO - Task id: 16	Train Epoch: 1 [12800/20000]	Loss: 2.9740 (2.8843) 	Acc: 75.00% (74.34%)
2025-05-13 19:06:36,787 - __main__ - INFO - Task id: 16	Train Epoch: 1 [19200/20000]	Loss: 2.3766 (2.7881) 	Acc: 87.50% (76.94%)
2025-05-13 19:07:02,448 - __main__ - INFO - Task id: 16
2025-05-13 19:07:02,448 - __main__ - INFO - Train Epoch: 1
2025-05-13 19:07:02,448 - __main__ - INFO - skirt_length mAP: 0.0000
2025-05-13 19:07:02,448 - __main__ - INFO - sleeve_length mAP: 0.0000
2025-05-13 19:07:02,448 - __main__ - INFO - coat_length mAP: 0.0000
2025-05-13 19:07:02,448 - __main__ - INFO - pant_length mAP: 0.0000
2025-05-13 19:07:02,448 - __main__ - INFO - collar_design mAP: 0.0000
2025-05-13 19:07:02,448 - __main__ - INFO - lapel_design mAP: 0.0000
2025-05-13 19:07:02,448 - __main__ - INFO - neckline_design mAP: 0.0000
2025-05-13 19:07:02,448 - __main__ - INFO - neck_design mAP: 0.0000
2025-05-13 19:07:02,448 - __main__ - INFO - texture-related mAP: 0.0000
2025-05-13 19:07:02,448 - __main__ - INFO - fabric-related mAP: 0.0000
2025-05-13 19:07:02,448 - __main__ - INFO - shape-related mAP: 0.0000
2025-05-13 19:07:02,448 - __main__ - INFO - part-related mAP: 0.0000
2025-05-13 19:07:02,448 - __main__ - INFO - style-related mAP: 0.0000
2025-05-13 19:07:02,448 - __main__ - INFO - clothes category mAP: 0.0000
2025-05-13 19:07:02,448 - __main__ - INFO - clothes button mAP: 0.0000
2025-05-13 19:07:02,448 - __main__ - INFO - clothes color mAP: 0.0000
2025-05-13 19:07:02,448 - __main__ - INFO - clothes length mAP: 32.4911
2025-05-13 19:07:02,448 - __main__ - INFO - clothes pattern mAP: 0.0000
2025-05-13 19:07:02,448 - __main__ - INFO - clothes shape mAP: 0.0000
2025-05-13 19:07:02,448 - __main__ - INFO - collar shape mAP: 0.0000
2025-05-13 19:07:02,449 - __main__ - INFO - sleeve length mAP: 0.0000
2025-05-13 19:07:02,449 - __main__ - INFO - sleeve shape mAP: 0.0000
2025-05-13 19:07:02,449 - __main__ - INFO - MeanAP: 32.4911

2025-05-13 19:07:03,600 - __main__ - INFO - lr:0.0001
2025-05-13 19:07:04,667 - __main__ - INFO - Task id: 16	Train Epoch: 2 [0/20000]	Loss: 2.2140 (2.2140) 	Acc: 93.75% (93.75%)
2025-05-13 19:08:16,475 - __main__ - INFO - Task id: 16	Train Epoch: 2 [6400/20000]	Loss: 2.3203 (2.5150) 	Acc: 87.50% (83.54%)
2025-05-13 19:09:26,934 - __main__ - INFO - Task id: 16	Train Epoch: 2 [12800/20000]	Loss: 2.6597 (2.4998) 	Acc: 75.00% (83.46%)
2025-05-13 19:10:37,844 - __main__ - INFO - Task id: 16	Train Epoch: 2 [19200/20000]	Loss: 2.5444 (2.4956) 	Acc: 81.25% (83.51%)
2025-05-13 19:11:04,179 - __main__ - INFO - Task id: 16
2025-05-13 19:11:04,179 - __main__ - INFO - Train Epoch: 2
2025-05-13 19:11:04,180 - __main__ - INFO - skirt_length mAP: 0.0000
2025-05-13 19:11:04,180 - __main__ - INFO - sleeve_length mAP: 0.0000
2025-05-13 19:11:04,180 - __main__ - INFO - coat_length mAP: 0.0000
2025-05-13 19:11:04,180 - __main__ - INFO - pant_length mAP: 0.0000
2025-05-13 19:11:04,180 - __main__ - INFO - collar_design mAP: 0.0000
2025-05-13 19:11:04,180 - __main__ - INFO - lapel_design mAP: 0.0000
2025-05-13 19:11:04,180 - __main__ - INFO - neckline_design mAP: 0.0000
2025-05-13 19:11:04,180 - __main__ - INFO - neck_design mAP: 0.0000
2025-05-13 19:11:04,180 - __main__ - INFO - texture-related mAP: 0.0000
2025-05-13 19:11:04,180 - __main__ - INFO - fabric-related mAP: 0.0000
2025-05-13 19:11:04,180 - __main__ - INFO - shape-related mAP: 0.0000
2025-05-13 19:11:04,180 - __main__ - INFO - part-related mAP: 0.0000
2025-05-13 19:11:04,180 - __main__ - INFO - style-related mAP: 0.0000
2025-05-13 19:11:04,180 - __main__ - INFO - clothes category mAP: 0.0000
2025-05-13 19:11:04,180 - __main__ - INFO - clothes button mAP: 0.0000
2025-05-13 19:11:04,180 - __main__ - INFO - clothes color mAP: 0.0000
2025-05-13 19:11:04,180 - __main__ - INFO - clothes length mAP: 33.0320
2025-05-13 19:11:04,180 - __main__ - INFO - clothes pattern mAP: 0.0000
2025-05-13 19:11:04,180 - __main__ - INFO - clothes shape mAP: 0.0000
2025-05-13 19:11:04,180 - __main__ - INFO - collar shape mAP: 0.0000
2025-05-13 19:11:04,180 - __main__ - INFO - sleeve length mAP: 0.0000
2025-05-13 19:11:04,180 - __main__ - INFO - sleeve shape mAP: 0.0000
2025-05-13 19:11:04,180 - __main__ - INFO - MeanAP: 33.0320

2025-05-13 19:11:05,488 - __main__ - INFO - lr:0.0001
2025-05-13 19:11:06,544 - __main__ - INFO - Task id: 16	Train Epoch: 3 [0/20000]	Loss: 2.7521 (2.7521) 	Acc: 81.25% (81.25%)
2025-05-13 19:12:17,342 - __main__ - INFO - Task id: 16	Train Epoch: 3 [6400/20000]	Loss: 2.4428 (2.4475) 	Acc: 81.25% (84.23%)
2025-05-13 19:13:26,745 - __main__ - INFO - Task id: 16	Train Epoch: 3 [12800/20000]	Loss: 2.3028 (2.4426) 	Acc: 93.75% (83.83%)
2025-05-13 19:14:37,781 - __main__ - INFO - Task id: 16	Train Epoch: 3 [19200/20000]	Loss: 1.9475 (2.4360) 	Acc: 100.00% (84.16%)
2025-05-13 19:15:03,567 - __main__ - INFO - Task id: 16
2025-05-13 19:15:03,567 - __main__ - INFO - Train Epoch: 3
2025-05-13 19:15:03,567 - __main__ - INFO - skirt_length mAP: 0.0000
2025-05-13 19:15:03,567 - __main__ - INFO - sleeve_length mAP: 0.0000
2025-05-13 19:15:03,567 - __main__ - INFO - coat_length mAP: 0.0000
2025-05-13 19:15:03,567 - __main__ - INFO - pant_length mAP: 0.0000
2025-05-13 19:15:03,567 - __main__ - INFO - collar_design mAP: 0.0000
2025-05-13 19:15:03,567 - __main__ - INFO - lapel_design mAP: 0.0000
2025-05-13 19:15:03,567 - __main__ - INFO - neckline_design mAP: 0.0000
2025-05-13 19:15:03,567 - __main__ - INFO - neck_design mAP: 0.0000
2025-05-13 19:15:03,567 - __main__ - INFO - texture-related mAP: 0.0000
2025-05-13 19:15:03,567 - __main__ - INFO - fabric-related mAP: 0.0000
2025-05-13 19:15:03,567 - __main__ - INFO - shape-related mAP: 0.0000
2025-05-13 19:15:03,567 - __main__ - INFO - part-related mAP: 0.0000
2025-05-13 19:15:03,567 - __main__ - INFO - style-related mAP: 0.0000
2025-05-13 19:15:03,567 - __main__ - INFO - clothes category mAP: 0.0000
2025-05-13 19:15:03,567 - __main__ - INFO - clothes button mAP: 0.0000
2025-05-13 19:15:03,567 - __main__ - INFO - clothes color mAP: 0.0000
2025-05-13 19:15:03,567 - __main__ - INFO - clothes length mAP: 33.7888
2025-05-13 19:15:03,567 - __main__ - INFO - clothes pattern mAP: 0.0000
2025-05-13 19:15:03,567 - __main__ - INFO - clothes shape mAP: 0.0000
2025-05-13 19:15:03,567 - __main__ - INFO - collar shape mAP: 0.0000
2025-05-13 19:15:03,567 - __main__ - INFO - sleeve length mAP: 0.0000
2025-05-13 19:15:03,568 - __main__ - INFO - sleeve shape mAP: 0.0000
2025-05-13 19:15:03,568 - __main__ - INFO - MeanAP: 33.7888

2025-05-13 19:15:04,812 - __main__ - INFO - lr:9e-05
2025-05-13 19:15:05,788 - __main__ - INFO - Task id: 16	Train Epoch: 4 [0/20000]	Loss: 2.6030 (2.6030) 	Acc: 75.00% (75.00%)
2025-05-13 19:16:17,073 - __main__ - INFO - Task id: 16	Train Epoch: 4 [6400/20000]	Loss: 2.5360 (2.3869) 	Acc: 81.25% (85.57%)
2025-05-13 19:17:28,046 - __main__ - INFO - Task id: 16	Train Epoch: 4 [12800/20000]	Loss: 2.2579 (2.3795) 	Acc: 87.50% (85.68%)
2025-05-13 19:18:38,139 - __main__ - INFO - Task id: 16	Train Epoch: 4 [19200/20000]	Loss: 2.2667 (2.3818) 	Acc: 93.75% (85.32%)
2025-05-13 19:19:03,632 - __main__ - INFO - Task id: 16
2025-05-13 19:19:03,632 - __main__ - INFO - Train Epoch: 4
2025-05-13 19:19:03,632 - __main__ - INFO - skirt_length mAP: 0.0000
2025-05-13 19:19:03,632 - __main__ - INFO - sleeve_length mAP: 0.0000
2025-05-13 19:19:03,632 - __main__ - INFO - coat_length mAP: 0.0000
2025-05-13 19:19:03,632 - __main__ - INFO - pant_length mAP: 0.0000
2025-05-13 19:19:03,632 - __main__ - INFO - collar_design mAP: 0.0000
2025-05-13 19:19:03,632 - __main__ - INFO - lapel_design mAP: 0.0000
2025-05-13 19:19:03,632 - __main__ - INFO - neckline_design mAP: 0.0000
2025-05-13 19:19:03,632 - __main__ - INFO - neck_design mAP: 0.0000
2025-05-13 19:19:03,632 - __main__ - INFO - texture-related mAP: 0.0000
2025-05-13 19:19:03,633 - __main__ - INFO - fabric-related mAP: 0.0000
2025-05-13 19:19:03,633 - __main__ - INFO - shape-related mAP: 0.0000
2025-05-13 19:19:03,633 - __main__ - INFO - part-related mAP: 0.0000
2025-05-13 19:19:03,633 - __main__ - INFO - style-related mAP: 0.0000
2025-05-13 19:19:03,633 - __main__ - INFO - clothes category mAP: 0.0000
2025-05-13 19:19:03,633 - __main__ - INFO - clothes button mAP: 0.0000
2025-05-13 19:19:03,633 - __main__ - INFO - clothes color mAP: 0.0000
2025-05-13 19:19:03,633 - __main__ - INFO - clothes length mAP: 34.2028
2025-05-13 19:19:03,633 - __main__ - INFO - clothes pattern mAP: 0.0000
2025-05-13 19:19:03,633 - __main__ - INFO - clothes shape mAP: 0.0000
2025-05-13 19:19:03,633 - __main__ - INFO - collar shape mAP: 0.0000
2025-05-13 19:19:03,633 - __main__ - INFO - sleeve length mAP: 0.0000
2025-05-13 19:19:03,633 - __main__ - INFO - sleeve shape mAP: 0.0000
2025-05-13 19:19:03,633 - __main__ - INFO - MeanAP: 34.2028

2025-05-13 19:19:04,878 - __main__ - INFO - lr:9e-05
2025-05-13 19:19:06,096 - __main__ - INFO - Task id: 16	Train Epoch: 5 [0/20000]	Loss: 2.8529 (2.8529) 	Acc: 75.00% (75.00%)
2025-05-13 19:20:17,156 - __main__ - INFO - Task id: 16	Train Epoch: 5 [6400/20000]	Loss: 2.1326 (2.3773) 	Acc: 87.50% (84.80%)
2025-05-13 19:21:26,778 - __main__ - INFO - Task id: 16	Train Epoch: 5 [12800/20000]	Loss: 2.1111 (2.3888) 	Acc: 75.00% (84.68%)
2025-05-13 19:22:37,654 - __main__ - INFO - Task id: 16	Train Epoch: 5 [19200/20000]	Loss: 2.4494 (2.3794) 	Acc: 75.00% (84.88%)
2025-05-13 19:23:03,539 - __main__ - INFO - Task id: 16
2025-05-13 19:23:03,540 - __main__ - INFO - Train Epoch: 5
2025-05-13 19:23:03,540 - __main__ - INFO - skirt_length mAP: 0.0000
2025-05-13 19:23:03,540 - __main__ - INFO - sleeve_length mAP: 0.0000
2025-05-13 19:23:03,540 - __main__ - INFO - coat_length mAP: 0.0000
2025-05-13 19:23:03,540 - __main__ - INFO - pant_length mAP: 0.0000
2025-05-13 19:23:03,540 - __main__ - INFO - collar_design mAP: 0.0000
2025-05-13 19:23:03,540 - __main__ - INFO - lapel_design mAP: 0.0000
2025-05-13 19:23:03,540 - __main__ - INFO - neckline_design mAP: 0.0000
2025-05-13 19:23:03,540 - __main__ - INFO - neck_design mAP: 0.0000
2025-05-13 19:23:03,540 - __main__ - INFO - texture-related mAP: 0.0000
2025-05-13 19:23:03,540 - __main__ - INFO - fabric-related mAP: 0.0000
2025-05-13 19:23:03,540 - __main__ - INFO - shape-related mAP: 0.0000
2025-05-13 19:23:03,540 - __main__ - INFO - part-related mAP: 0.0000
2025-05-13 19:23:03,540 - __main__ - INFO - style-related mAP: 0.0000
2025-05-13 19:23:03,540 - __main__ - INFO - clothes category mAP: 0.0000
2025-05-13 19:23:03,540 - __main__ - INFO - clothes button mAP: 0.0000
2025-05-13 19:23:03,540 - __main__ - INFO - clothes color mAP: 0.0000
2025-05-13 19:23:03,540 - __main__ - INFO - clothes length mAP: 34.1610
2025-05-13 19:23:03,540 - __main__ - INFO - clothes pattern mAP: 0.0000
2025-05-13 19:23:03,540 - __main__ - INFO - clothes shape mAP: 0.0000
2025-05-13 19:23:03,540 - __main__ - INFO - collar shape mAP: 0.0000
2025-05-13 19:23:03,540 - __main__ - INFO - sleeve length mAP: 0.0000
2025-05-13 19:23:03,540 - __main__ - INFO - sleeve shape mAP: 0.0000
2025-05-13 19:23:03,540 - __main__ - INFO - MeanAP: 34.1610

2025-05-13 19:23:04,303 - __main__ - INFO - lr:9e-05
2025-05-13 19:23:05,507 - __main__ - INFO - Task id: 16	Train Epoch: 6 [0/20000]	Loss: 2.3076 (2.3076) 	Acc: 93.75% (93.75%)
2025-05-13 19:24:16,233 - __main__ - INFO - Task id: 16	Train Epoch: 6 [6400/20000]	Loss: 2.8802 (2.3610) 	Acc: 81.25% (85.63%)
2025-05-13 19:25:25,975 - __main__ - INFO - Task id: 16	Train Epoch: 6 [12800/20000]	Loss: 2.3873 (2.3471) 	Acc: 87.50% (85.92%)
2025-05-13 19:26:35,335 - __main__ - INFO - Task id: 16	Train Epoch: 6 [19200/20000]	Loss: 2.2664 (2.3429) 	Acc: 81.25% (86.09%)
2025-05-13 19:27:01,130 - __main__ - INFO - Task id: 16
2025-05-13 19:27:01,130 - __main__ - INFO - Train Epoch: 6
2025-05-13 19:27:01,130 - __main__ - INFO - skirt_length mAP: 0.0000
2025-05-13 19:27:01,130 - __main__ - INFO - sleeve_length mAP: 0.0000
2025-05-13 19:27:01,131 - __main__ - INFO - coat_length mAP: 0.0000
2025-05-13 19:27:01,131 - __main__ - INFO - pant_length mAP: 0.0000
2025-05-13 19:27:01,131 - __main__ - INFO - collar_design mAP: 0.0000
2025-05-13 19:27:01,131 - __main__ - INFO - lapel_design mAP: 0.0000
2025-05-13 19:27:01,131 - __main__ - INFO - neckline_design mAP: 0.0000
2025-05-13 19:27:01,131 - __main__ - INFO - neck_design mAP: 0.0000
2025-05-13 19:27:01,131 - __main__ - INFO - texture-related mAP: 0.0000
2025-05-13 19:27:01,131 - __main__ - INFO - fabric-related mAP: 0.0000
2025-05-13 19:27:01,131 - __main__ - INFO - shape-related mAP: 0.0000
2025-05-13 19:27:01,131 - __main__ - INFO - part-related mAP: 0.0000
2025-05-13 19:27:01,131 - __main__ - INFO - style-related mAP: 0.0000
2025-05-13 19:27:01,131 - __main__ - INFO - clothes category mAP: 0.0000
2025-05-13 19:27:01,131 - __main__ - INFO - clothes button mAP: 0.0000
2025-05-13 19:27:01,131 - __main__ - INFO - clothes color mAP: 0.0000
2025-05-13 19:27:01,131 - __main__ - INFO - clothes length mAP: 34.1424
2025-05-13 19:27:01,131 - __main__ - INFO - clothes pattern mAP: 0.0000
2025-05-13 19:27:01,131 - __main__ - INFO - clothes shape mAP: 0.0000
2025-05-13 19:27:01,131 - __main__ - INFO - collar shape mAP: 0.0000
2025-05-13 19:27:01,131 - __main__ - INFO - sleeve length mAP: 0.0000
2025-05-13 19:27:01,131 - __main__ - INFO - sleeve shape mAP: 0.0000
2025-05-13 19:27:01,131 - __main__ - INFO - MeanAP: 34.1424

2025-05-13 19:27:01,760 - __main__ - INFO - lr:8.1e-05
2025-05-13 19:27:02,939 - __main__ - INFO - Task id: 16	Train Epoch: 7 [0/20000]	Loss: 2.5072 (2.5072) 	Acc: 87.50% (87.50%)
2025-05-13 19:28:13,967 - __main__ - INFO - Task id: 16	Train Epoch: 7 [6400/20000]	Loss: 2.3315 (2.3238) 	Acc: 81.25% (86.69%)
2025-05-13 19:29:24,835 - __main__ - INFO - Task id: 16	Train Epoch: 7 [12800/20000]	Loss: 2.5060 (2.3174) 	Acc: 75.00% (86.56%)
2025-05-13 19:30:34,762 - __main__ - INFO - Task id: 16	Train Epoch: 7 [19200/20000]	Loss: 2.3061 (2.3139) 	Acc: 87.50% (86.74%)
2025-05-13 19:31:00,994 - __main__ - INFO - Task id: 16
2025-05-13 19:31:00,995 - __main__ - INFO - Train Epoch: 7
2025-05-13 19:31:00,995 - __main__ - INFO - skirt_length mAP: 0.0000
2025-05-13 19:31:00,995 - __main__ - INFO - sleeve_length mAP: 0.0000
2025-05-13 19:31:00,995 - __main__ - INFO - coat_length mAP: 0.0000
2025-05-13 19:31:00,995 - __main__ - INFO - pant_length mAP: 0.0000
2025-05-13 19:31:00,995 - __main__ - INFO - collar_design mAP: 0.0000
2025-05-13 19:31:00,995 - __main__ - INFO - lapel_design mAP: 0.0000
2025-05-13 19:31:00,995 - __main__ - INFO - neckline_design mAP: 0.0000
2025-05-13 19:31:00,995 - __main__ - INFO - neck_design mAP: 0.0000
2025-05-13 19:31:00,995 - __main__ - INFO - texture-related mAP: 0.0000
2025-05-13 19:31:00,995 - __main__ - INFO - fabric-related mAP: 0.0000
2025-05-13 19:31:00,995 - __main__ - INFO - shape-related mAP: 0.0000
2025-05-13 19:31:00,995 - __main__ - INFO - part-related mAP: 0.0000
2025-05-13 19:31:00,995 - __main__ - INFO - style-related mAP: 0.0000
2025-05-13 19:31:00,995 - __main__ - INFO - clothes category mAP: 0.0000
2025-05-13 19:31:00,995 - __main__ - INFO - clothes button mAP: 0.0000
2025-05-13 19:31:00,995 - __main__ - INFO - clothes color mAP: 0.0000
2025-05-13 19:31:00,995 - __main__ - INFO - clothes length mAP: 35.0125
2025-05-13 19:31:00,995 - __main__ - INFO - clothes pattern mAP: 0.0000
2025-05-13 19:31:00,995 - __main__ - INFO - clothes shape mAP: 0.0000
2025-05-13 19:31:00,995 - __main__ - INFO - collar shape mAP: 0.0000
2025-05-13 19:31:00,996 - __main__ - INFO - sleeve length mAP: 0.0000
2025-05-13 19:31:00,996 - __main__ - INFO - sleeve shape mAP: 0.0000
2025-05-13 19:31:00,996 - __main__ - INFO - MeanAP: 35.0125

2025-05-13 19:31:02,431 - __main__ - INFO - lr:8.1e-05
2025-05-13 19:31:03,516 - __main__ - INFO - Task id: 16	Train Epoch: 8 [0/20000]	Loss: 2.1449 (2.1449) 	Acc: 100.00% (100.00%)
2025-05-13 19:32:14,555 - __main__ - INFO - Task id: 16	Train Epoch: 8 [6400/20000]	Loss: 2.2058 (2.2904) 	Acc: 100.00% (86.77%)
2025-05-13 19:33:24,781 - __main__ - INFO - Task id: 16	Train Epoch: 8 [12800/20000]	Loss: 2.2954 (2.2874) 	Acc: 93.75% (86.86%)
2025-05-13 19:34:35,719 - __main__ - INFO - Task id: 16	Train Epoch: 8 [19200/20000]	Loss: 1.9644 (2.2898) 	Acc: 100.00% (87.13%)
2025-05-13 19:35:01,530 - __main__ - INFO - Task id: 16
2025-05-13 19:35:01,530 - __main__ - INFO - Train Epoch: 8
2025-05-13 19:35:01,530 - __main__ - INFO - skirt_length mAP: 0.0000
2025-05-13 19:35:01,530 - __main__ - INFO - sleeve_length mAP: 0.0000
2025-05-13 19:35:01,530 - __main__ - INFO - coat_length mAP: 0.0000
2025-05-13 19:35:01,530 - __main__ - INFO - pant_length mAP: 0.0000
2025-05-13 19:35:01,531 - __main__ - INFO - collar_design mAP: 0.0000
2025-05-13 19:35:01,531 - __main__ - INFO - lapel_design mAP: 0.0000
2025-05-13 19:35:01,531 - __main__ - INFO - neckline_design mAP: 0.0000
2025-05-13 19:35:01,531 - __main__ - INFO - neck_design mAP: 0.0000
2025-05-13 19:35:01,531 - __main__ - INFO - texture-related mAP: 0.0000
2025-05-13 19:35:01,531 - __main__ - INFO - fabric-related mAP: 0.0000
2025-05-13 19:35:01,531 - __main__ - INFO - shape-related mAP: 0.0000
2025-05-13 19:35:01,531 - __main__ - INFO - part-related mAP: 0.0000
2025-05-13 19:35:01,531 - __main__ - INFO - style-related mAP: 0.0000
2025-05-13 19:35:01,531 - __main__ - INFO - clothes category mAP: 0.0000
2025-05-13 19:35:01,531 - __main__ - INFO - clothes button mAP: 0.0000
2025-05-13 19:35:01,531 - __main__ - INFO - clothes color mAP: 0.0000
2025-05-13 19:35:01,531 - __main__ - INFO - clothes length mAP: 34.5908
2025-05-13 19:35:01,531 - __main__ - INFO - clothes pattern mAP: 0.0000
2025-05-13 19:35:01,531 - __main__ - INFO - clothes shape mAP: 0.0000
2025-05-13 19:35:01,531 - __main__ - INFO - collar shape mAP: 0.0000
2025-05-13 19:35:01,531 - __main__ - INFO - sleeve length mAP: 0.0000
2025-05-13 19:35:01,531 - __main__ - INFO - sleeve shape mAP: 0.0000
2025-05-13 19:35:01,531 - __main__ - INFO - MeanAP: 34.5908

2025-05-13 19:35:02,151 - __main__ - INFO - lr:8.1e-05
2025-05-13 19:35:03,248 - __main__ - INFO - Task id: 16	Train Epoch: 9 [0/20000]	Loss: 2.5116 (2.5116) 	Acc: 93.75% (93.75%)
2025-05-13 19:36:13,018 - __main__ - INFO - Task id: 16	Train Epoch: 9 [6400/20000]	Loss: 2.1396 (2.2733) 	Acc: 93.75% (87.89%)
2025-05-13 19:37:22,293 - __main__ - INFO - Task id: 16	Train Epoch: 9 [12800/20000]	Loss: 2.3601 (2.2770) 	Acc: 100.00% (87.74%)
2025-05-13 19:38:32,030 - __main__ - INFO - Task id: 16	Train Epoch: 9 [19200/20000]	Loss: 2.0422 (2.2771) 	Acc: 93.75% (87.83%)
2025-05-13 19:38:57,782 - __main__ - INFO - Task id: 16
2025-05-13 19:38:57,783 - __main__ - INFO - Train Epoch: 9
2025-05-13 19:38:57,783 - __main__ - INFO - skirt_length mAP: 0.0000
2025-05-13 19:38:57,783 - __main__ - INFO - sleeve_length mAP: 0.0000
2025-05-13 19:38:57,783 - __main__ - INFO - coat_length mAP: 0.0000
2025-05-13 19:38:57,783 - __main__ - INFO - pant_length mAP: 0.0000
2025-05-13 19:38:57,783 - __main__ - INFO - collar_design mAP: 0.0000
2025-05-13 19:38:57,783 - __main__ - INFO - lapel_design mAP: 0.0000
2025-05-13 19:38:57,783 - __main__ - INFO - neckline_design mAP: 0.0000
2025-05-13 19:38:57,783 - __main__ - INFO - neck_design mAP: 0.0000
2025-05-13 19:38:57,783 - __main__ - INFO - texture-related mAP: 0.0000
2025-05-13 19:38:57,783 - __main__ - INFO - fabric-related mAP: 0.0000
2025-05-13 19:38:57,783 - __main__ - INFO - shape-related mAP: 0.0000
2025-05-13 19:38:57,783 - __main__ - INFO - part-related mAP: 0.0000
2025-05-13 19:38:57,783 - __main__ - INFO - style-related mAP: 0.0000
2025-05-13 19:38:57,783 - __main__ - INFO - clothes category mAP: 0.0000
2025-05-13 19:38:57,783 - __main__ - INFO - clothes button mAP: 0.0000
2025-05-13 19:38:57,783 - __main__ - INFO - clothes color mAP: 0.0000
2025-05-13 19:38:57,783 - __main__ - INFO - clothes length mAP: 34.7435
2025-05-13 19:38:57,783 - __main__ - INFO - clothes pattern mAP: 0.0000
2025-05-13 19:38:57,783 - __main__ - INFO - clothes shape mAP: 0.0000
2025-05-13 19:38:57,783 - __main__ - INFO - collar shape mAP: 0.0000
2025-05-13 19:38:57,783 - __main__ - INFO - sleeve length mAP: 0.0000
2025-05-13 19:38:57,783 - __main__ - INFO - sleeve shape mAP: 0.0000
2025-05-13 19:38:57,783 - __main__ - INFO - MeanAP: 34.7435

2025-05-13 19:38:58,449 - __main__ - INFO - lr:7.290000000000001e-05
2025-05-13 19:38:59,513 - __main__ - INFO - Task id: 16	Train Epoch: 10 [0/20000]	Loss: 2.3193 (2.3193) 	Acc: 93.75% (93.75%)
2025-05-13 19:40:09,942 - __main__ - INFO - Task id: 16	Train Epoch: 10 [6400/20000]	Loss: 1.9517 (2.2519) 	Acc: 93.75% (88.12%)
2025-05-13 19:41:20,303 - __main__ - INFO - Task id: 16	Train Epoch: 10 [12800/20000]	Loss: 2.6271 (2.2521) 	Acc: 87.50% (88.16%)
2025-05-13 19:42:30,758 - __main__ - INFO - Task id: 16	Train Epoch: 10 [19200/20000]	Loss: 1.8777 (2.2483) 	Acc: 100.00% (88.19%)
2025-05-13 19:42:56,545 - __main__ - INFO - Task id: 16
2025-05-13 19:42:56,546 - __main__ - INFO - Train Epoch: 10
2025-05-13 19:42:56,546 - __main__ - INFO - skirt_length mAP: 0.0000
2025-05-13 19:42:56,546 - __main__ - INFO - sleeve_length mAP: 0.0000
2025-05-13 19:42:56,546 - __main__ - INFO - coat_length mAP: 0.0000
2025-05-13 19:42:56,546 - __main__ - INFO - pant_length mAP: 0.0000
2025-05-13 19:42:56,546 - __main__ - INFO - collar_design mAP: 0.0000
2025-05-13 19:42:56,546 - __main__ - INFO - lapel_design mAP: 0.0000
2025-05-13 19:42:56,546 - __main__ - INFO - neckline_design mAP: 0.0000
2025-05-13 19:42:56,546 - __main__ - INFO - neck_design mAP: 0.0000
2025-05-13 19:42:56,546 - __main__ - INFO - texture-related mAP: 0.0000
2025-05-13 19:42:56,546 - __main__ - INFO - fabric-related mAP: 0.0000
2025-05-13 19:42:56,546 - __main__ - INFO - shape-related mAP: 0.0000
2025-05-13 19:42:56,546 - __main__ - INFO - part-related mAP: 0.0000
2025-05-13 19:42:56,546 - __main__ - INFO - style-related mAP: 0.0000
2025-05-13 19:42:56,546 - __main__ - INFO - clothes category mAP: 0.0000
2025-05-13 19:42:56,546 - __main__ - INFO - clothes button mAP: 0.0000
2025-05-13 19:42:56,546 - __main__ - INFO - clothes color mAP: 0.0000
2025-05-13 19:42:56,546 - __main__ - INFO - clothes length mAP: 34.2473
2025-05-13 19:42:56,546 - __main__ - INFO - clothes pattern mAP: 0.0000
2025-05-13 19:42:56,546 - __main__ - INFO - clothes shape mAP: 0.0000
2025-05-13 19:42:56,546 - __main__ - INFO - collar shape mAP: 0.0000
2025-05-13 19:42:56,546 - __main__ - INFO - sleeve length mAP: 0.0000
2025-05-13 19:42:56,546 - __main__ - INFO - sleeve shape mAP: 0.0000
2025-05-13 19:42:56,546 - __main__ - INFO - MeanAP: 34.2473

2025-05-13 19:42:57,174 - __main__ - INFO - lr:7.290000000000001e-05
2025-05-13 19:43:50,056 - __main__ - INFO - Task id: 17	Train Epoch: 1 [0/20000]	Loss: 3.4262 (3.4262) 	Acc: 43.75% (43.75%)
2025-05-13 19:44:59,851 - __main__ - INFO - Task id: 17	Train Epoch: 1 [6400/20000]	Loss: 2.4668 (2.6930) 	Acc: 81.25% (74.59%)
2025-05-13 19:46:08,917 - __main__ - INFO - Task id: 17	Train Epoch: 1 [12800/20000]	Loss: 1.6198 (2.4963) 	Acc: 100.00% (78.32%)
2025-05-13 19:47:17,952 - __main__ - INFO - Task id: 17	Train Epoch: 1 [19200/20000]	Loss: 2.3318 (2.3652) 	Acc: 87.50% (80.31%)
2025-05-13 19:48:44,666 - __main__ - INFO - Task id: 17
2025-05-13 19:48:44,666 - __main__ - INFO - Train Epoch: 1
2025-05-13 19:48:44,666 - __main__ - INFO - skirt_length mAP: 0.0000
2025-05-13 19:48:44,666 - __main__ - INFO - sleeve_length mAP: 0.0000
2025-05-13 19:48:44,666 - __main__ - INFO - coat_length mAP: 0.0000
2025-05-13 19:48:44,666 - __main__ - INFO - pant_length mAP: 0.0000
2025-05-13 19:48:44,666 - __main__ - INFO - collar_design mAP: 0.0000
2025-05-13 19:48:44,666 - __main__ - INFO - lapel_design mAP: 0.0000
2025-05-13 19:48:44,666 - __main__ - INFO - neckline_design mAP: 0.0000
2025-05-13 19:48:44,666 - __main__ - INFO - neck_design mAP: 0.0000
2025-05-13 19:48:44,666 - __main__ - INFO - texture-related mAP: 0.0000
2025-05-13 19:48:44,666 - __main__ - INFO - fabric-related mAP: 0.0000
2025-05-13 19:48:44,666 - __main__ - INFO - shape-related mAP: 0.0000
2025-05-13 19:48:44,666 - __main__ - INFO - part-related mAP: 0.0000
2025-05-13 19:48:44,666 - __main__ - INFO - style-related mAP: 0.0000
2025-05-13 19:48:44,666 - __main__ - INFO - clothes category mAP: 0.0000
2025-05-13 19:48:44,666 - __main__ - INFO - clothes button mAP: 0.0000
2025-05-13 19:48:44,666 - __main__ - INFO - clothes color mAP: 0.0000
2025-05-13 19:48:44,666 - __main__ - INFO - clothes length mAP: 0.0000
2025-05-13 19:48:44,666 - __main__ - INFO - clothes pattern mAP: 43.6796
2025-05-13 19:48:44,667 - __main__ - INFO - clothes shape mAP: 0.0000
2025-05-13 19:48:44,667 - __main__ - INFO - collar shape mAP: 0.0000
2025-05-13 19:48:44,667 - __main__ - INFO - sleeve length mAP: 0.0000
2025-05-13 19:48:44,667 - __main__ - INFO - sleeve shape mAP: 0.0000
2025-05-13 19:48:44,667 - __main__ - INFO - MeanAP: 43.6796

2025-05-13 19:48:46,940 - __main__ - INFO - lr:0.0001
2025-05-13 19:48:48,008 - __main__ - INFO - Task id: 17	Train Epoch: 2 [0/20000]	Loss: 1.4442 (1.4442) 	Acc: 100.00% (100.00%)
2025-05-13 19:49:59,167 - __main__ - INFO - Task id: 17	Train Epoch: 2 [6400/20000]	Loss: 1.6010 (1.9790) 	Acc: 100.00% (86.33%)
2025-05-13 19:51:09,522 - __main__ - INFO - Task id: 17	Train Epoch: 2 [12800/20000]	Loss: 1.3791 (1.9499) 	Acc: 93.75% (86.86%)
2025-05-13 19:52:19,089 - __main__ - INFO - Task id: 17	Train Epoch: 2 [19200/20000]	Loss: 1.9628 (1.9175) 	Acc: 93.75% (87.19%)
2025-05-13 19:53:38,296 - __main__ - INFO - Task id: 17
2025-05-13 19:53:38,297 - __main__ - INFO - Train Epoch: 2
2025-05-13 19:53:38,297 - __main__ - INFO - skirt_length mAP: 0.0000
2025-05-13 19:53:38,297 - __main__ - INFO - sleeve_length mAP: 0.0000
2025-05-13 19:53:38,297 - __main__ - INFO - coat_length mAP: 0.0000
2025-05-13 19:53:38,297 - __main__ - INFO - pant_length mAP: 0.0000
2025-05-13 19:53:38,297 - __main__ - INFO - collar_design mAP: 0.0000
2025-05-13 19:53:38,297 - __main__ - INFO - lapel_design mAP: 0.0000
2025-05-13 19:53:38,297 - __main__ - INFO - neckline_design mAP: 0.0000
2025-05-13 19:53:38,297 - __main__ - INFO - neck_design mAP: 0.0000
2025-05-13 19:53:38,297 - __main__ - INFO - texture-related mAP: 0.0000
2025-05-13 19:53:38,297 - __main__ - INFO - fabric-related mAP: 0.0000
2025-05-13 19:53:38,297 - __main__ - INFO - shape-related mAP: 0.0000
2025-05-13 19:53:38,297 - __main__ - INFO - part-related mAP: 0.0000
2025-05-13 19:53:38,297 - __main__ - INFO - style-related mAP: 0.0000
2025-05-13 19:53:38,297 - __main__ - INFO - clothes category mAP: 0.0000
2025-05-13 19:53:38,297 - __main__ - INFO - clothes button mAP: 0.0000
2025-05-13 19:53:38,297 - __main__ - INFO - clothes color mAP: 0.0000
2025-05-13 19:53:38,297 - __main__ - INFO - clothes length mAP: 0.0000
2025-05-13 19:53:38,297 - __main__ - INFO - clothes pattern mAP: 44.0283
2025-05-13 19:53:38,297 - __main__ - INFO - clothes shape mAP: 0.0000
2025-05-13 19:53:38,297 - __main__ - INFO - collar shape mAP: 0.0000
2025-05-13 19:53:38,297 - __main__ - INFO - sleeve length mAP: 0.0000
2025-05-13 19:53:38,297 - __main__ - INFO - sleeve shape mAP: 0.0000
2025-05-13 19:53:38,297 - __main__ - INFO - MeanAP: 44.0283

2025-05-13 19:53:39,561 - __main__ - INFO - lr:0.0001
2025-05-13 19:53:40,577 - __main__ - INFO - Task id: 17	Train Epoch: 3 [0/20000]	Loss: 1.7569 (1.7569) 	Acc: 100.00% (100.00%)
2025-05-13 19:54:51,008 - __main__ - INFO - Task id: 17	Train Epoch: 3 [6400/20000]	Loss: 2.1749 (1.8130) 	Acc: 68.75% (88.95%)
2025-05-13 19:56:00,683 - __main__ - INFO - Task id: 17	Train Epoch: 3 [12800/20000]	Loss: 1.7996 (1.7792) 	Acc: 100.00% (89.39%)
2025-05-13 19:57:09,825 - __main__ - INFO - Task id: 17	Train Epoch: 3 [19200/20000]	Loss: 1.7617 (1.7411) 	Acc: 87.50% (89.96%)
2025-05-13 19:58:28,328 - __main__ - INFO - Task id: 17
2025-05-13 19:58:28,328 - __main__ - INFO - Train Epoch: 3
2025-05-13 19:58:28,329 - __main__ - INFO - skirt_length mAP: 0.0000
2025-05-13 19:58:28,329 - __main__ - INFO - sleeve_length mAP: 0.0000
2025-05-13 19:58:28,329 - __main__ - INFO - coat_length mAP: 0.0000
2025-05-13 19:58:28,329 - __main__ - INFO - pant_length mAP: 0.0000
2025-05-13 19:58:28,329 - __main__ - INFO - collar_design mAP: 0.0000
2025-05-13 19:58:28,329 - __main__ - INFO - lapel_design mAP: 0.0000
2025-05-13 19:58:28,329 - __main__ - INFO - neckline_design mAP: 0.0000
2025-05-13 19:58:28,329 - __main__ - INFO - neck_design mAP: 0.0000
2025-05-13 19:58:28,329 - __main__ - INFO - texture-related mAP: 0.0000
2025-05-13 19:58:28,329 - __main__ - INFO - fabric-related mAP: 0.0000
2025-05-13 19:58:28,329 - __main__ - INFO - shape-related mAP: 0.0000
2025-05-13 19:58:28,329 - __main__ - INFO - part-related mAP: 0.0000
2025-05-13 19:58:28,329 - __main__ - INFO - style-related mAP: 0.0000
2025-05-13 19:58:28,329 - __main__ - INFO - clothes category mAP: 0.0000
2025-05-13 19:58:28,329 - __main__ - INFO - clothes button mAP: 0.0000
2025-05-13 19:58:28,329 - __main__ - INFO - clothes color mAP: 0.0000
2025-05-13 19:58:28,329 - __main__ - INFO - clothes length mAP: 0.0000
2025-05-13 19:58:28,329 - __main__ - INFO - clothes pattern mAP: 44.7649
2025-05-13 19:58:28,329 - __main__ - INFO - clothes shape mAP: 0.0000
2025-05-13 19:58:28,329 - __main__ - INFO - collar shape mAP: 0.0000
2025-05-13 19:58:28,329 - __main__ - INFO - sleeve length mAP: 0.0000
2025-05-13 19:58:28,329 - __main__ - INFO - sleeve shape mAP: 0.0000
2025-05-13 19:58:28,329 - __main__ - INFO - MeanAP: 44.7649

2025-05-13 19:58:29,613 - __main__ - INFO - lr:9e-05
2025-05-13 19:58:30,629 - __main__ - INFO - Task id: 17	Train Epoch: 4 [0/20000]	Loss: 1.6718 (1.6718) 	Acc: 93.75% (93.75%)
2025-05-13 19:59:41,202 - __main__ - INFO - Task id: 17	Train Epoch: 4 [6400/20000]	Loss: 1.3159 (1.6228) 	Acc: 93.75% (91.40%)
2025-05-13 20:00:50,451 - __main__ - INFO - Task id: 17	Train Epoch: 4 [12800/20000]	Loss: 1.3687 (1.6041) 	Acc: 93.75% (91.61%)
2025-05-13 20:01:59,313 - __main__ - INFO - Task id: 17	Train Epoch: 4 [19200/20000]	Loss: 1.7963 (1.5814) 	Acc: 87.50% (92.12%)
2025-05-13 20:03:15,649 - __main__ - INFO - Task id: 17
2025-05-13 20:03:15,649 - __main__ - INFO - Train Epoch: 4
2025-05-13 20:03:15,649 - __main__ - INFO - skirt_length mAP: 0.0000
2025-05-13 20:03:15,649 - __main__ - INFO - sleeve_length mAP: 0.0000
2025-05-13 20:03:15,649 - __main__ - INFO - coat_length mAP: 0.0000
2025-05-13 20:03:15,649 - __main__ - INFO - pant_length mAP: 0.0000
2025-05-13 20:03:15,649 - __main__ - INFO - collar_design mAP: 0.0000
2025-05-13 20:03:15,649 - __main__ - INFO - lapel_design mAP: 0.0000
2025-05-13 20:03:15,649 - __main__ - INFO - neckline_design mAP: 0.0000
2025-05-13 20:03:15,649 - __main__ - INFO - neck_design mAP: 0.0000
2025-05-13 20:03:15,649 - __main__ - INFO - texture-related mAP: 0.0000
2025-05-13 20:03:15,649 - __main__ - INFO - fabric-related mAP: 0.0000
2025-05-13 20:03:15,649 - __main__ - INFO - shape-related mAP: 0.0000
2025-05-13 20:03:15,649 - __main__ - INFO - part-related mAP: 0.0000
2025-05-13 20:03:15,649 - __main__ - INFO - style-related mAP: 0.0000
2025-05-13 20:03:15,649 - __main__ - INFO - clothes category mAP: 0.0000
2025-05-13 20:03:15,649 - __main__ - INFO - clothes button mAP: 0.0000
2025-05-13 20:03:15,650 - __main__ - INFO - clothes color mAP: 0.0000
2025-05-13 20:03:15,650 - __main__ - INFO - clothes length mAP: 0.0000
2025-05-13 20:03:15,650 - __main__ - INFO - clothes pattern mAP: 44.5232
2025-05-13 20:03:15,650 - __main__ - INFO - clothes shape mAP: 0.0000
2025-05-13 20:03:15,650 - __main__ - INFO - collar shape mAP: 0.0000
2025-05-13 20:03:15,650 - __main__ - INFO - sleeve length mAP: 0.0000
2025-05-13 20:03:15,650 - __main__ - INFO - sleeve shape mAP: 0.0000
2025-05-13 20:03:15,650 - __main__ - INFO - MeanAP: 44.5232

2025-05-13 20:03:16,282 - __main__ - INFO - lr:9e-05
2025-05-13 20:03:17,333 - __main__ - INFO - Task id: 17	Train Epoch: 5 [0/20000]	Loss: 1.6274 (1.6274) 	Acc: 100.00% (100.00%)
2025-05-13 20:04:27,202 - __main__ - INFO - Task id: 17	Train Epoch: 5 [6400/20000]	Loss: 1.4827 (1.5353) 	Acc: 93.75% (93.75%)
2025-05-13 20:05:36,166 - __main__ - INFO - Task id: 17	Train Epoch: 5 [12800/20000]	Loss: 1.7170 (1.5225) 	Acc: 100.00% (93.68%)
2025-05-13 20:06:45,766 - __main__ - INFO - Task id: 17	Train Epoch: 5 [19200/20000]	Loss: 1.8278 (1.5146) 	Acc: 87.50% (93.71%)
2025-05-13 20:08:03,636 - __main__ - INFO - Task id: 17
2025-05-13 20:08:03,636 - __main__ - INFO - Train Epoch: 5
2025-05-13 20:08:03,636 - __main__ - INFO - skirt_length mAP: 0.0000
2025-05-13 20:08:03,636 - __main__ - INFO - sleeve_length mAP: 0.0000
2025-05-13 20:08:03,636 - __main__ - INFO - coat_length mAP: 0.0000
2025-05-13 20:08:03,636 - __main__ - INFO - pant_length mAP: 0.0000
2025-05-13 20:08:03,636 - __main__ - INFO - collar_design mAP: 0.0000
2025-05-13 20:08:03,636 - __main__ - INFO - lapel_design mAP: 0.0000
2025-05-13 20:08:03,636 - __main__ - INFO - neckline_design mAP: 0.0000
2025-05-13 20:08:03,636 - __main__ - INFO - neck_design mAP: 0.0000
2025-05-13 20:08:03,636 - __main__ - INFO - texture-related mAP: 0.0000
2025-05-13 20:08:03,636 - __main__ - INFO - fabric-related mAP: 0.0000
2025-05-13 20:08:03,636 - __main__ - INFO - shape-related mAP: 0.0000
2025-05-13 20:08:03,636 - __main__ - INFO - part-related mAP: 0.0000
2025-05-13 20:08:03,636 - __main__ - INFO - style-related mAP: 0.0000
2025-05-13 20:08:03,636 - __main__ - INFO - clothes category mAP: 0.0000
2025-05-13 20:08:03,636 - __main__ - INFO - clothes button mAP: 0.0000
2025-05-13 20:08:03,636 - __main__ - INFO - clothes color mAP: 0.0000
2025-05-13 20:08:03,636 - __main__ - INFO - clothes length mAP: 0.0000
2025-05-13 20:08:03,636 - __main__ - INFO - clothes pattern mAP: 44.9196
2025-05-13 20:08:03,636 - __main__ - INFO - clothes shape mAP: 0.0000
2025-05-13 20:08:03,636 - __main__ - INFO - collar shape mAP: 0.0000
2025-05-13 20:08:03,637 - __main__ - INFO - sleeve length mAP: 0.0000
2025-05-13 20:08:03,637 - __main__ - INFO - sleeve shape mAP: 0.0000
2025-05-13 20:08:03,637 - __main__ - INFO - MeanAP: 44.9196

2025-05-13 20:08:04,976 - __main__ - INFO - lr:9e-05
2025-05-13 20:08:06,041 - __main__ - INFO - Task id: 17	Train Epoch: 6 [0/20000]	Loss: 1.5591 (1.5591) 	Acc: 100.00% (100.00%)
2025-05-13 20:09:15,249 - __main__ - INFO - Task id: 17	Train Epoch: 6 [6400/20000]	Loss: 1.0513 (1.4788) 	Acc: 87.50% (93.56%)
2025-05-13 20:10:23,945 - __main__ - INFO - Task id: 17	Train Epoch: 6 [12800/20000]	Loss: 1.2804 (1.4599) 	Acc: 100.00% (94.07%)
2025-05-13 20:11:33,042 - __main__ - INFO - Task id: 17	Train Epoch: 6 [19200/20000]	Loss: 1.1901 (1.4445) 	Acc: 100.00% (94.26%)
2025-05-13 20:12:52,663 - __main__ - INFO - Task id: 17
2025-05-13 20:12:52,663 - __main__ - INFO - Train Epoch: 6
2025-05-13 20:12:52,663 - __main__ - INFO - skirt_length mAP: 0.0000
2025-05-13 20:12:52,663 - __main__ - INFO - sleeve_length mAP: 0.0000
2025-05-13 20:12:52,663 - __main__ - INFO - coat_length mAP: 0.0000
2025-05-13 20:12:52,663 - __main__ - INFO - pant_length mAP: 0.0000
2025-05-13 20:12:52,663 - __main__ - INFO - collar_design mAP: 0.0000
2025-05-13 20:12:52,663 - __main__ - INFO - lapel_design mAP: 0.0000
2025-05-13 20:12:52,664 - __main__ - INFO - neckline_design mAP: 0.0000
2025-05-13 20:12:52,664 - __main__ - INFO - neck_design mAP: 0.0000
2025-05-13 20:12:52,664 - __main__ - INFO - texture-related mAP: 0.0000
2025-05-13 20:12:52,664 - __main__ - INFO - fabric-related mAP: 0.0000
2025-05-13 20:12:52,664 - __main__ - INFO - shape-related mAP: 0.0000
2025-05-13 20:12:52,664 - __main__ - INFO - part-related mAP: 0.0000
2025-05-13 20:12:52,664 - __main__ - INFO - style-related mAP: 0.0000
2025-05-13 20:12:52,664 - __main__ - INFO - clothes category mAP: 0.0000
2025-05-13 20:12:52,664 - __main__ - INFO - clothes button mAP: 0.0000
2025-05-13 20:12:52,664 - __main__ - INFO - clothes color mAP: 0.0000
2025-05-13 20:12:52,664 - __main__ - INFO - clothes length mAP: 0.0000
2025-05-13 20:12:52,664 - __main__ - INFO - clothes pattern mAP: 44.5772
2025-05-13 20:12:52,664 - __main__ - INFO - clothes shape mAP: 0.0000
2025-05-13 20:12:52,664 - __main__ - INFO - collar shape mAP: 0.0000
2025-05-13 20:12:52,664 - __main__ - INFO - sleeve length mAP: 0.0000
2025-05-13 20:12:52,664 - __main__ - INFO - sleeve shape mAP: 0.0000
2025-05-13 20:12:52,664 - __main__ - INFO - MeanAP: 44.5772

2025-05-13 20:12:53,292 - __main__ - INFO - lr:8.1e-05
2025-05-13 20:12:54,347 - __main__ - INFO - Task id: 17	Train Epoch: 7 [0/20000]	Loss: 1.4852 (1.4852) 	Acc: 100.00% (100.00%)
2025-05-13 20:14:04,582 - __main__ - INFO - Task id: 17	Train Epoch: 7 [6400/20000]	Loss: 1.3631 (1.3907) 	Acc: 93.75% (94.95%)
2025-05-13 20:15:13,771 - __main__ - INFO - Task id: 17	Train Epoch: 7 [12800/20000]	Loss: 1.1320 (1.3730) 	Acc: 100.00% (95.15%)
2025-05-13 20:16:23,442 - __main__ - INFO - Task id: 17	Train Epoch: 7 [19200/20000]	Loss: 1.4839 (1.3602) 	Acc: 93.75% (95.34%)
2025-05-13 20:17:39,831 - __main__ - INFO - Task id: 17
2025-05-13 20:17:39,832 - __main__ - INFO - Train Epoch: 7
2025-05-13 20:17:39,832 - __main__ - INFO - skirt_length mAP: 0.0000
2025-05-13 20:17:39,832 - __main__ - INFO - sleeve_length mAP: 0.0000
2025-05-13 20:17:39,832 - __main__ - INFO - coat_length mAP: 0.0000
2025-05-13 20:17:39,832 - __main__ - INFO - pant_length mAP: 0.0000
2025-05-13 20:17:39,832 - __main__ - INFO - collar_design mAP: 0.0000
2025-05-13 20:17:39,832 - __main__ - INFO - lapel_design mAP: 0.0000
2025-05-13 20:17:39,832 - __main__ - INFO - neckline_design mAP: 0.0000
2025-05-13 20:17:39,832 - __main__ - INFO - neck_design mAP: 0.0000
2025-05-13 20:17:39,832 - __main__ - INFO - texture-related mAP: 0.0000
2025-05-13 20:17:39,832 - __main__ - INFO - fabric-related mAP: 0.0000
2025-05-13 20:17:39,832 - __main__ - INFO - shape-related mAP: 0.0000
2025-05-13 20:17:39,832 - __main__ - INFO - part-related mAP: 0.0000
2025-05-13 20:17:39,832 - __main__ - INFO - style-related mAP: 0.0000
2025-05-13 20:17:39,832 - __main__ - INFO - clothes category mAP: 0.0000
2025-05-13 20:17:39,832 - __main__ - INFO - clothes button mAP: 0.0000
2025-05-13 20:17:39,832 - __main__ - INFO - clothes color mAP: 0.0000
2025-05-13 20:17:39,832 - __main__ - INFO - clothes length mAP: 0.0000
2025-05-13 20:17:39,832 - __main__ - INFO - clothes pattern mAP: 44.8780
2025-05-13 20:17:39,832 - __main__ - INFO - clothes shape mAP: 0.0000
2025-05-13 20:17:39,832 - __main__ - INFO - collar shape mAP: 0.0000
2025-05-13 20:17:39,832 - __main__ - INFO - sleeve length mAP: 0.0000
2025-05-13 20:17:39,832 - __main__ - INFO - sleeve shape mAP: 0.0000
2025-05-13 20:17:39,832 - __main__ - INFO - MeanAP: 44.8780

2025-05-13 20:17:40,463 - __main__ - INFO - lr:8.1e-05
2025-05-13 20:17:41,590 - __main__ - INFO - Task id: 17	Train Epoch: 8 [0/20000]	Loss: 1.2557 (1.2557) 	Acc: 93.75% (93.75%)
2025-05-13 20:18:52,346 - __main__ - INFO - Task id: 17	Train Epoch: 8 [6400/20000]	Loss: 1.2230 (1.3733) 	Acc: 100.00% (95.43%)
2025-05-13 20:20:02,276 - __main__ - INFO - Task id: 17	Train Epoch: 8 [12800/20000]	Loss: 1.4492 (1.3608) 	Acc: 93.75% (95.29%)
2025-05-13 20:21:11,396 - __main__ - INFO - Task id: 17	Train Epoch: 8 [19200/20000]	Loss: 1.3958 (1.3555) 	Acc: 100.00% (95.22%)
2025-05-13 20:22:29,726 - __main__ - INFO - Task id: 17
2025-05-13 20:22:29,726 - __main__ - INFO - Train Epoch: 8
2025-05-13 20:22:29,726 - __main__ - INFO - skirt_length mAP: 0.0000
2025-05-13 20:22:29,726 - __main__ - INFO - sleeve_length mAP: 0.0000
2025-05-13 20:22:29,727 - __main__ - INFO - coat_length mAP: 0.0000
2025-05-13 20:22:29,727 - __main__ - INFO - pant_length mAP: 0.0000
2025-05-13 20:22:29,727 - __main__ - INFO - collar_design mAP: 0.0000
2025-05-13 20:22:29,727 - __main__ - INFO - lapel_design mAP: 0.0000
2025-05-13 20:22:29,727 - __main__ - INFO - neckline_design mAP: 0.0000
2025-05-13 20:22:29,727 - __main__ - INFO - neck_design mAP: 0.0000
2025-05-13 20:22:29,727 - __main__ - INFO - texture-related mAP: 0.0000
2025-05-13 20:22:29,727 - __main__ - INFO - fabric-related mAP: 0.0000
2025-05-13 20:22:29,727 - __main__ - INFO - shape-related mAP: 0.0000
2025-05-13 20:22:29,727 - __main__ - INFO - part-related mAP: 0.0000
2025-05-13 20:22:29,727 - __main__ - INFO - style-related mAP: 0.0000
2025-05-13 20:22:29,727 - __main__ - INFO - clothes category mAP: 0.0000
2025-05-13 20:22:29,727 - __main__ - INFO - clothes button mAP: 0.0000
2025-05-13 20:22:29,727 - __main__ - INFO - clothes color mAP: 0.0000
2025-05-13 20:22:29,727 - __main__ - INFO - clothes length mAP: 0.0000
2025-05-13 20:22:29,727 - __main__ - INFO - clothes pattern mAP: 44.4127
2025-05-13 20:22:29,727 - __main__ - INFO - clothes shape mAP: 0.0000
2025-05-13 20:22:29,727 - __main__ - INFO - collar shape mAP: 0.0000
2025-05-13 20:22:29,727 - __main__ - INFO - sleeve length mAP: 0.0000
2025-05-13 20:22:29,727 - __main__ - INFO - sleeve shape mAP: 0.0000
2025-05-13 20:22:29,727 - __main__ - INFO - MeanAP: 44.4127

2025-05-13 20:22:30,365 - __main__ - INFO - lr:8.1e-05
2025-05-13 20:22:31,413 - __main__ - INFO - Task id: 17	Train Epoch: 9 [0/20000]	Loss: 1.4543 (1.4543) 	Acc: 93.75% (93.75%)
2025-05-13 20:23:41,647 - __main__ - INFO - Task id: 17	Train Epoch: 9 [6400/20000]	Loss: 1.4917 (1.3000) 	Acc: 93.75% (95.96%)
2025-05-13 20:24:50,944 - __main__ - INFO - Task id: 17	Train Epoch: 9 [12800/20000]	Loss: 1.4446 (1.2907) 	Acc: 100.00% (96.30%)
2025-05-13 20:25:59,865 - __main__ - INFO - Task id: 17	Train Epoch: 9 [19200/20000]	Loss: 1.3517 (1.2930) 	Acc: 100.00% (96.19%)
2025-05-13 20:27:18,343 - __main__ - INFO - Task id: 17
2025-05-13 20:27:18,344 - __main__ - INFO - Train Epoch: 9
2025-05-13 20:27:18,344 - __main__ - INFO - skirt_length mAP: 0.0000
2025-05-13 20:27:18,344 - __main__ - INFO - sleeve_length mAP: 0.0000
2025-05-13 20:27:18,344 - __main__ - INFO - coat_length mAP: 0.0000
2025-05-13 20:27:18,344 - __main__ - INFO - pant_length mAP: 0.0000
2025-05-13 20:27:18,344 - __main__ - INFO - collar_design mAP: 0.0000
2025-05-13 20:27:18,344 - __main__ - INFO - lapel_design mAP: 0.0000
2025-05-13 20:27:18,344 - __main__ - INFO - neckline_design mAP: 0.0000
2025-05-13 20:27:18,344 - __main__ - INFO - neck_design mAP: 0.0000
2025-05-13 20:27:18,344 - __main__ - INFO - texture-related mAP: 0.0000
2025-05-13 20:27:18,344 - __main__ - INFO - fabric-related mAP: 0.0000
2025-05-13 20:27:18,344 - __main__ - INFO - shape-related mAP: 0.0000
2025-05-13 20:27:18,344 - __main__ - INFO - part-related mAP: 0.0000
2025-05-13 20:27:18,344 - __main__ - INFO - style-related mAP: 0.0000
2025-05-13 20:27:18,344 - __main__ - INFO - clothes category mAP: 0.0000
2025-05-13 20:27:18,344 - __main__ - INFO - clothes button mAP: 0.0000
2025-05-13 20:27:18,344 - __main__ - INFO - clothes color mAP: 0.0000
2025-05-13 20:27:18,344 - __main__ - INFO - clothes length mAP: 0.0000
2025-05-13 20:27:18,344 - __main__ - INFO - clothes pattern mAP: 44.1507
2025-05-13 20:27:18,344 - __main__ - INFO - clothes shape mAP: 0.0000
2025-05-13 20:27:18,344 - __main__ - INFO - collar shape mAP: 0.0000
2025-05-13 20:27:18,344 - __main__ - INFO - sleeve length mAP: 0.0000
2025-05-13 20:27:18,344 - __main__ - INFO - sleeve shape mAP: 0.0000
2025-05-13 20:27:18,344 - __main__ - INFO - MeanAP: 44.1507

2025-05-13 20:27:18,989 - __main__ - INFO - lr:7.290000000000001e-05
2025-05-13 20:27:20,056 - __main__ - INFO - Task id: 17	Train Epoch: 10 [0/20000]	Loss: 1.1879 (1.1879) 	Acc: 100.00% (100.00%)
2025-05-13 20:28:29,852 - __main__ - INFO - Task id: 17	Train Epoch: 10 [6400/20000]	Loss: 1.5826 (1.2965) 	Acc: 93.75% (96.15%)
2025-05-13 20:29:38,113 - __main__ - INFO - Task id: 17	Train Epoch: 10 [12800/20000]	Loss: 1.4140 (1.2822) 	Acc: 100.00% (96.44%)
2025-05-13 20:30:46,398 - __main__ - INFO - Task id: 17	Train Epoch: 10 [19200/20000]	Loss: 1.1034 (1.2758) 	Acc: 100.00% (96.50%)
2025-05-13 20:32:04,065 - __main__ - INFO - Task id: 17
2025-05-13 20:32:04,066 - __main__ - INFO - Train Epoch: 10
2025-05-13 20:32:04,066 - __main__ - INFO - skirt_length mAP: 0.0000
2025-05-13 20:32:04,066 - __main__ - INFO - sleeve_length mAP: 0.0000
2025-05-13 20:32:04,066 - __main__ - INFO - coat_length mAP: 0.0000
2025-05-13 20:32:04,066 - __main__ - INFO - pant_length mAP: 0.0000
2025-05-13 20:32:04,066 - __main__ - INFO - collar_design mAP: 0.0000
2025-05-13 20:32:04,066 - __main__ - INFO - lapel_design mAP: 0.0000
2025-05-13 20:32:04,066 - __main__ - INFO - neckline_design mAP: 0.0000
2025-05-13 20:32:04,066 - __main__ - INFO - neck_design mAP: 0.0000
2025-05-13 20:32:04,066 - __main__ - INFO - texture-related mAP: 0.0000
2025-05-13 20:32:04,066 - __main__ - INFO - fabric-related mAP: 0.0000
2025-05-13 20:32:04,066 - __main__ - INFO - shape-related mAP: 0.0000
2025-05-13 20:32:04,066 - __main__ - INFO - part-related mAP: 0.0000
2025-05-13 20:32:04,066 - __main__ - INFO - style-related mAP: 0.0000
2025-05-13 20:32:04,066 - __main__ - INFO - clothes category mAP: 0.0000
2025-05-13 20:32:04,066 - __main__ - INFO - clothes button mAP: 0.0000
2025-05-13 20:32:04,066 - __main__ - INFO - clothes color mAP: 0.0000
2025-05-13 20:32:04,066 - __main__ - INFO - clothes length mAP: 0.0000
2025-05-13 20:32:04,066 - __main__ - INFO - clothes pattern mAP: 44.8195
2025-05-13 20:32:04,066 - __main__ - INFO - clothes shape mAP: 0.0000
2025-05-13 20:32:04,066 - __main__ - INFO - collar shape mAP: 0.0000
2025-05-13 20:32:04,066 - __main__ - INFO - sleeve length mAP: 0.0000
2025-05-13 20:32:04,066 - __main__ - INFO - sleeve shape mAP: 0.0000
2025-05-13 20:32:04,066 - __main__ - INFO - MeanAP: 44.8195

2025-05-13 20:32:04,706 - __main__ - INFO - lr:7.290000000000001e-05
2025-05-13 20:32:33,524 - __main__ - INFO - Task id: 18	Train Epoch: 1 [0/20000]	Loss: 3.4493 (3.4493) 	Acc: 68.75% (68.75%)
2025-05-13 20:33:44,410 - __main__ - INFO - Task id: 18	Train Epoch: 1 [6400/20000]	Loss: 2.4382 (2.9288) 	Acc: 75.00% (69.58%)
2025-05-13 20:34:54,176 - __main__ - INFO - Task id: 18	Train Epoch: 1 [12800/20000]	Loss: 2.2202 (2.7291) 	Acc: 87.50% (73.70%)
2025-05-13 20:36:03,769 - __main__ - INFO - Task id: 18	Train Epoch: 1 [19200/20000]	Loss: 2.5471 (2.6061) 	Acc: 68.75% (76.42%)
2025-05-13 20:37:04,534 - __main__ - INFO - Task id: 18
2025-05-13 20:37:04,535 - __main__ - INFO - Train Epoch: 1
2025-05-13 20:37:04,535 - __main__ - INFO - skirt_length mAP: 0.0000
2025-05-13 20:37:04,535 - __main__ - INFO - sleeve_length mAP: 0.0000
2025-05-13 20:37:04,535 - __main__ - INFO - coat_length mAP: 0.0000
2025-05-13 20:37:04,535 - __main__ - INFO - pant_length mAP: 0.0000
2025-05-13 20:37:04,535 - __main__ - INFO - collar_design mAP: 0.0000
2025-05-13 20:37:04,535 - __main__ - INFO - lapel_design mAP: 0.0000
2025-05-13 20:37:04,535 - __main__ - INFO - neckline_design mAP: 0.0000
2025-05-13 20:37:04,535 - __main__ - INFO - neck_design mAP: 0.0000
2025-05-13 20:37:04,535 - __main__ - INFO - texture-related mAP: 0.0000
2025-05-13 20:37:04,535 - __main__ - INFO - fabric-related mAP: 0.0000
2025-05-13 20:37:04,535 - __main__ - INFO - shape-related mAP: 0.0000
2025-05-13 20:37:04,535 - __main__ - INFO - part-related mAP: 0.0000
2025-05-13 20:37:04,535 - __main__ - INFO - style-related mAP: 0.0000
2025-05-13 20:37:04,535 - __main__ - INFO - clothes category mAP: 0.0000
2025-05-13 20:37:04,535 - __main__ - INFO - clothes button mAP: 0.0000
2025-05-13 20:37:04,535 - __main__ - INFO - clothes color mAP: 0.0000
2025-05-13 20:37:04,535 - __main__ - INFO - clothes length mAP: 0.0000
2025-05-13 20:37:04,535 - __main__ - INFO - clothes pattern mAP: 0.0000
2025-05-13 20:37:04,535 - __main__ - INFO - clothes shape mAP: 39.9156
2025-05-13 20:37:04,535 - __main__ - INFO - collar shape mAP: 0.0000
2025-05-13 20:37:04,535 - __main__ - INFO - sleeve length mAP: 0.0000
2025-05-13 20:37:04,535 - __main__ - INFO - sleeve shape mAP: 0.0000
2025-05-13 20:37:04,535 - __main__ - INFO - MeanAP: 39.9156

2025-05-13 20:37:06,092 - __main__ - INFO - lr:0.0001
2025-05-13 20:37:07,281 - __main__ - INFO - Task id: 18	Train Epoch: 2 [0/20000]	Loss: 2.1863 (2.1863) 	Acc: 81.25% (81.25%)
2025-05-13 20:38:18,049 - __main__ - INFO - Task id: 18	Train Epoch: 2 [6400/20000]	Loss: 2.0097 (2.2413) 	Acc: 81.25% (83.74%)
2025-05-13 20:39:28,275 - __main__ - INFO - Task id: 18	Train Epoch: 2 [12800/20000]	Loss: 1.8089 (2.2045) 	Acc: 100.00% (84.22%)
2025-05-13 20:40:37,587 - __main__ - INFO - Task id: 18	Train Epoch: 2 [19200/20000]	Loss: 1.5822 (2.1665) 	Acc: 93.75% (84.38%)
2025-05-13 20:41:31,689 - __main__ - INFO - Task id: 18
2025-05-13 20:41:31,689 - __main__ - INFO - Train Epoch: 2
2025-05-13 20:41:31,689 - __main__ - INFO - skirt_length mAP: 0.0000
2025-05-13 20:41:31,689 - __main__ - INFO - sleeve_length mAP: 0.0000
2025-05-13 20:41:31,689 - __main__ - INFO - coat_length mAP: 0.0000
2025-05-13 20:41:31,689 - __main__ - INFO - pant_length mAP: 0.0000
2025-05-13 20:41:31,689 - __main__ - INFO - collar_design mAP: 0.0000
2025-05-13 20:41:31,689 - __main__ - INFO - lapel_design mAP: 0.0000
2025-05-13 20:41:31,690 - __main__ - INFO - neckline_design mAP: 0.0000
2025-05-13 20:41:31,690 - __main__ - INFO - neck_design mAP: 0.0000
2025-05-13 20:41:31,690 - __main__ - INFO - texture-related mAP: 0.0000
2025-05-13 20:41:31,690 - __main__ - INFO - fabric-related mAP: 0.0000
2025-05-13 20:41:31,690 - __main__ - INFO - shape-related mAP: 0.0000
2025-05-13 20:41:31,690 - __main__ - INFO - part-related mAP: 0.0000
2025-05-13 20:41:31,690 - __main__ - INFO - style-related mAP: 0.0000
2025-05-13 20:41:31,690 - __main__ - INFO - clothes category mAP: 0.0000
2025-05-13 20:41:31,690 - __main__ - INFO - clothes button mAP: 0.0000
2025-05-13 20:41:31,690 - __main__ - INFO - clothes color mAP: 0.0000
2025-05-13 20:41:31,690 - __main__ - INFO - clothes length mAP: 0.0000
2025-05-13 20:41:31,690 - __main__ - INFO - clothes pattern mAP: 0.0000
2025-05-13 20:41:31,690 - __main__ - INFO - clothes shape mAP: 39.9073
2025-05-13 20:41:31,690 - __main__ - INFO - collar shape mAP: 0.0000
2025-05-13 20:41:31,690 - __main__ - INFO - sleeve length mAP: 0.0000
2025-05-13 20:41:31,690 - __main__ - INFO - sleeve shape mAP: 0.0000
2025-05-13 20:41:31,690 - __main__ - INFO - MeanAP: 39.9073

2025-05-13 20:41:32,300 - __main__ - INFO - lr:0.0001
2025-05-13 20:41:33,692 - __main__ - INFO - Task id: 18	Train Epoch: 3 [0/20000]	Loss: 2.0163 (2.0163) 	Acc: 81.25% (81.25%)
2025-05-13 20:42:42,764 - __main__ - INFO - Task id: 18	Train Epoch: 3 [6400/20000]	Loss: 2.1014 (2.0442) 	Acc: 68.75% (85.40%)
2025-05-13 20:43:51,440 - __main__ - INFO - Task id: 18	Train Epoch: 3 [12800/20000]	Loss: 2.0356 (2.0161) 	Acc: 81.25% (85.85%)
2025-05-13 20:45:00,318 - __main__ - INFO - Task id: 18	Train Epoch: 3 [19200/20000]	Loss: 1.6367 (1.9970) 	Acc: 87.50% (86.04%)
2025-05-13 20:45:55,080 - __main__ - INFO - Task id: 18
2025-05-13 20:45:55,081 - __main__ - INFO - Train Epoch: 3
2025-05-13 20:45:55,081 - __main__ - INFO - skirt_length mAP: 0.0000
2025-05-13 20:45:55,081 - __main__ - INFO - sleeve_length mAP: 0.0000
2025-05-13 20:45:55,081 - __main__ - INFO - coat_length mAP: 0.0000
2025-05-13 20:45:55,081 - __main__ - INFO - pant_length mAP: 0.0000
2025-05-13 20:45:55,081 - __main__ - INFO - collar_design mAP: 0.0000
2025-05-13 20:45:55,081 - __main__ - INFO - lapel_design mAP: 0.0000
2025-05-13 20:45:55,081 - __main__ - INFO - neckline_design mAP: 0.0000
2025-05-13 20:45:55,081 - __main__ - INFO - neck_design mAP: 0.0000
2025-05-13 20:45:55,081 - __main__ - INFO - texture-related mAP: 0.0000
2025-05-13 20:45:55,081 - __main__ - INFO - fabric-related mAP: 0.0000
2025-05-13 20:45:55,081 - __main__ - INFO - shape-related mAP: 0.0000
2025-05-13 20:45:55,081 - __main__ - INFO - part-related mAP: 0.0000
2025-05-13 20:45:55,081 - __main__ - INFO - style-related mAP: 0.0000
2025-05-13 20:45:55,081 - __main__ - INFO - clothes category mAP: 0.0000
2025-05-13 20:45:55,081 - __main__ - INFO - clothes button mAP: 0.0000
2025-05-13 20:45:55,081 - __main__ - INFO - clothes color mAP: 0.0000
2025-05-13 20:45:55,081 - __main__ - INFO - clothes length mAP: 0.0000
2025-05-13 20:45:55,081 - __main__ - INFO - clothes pattern mAP: 0.0000
2025-05-13 20:45:55,081 - __main__ - INFO - clothes shape mAP: 39.6848
2025-05-13 20:45:55,081 - __main__ - INFO - collar shape mAP: 0.0000
2025-05-13 20:45:55,081 - __main__ - INFO - sleeve length mAP: 0.0000
2025-05-13 20:45:55,081 - __main__ - INFO - sleeve shape mAP: 0.0000
2025-05-13 20:45:55,082 - __main__ - INFO - MeanAP: 39.6848

2025-05-13 20:45:55,689 - __main__ - INFO - lr:9e-05
2025-05-13 20:45:56,708 - __main__ - INFO - Task id: 18	Train Epoch: 4 [0/20000]	Loss: 1.9048 (1.9048) 	Acc: 75.00% (75.00%)
2025-05-13 20:47:06,768 - __main__ - INFO - Task id: 18	Train Epoch: 4 [6400/20000]	Loss: 2.3397 (1.9185) 	Acc: 81.25% (86.53%)
2025-05-13 20:48:16,758 - __main__ - INFO - Task id: 18	Train Epoch: 4 [12800/20000]	Loss: 2.6779 (1.9004) 	Acc: 81.25% (87.31%)
2025-05-13 20:49:26,331 - __main__ - INFO - Task id: 18	Train Epoch: 4 [19200/20000]	Loss: 1.7184 (1.8884) 	Acc: 93.75% (87.61%)
2025-05-13 20:50:18,447 - __main__ - INFO - Task id: 18
2025-05-13 20:50:18,447 - __main__ - INFO - Train Epoch: 4
2025-05-13 20:50:18,447 - __main__ - INFO - skirt_length mAP: 0.0000
2025-05-13 20:50:18,447 - __main__ - INFO - sleeve_length mAP: 0.0000
2025-05-13 20:50:18,447 - __main__ - INFO - coat_length mAP: 0.0000
2025-05-13 20:50:18,447 - __main__ - INFO - pant_length mAP: 0.0000
2025-05-13 20:50:18,447 - __main__ - INFO - collar_design mAP: 0.0000
2025-05-13 20:50:18,447 - __main__ - INFO - lapel_design mAP: 0.0000
2025-05-13 20:50:18,448 - __main__ - INFO - neckline_design mAP: 0.0000
2025-05-13 20:50:18,448 - __main__ - INFO - neck_design mAP: 0.0000
2025-05-13 20:50:18,448 - __main__ - INFO - texture-related mAP: 0.0000
2025-05-13 20:50:18,448 - __main__ - INFO - fabric-related mAP: 0.0000
2025-05-13 20:50:18,448 - __main__ - INFO - shape-related mAP: 0.0000
2025-05-13 20:50:18,448 - __main__ - INFO - part-related mAP: 0.0000
2025-05-13 20:50:18,448 - __main__ - INFO - style-related mAP: 0.0000
2025-05-13 20:50:18,448 - __main__ - INFO - clothes category mAP: 0.0000
2025-05-13 20:50:18,448 - __main__ - INFO - clothes button mAP: 0.0000
2025-05-13 20:50:18,448 - __main__ - INFO - clothes color mAP: 0.0000
2025-05-13 20:50:18,448 - __main__ - INFO - clothes length mAP: 0.0000
2025-05-13 20:50:18,448 - __main__ - INFO - clothes pattern mAP: 0.0000
2025-05-13 20:50:18,448 - __main__ - INFO - clothes shape mAP: 40.2783
2025-05-13 20:50:18,448 - __main__ - INFO - collar shape mAP: 0.0000
2025-05-13 20:50:18,448 - __main__ - INFO - sleeve length mAP: 0.0000
2025-05-13 20:50:18,448 - __main__ - INFO - sleeve shape mAP: 0.0000
2025-05-13 20:50:18,448 - __main__ - INFO - MeanAP: 40.2783

2025-05-13 20:50:19,621 - __main__ - INFO - lr:9e-05
2025-05-13 20:50:20,619 - __main__ - INFO - Task id: 18	Train Epoch: 5 [0/20000]	Loss: 1.4665 (1.4665) 	Acc: 87.50% (87.50%)
2025-05-13 20:51:30,574 - __main__ - INFO - Task id: 18	Train Epoch: 5 [6400/20000]	Loss: 2.0066 (1.8802) 	Acc: 87.50% (88.05%)
2025-05-13 20:52:40,524 - __main__ - INFO - Task id: 18	Train Epoch: 5 [12800/20000]	Loss: 1.9132 (1.8575) 	Acc: 100.00% (87.97%)
2025-05-13 20:53:50,222 - __main__ - INFO - Task id: 18	Train Epoch: 5 [19200/20000]	Loss: 1.7893 (1.8485) 	Acc: 87.50% (88.18%)
2025-05-13 20:54:47,490 - __main__ - INFO - Task id: 18
2025-05-13 20:54:47,490 - __main__ - INFO - Train Epoch: 5
2025-05-13 20:54:47,490 - __main__ - INFO - skirt_length mAP: 0.0000
2025-05-13 20:54:47,490 - __main__ - INFO - sleeve_length mAP: 0.0000
2025-05-13 20:54:47,490 - __main__ - INFO - coat_length mAP: 0.0000
2025-05-13 20:54:47,490 - __main__ - INFO - pant_length mAP: 0.0000
2025-05-13 20:54:47,490 - __main__ - INFO - collar_design mAP: 0.0000
2025-05-13 20:54:47,490 - __main__ - INFO - lapel_design mAP: 0.0000
2025-05-13 20:54:47,490 - __main__ - INFO - neckline_design mAP: 0.0000
2025-05-13 20:54:47,490 - __main__ - INFO - neck_design mAP: 0.0000
2025-05-13 20:54:47,490 - __main__ - INFO - texture-related mAP: 0.0000
2025-05-13 20:54:47,490 - __main__ - INFO - fabric-related mAP: 0.0000
2025-05-13 20:54:47,490 - __main__ - INFO - shape-related mAP: 0.0000
2025-05-13 20:54:47,490 - __main__ - INFO - part-related mAP: 0.0000
2025-05-13 20:54:47,490 - __main__ - INFO - style-related mAP: 0.0000
2025-05-13 20:54:47,491 - __main__ - INFO - clothes category mAP: 0.0000
2025-05-13 20:54:47,491 - __main__ - INFO - clothes button mAP: 0.0000
2025-05-13 20:54:47,491 - __main__ - INFO - clothes color mAP: 0.0000
2025-05-13 20:54:47,491 - __main__ - INFO - clothes length mAP: 0.0000
2025-05-13 20:54:47,491 - __main__ - INFO - clothes pattern mAP: 0.0000
2025-05-13 20:54:47,491 - __main__ - INFO - clothes shape mAP: 40.3229
2025-05-13 20:54:47,491 - __main__ - INFO - collar shape mAP: 0.0000
2025-05-13 20:54:47,491 - __main__ - INFO - sleeve length mAP: 0.0000
2025-05-13 20:54:47,491 - __main__ - INFO - sleeve shape mAP: 0.0000
2025-05-13 20:54:47,491 - __main__ - INFO - MeanAP: 40.3229

2025-05-13 20:54:48,722 - __main__ - INFO - lr:9e-05
2025-05-13 20:54:49,868 - __main__ - INFO - Task id: 18	Train Epoch: 6 [0/20000]	Loss: 2.0585 (2.0585) 	Acc: 87.50% (87.50%)
2025-05-13 20:56:00,164 - __main__ - INFO - Task id: 18	Train Epoch: 6 [6400/20000]	Loss: 2.0649 (1.8511) 	Acc: 68.75% (87.69%)
2025-05-13 20:57:10,309 - __main__ - INFO - Task id: 18	Train Epoch: 6 [12800/20000]	Loss: 1.8824 (1.8455) 	Acc: 81.25% (87.70%)
2025-05-13 20:58:19,952 - __main__ - INFO - Task id: 18	Train Epoch: 6 [19200/20000]	Loss: 1.7949 (1.8306) 	Acc: 81.25% (88.25%)
2025-05-13 20:59:15,142 - __main__ - INFO - Task id: 18
2025-05-13 20:59:15,143 - __main__ - INFO - Train Epoch: 6
2025-05-13 20:59:15,143 - __main__ - INFO - skirt_length mAP: 0.0000
2025-05-13 20:59:15,143 - __main__ - INFO - sleeve_length mAP: 0.0000
2025-05-13 20:59:15,143 - __main__ - INFO - coat_length mAP: 0.0000
2025-05-13 20:59:15,143 - __main__ - INFO - pant_length mAP: 0.0000
2025-05-13 20:59:15,143 - __main__ - INFO - collar_design mAP: 0.0000
2025-05-13 20:59:15,143 - __main__ - INFO - lapel_design mAP: 0.0000
2025-05-13 20:59:15,143 - __main__ - INFO - neckline_design mAP: 0.0000
2025-05-13 20:59:15,143 - __main__ - INFO - neck_design mAP: 0.0000
2025-05-13 20:59:15,143 - __main__ - INFO - texture-related mAP: 0.0000
2025-05-13 20:59:15,143 - __main__ - INFO - fabric-related mAP: 0.0000
2025-05-13 20:59:15,143 - __main__ - INFO - shape-related mAP: 0.0000
2025-05-13 20:59:15,143 - __main__ - INFO - part-related mAP: 0.0000
2025-05-13 20:59:15,143 - __main__ - INFO - style-related mAP: 0.0000
2025-05-13 20:59:15,143 - __main__ - INFO - clothes category mAP: 0.0000
2025-05-13 20:59:15,143 - __main__ - INFO - clothes button mAP: 0.0000
2025-05-13 20:59:15,143 - __main__ - INFO - clothes color mAP: 0.0000
2025-05-13 20:59:15,143 - __main__ - INFO - clothes length mAP: 0.0000
2025-05-13 20:59:15,143 - __main__ - INFO - clothes pattern mAP: 0.0000
2025-05-13 20:59:15,143 - __main__ - INFO - clothes shape mAP: 40.2501
2025-05-13 20:59:15,143 - __main__ - INFO - collar shape mAP: 0.0000
2025-05-13 20:59:15,143 - __main__ - INFO - sleeve length mAP: 0.0000
2025-05-13 20:59:15,143 - __main__ - INFO - sleeve shape mAP: 0.0000
2025-05-13 20:59:15,143 - __main__ - INFO - MeanAP: 40.2501

2025-05-13 20:59:15,752 - __main__ - INFO - lr:8.1e-05
2025-05-13 20:59:16,797 - __main__ - INFO - Task id: 18	Train Epoch: 7 [0/20000]	Loss: 2.0285 (2.0285) 	Acc: 75.00% (75.00%)
2025-05-13 21:00:26,229 - __main__ - INFO - Task id: 18	Train Epoch: 7 [6400/20000]	Loss: 2.7674 (1.8024) 	Acc: 75.00% (89.15%)
2025-05-13 21:01:35,731 - __main__ - INFO - Task id: 18	Train Epoch: 7 [12800/20000]	Loss: 1.5254 (1.7897) 	Acc: 93.75% (89.44%)
2025-05-13 21:02:45,307 - __main__ - INFO - Task id: 18	Train Epoch: 7 [19200/20000]	Loss: 1.5726 (1.7881) 	Acc: 93.75% (89.64%)
2025-05-13 21:03:37,720 - __main__ - INFO - Task id: 18
2025-05-13 21:03:37,720 - __main__ - INFO - Train Epoch: 7
2025-05-13 21:03:37,720 - __main__ - INFO - skirt_length mAP: 0.0000
2025-05-13 21:03:37,720 - __main__ - INFO - sleeve_length mAP: 0.0000
2025-05-13 21:03:37,720 - __main__ - INFO - coat_length mAP: 0.0000
2025-05-13 21:03:37,720 - __main__ - INFO - pant_length mAP: 0.0000
2025-05-13 21:03:37,720 - __main__ - INFO - collar_design mAP: 0.0000
2025-05-13 21:03:37,720 - __main__ - INFO - lapel_design mAP: 0.0000
2025-05-13 21:03:37,721 - __main__ - INFO - neckline_design mAP: 0.0000
2025-05-13 21:03:37,721 - __main__ - INFO - neck_design mAP: 0.0000
2025-05-13 21:03:37,721 - __main__ - INFO - texture-related mAP: 0.0000
2025-05-13 21:03:37,721 - __main__ - INFO - fabric-related mAP: 0.0000
2025-05-13 21:03:37,721 - __main__ - INFO - shape-related mAP: 0.0000
2025-05-13 21:03:37,721 - __main__ - INFO - part-related mAP: 0.0000
2025-05-13 21:03:37,721 - __main__ - INFO - style-related mAP: 0.0000
2025-05-13 21:03:37,721 - __main__ - INFO - clothes category mAP: 0.0000
2025-05-13 21:03:37,721 - __main__ - INFO - clothes button mAP: 0.0000
2025-05-13 21:03:37,721 - __main__ - INFO - clothes color mAP: 0.0000
2025-05-13 21:03:37,721 - __main__ - INFO - clothes length mAP: 0.0000
2025-05-13 21:03:37,721 - __main__ - INFO - clothes pattern mAP: 0.0000
2025-05-13 21:03:37,721 - __main__ - INFO - clothes shape mAP: 40.1847
2025-05-13 21:03:37,721 - __main__ - INFO - collar shape mAP: 0.0000
2025-05-13 21:03:37,721 - __main__ - INFO - sleeve length mAP: 0.0000
2025-05-13 21:03:37,721 - __main__ - INFO - sleeve shape mAP: 0.0000
2025-05-13 21:03:37,721 - __main__ - INFO - MeanAP: 40.1847

2025-05-13 21:03:38,318 - __main__ - INFO - lr:8.1e-05
2025-05-13 21:03:39,563 - __main__ - INFO - Task id: 18	Train Epoch: 8 [0/20000]	Loss: 2.1142 (2.1142) 	Acc: 100.00% (100.00%)
2025-05-13 21:04:50,493 - __main__ - INFO - Task id: 18	Train Epoch: 8 [6400/20000]	Loss: 1.6888 (1.7957) 	Acc: 87.50% (89.67%)
2025-05-13 21:06:00,445 - __main__ - INFO - Task id: 18	Train Epoch: 8 [12800/20000]	Loss: 1.7561 (1.7849) 	Acc: 87.50% (89.81%)
2025-05-13 21:07:09,467 - __main__ - INFO - Task id: 18	Train Epoch: 8 [19200/20000]	Loss: 1.7741 (1.7843) 	Acc: 81.25% (89.84%)
2025-05-13 21:08:02,723 - __main__ - INFO - Task id: 18
2025-05-13 21:08:02,723 - __main__ - INFO - Train Epoch: 8
2025-05-13 21:08:02,723 - __main__ - INFO - skirt_length mAP: 0.0000
2025-05-13 21:08:02,723 - __main__ - INFO - sleeve_length mAP: 0.0000
2025-05-13 21:08:02,723 - __main__ - INFO - coat_length mAP: 0.0000
2025-05-13 21:08:02,723 - __main__ - INFO - pant_length mAP: 0.0000
2025-05-13 21:08:02,723 - __main__ - INFO - collar_design mAP: 0.0000
2025-05-13 21:08:02,723 - __main__ - INFO - lapel_design mAP: 0.0000
2025-05-13 21:08:02,723 - __main__ - INFO - neckline_design mAP: 0.0000
2025-05-13 21:08:02,723 - __main__ - INFO - neck_design mAP: 0.0000
2025-05-13 21:08:02,723 - __main__ - INFO - texture-related mAP: 0.0000
2025-05-13 21:08:02,723 - __main__ - INFO - fabric-related mAP: 0.0000
2025-05-13 21:08:02,723 - __main__ - INFO - shape-related mAP: 0.0000
2025-05-13 21:08:02,723 - __main__ - INFO - part-related mAP: 0.0000
2025-05-13 21:08:02,723 - __main__ - INFO - style-related mAP: 0.0000
2025-05-13 21:08:02,723 - __main__ - INFO - clothes category mAP: 0.0000
2025-05-13 21:08:02,723 - __main__ - INFO - clothes button mAP: 0.0000
2025-05-13 21:08:02,723 - __main__ - INFO - clothes color mAP: 0.0000
2025-05-13 21:08:02,724 - __main__ - INFO - clothes length mAP: 0.0000
2025-05-13 21:08:02,724 - __main__ - INFO - clothes pattern mAP: 0.0000
2025-05-13 21:08:02,724 - __main__ - INFO - clothes shape mAP: 41.2164
2025-05-13 21:08:02,724 - __main__ - INFO - collar shape mAP: 0.0000
2025-05-13 21:08:02,724 - __main__ - INFO - sleeve length mAP: 0.0000
2025-05-13 21:08:02,724 - __main__ - INFO - sleeve shape mAP: 0.0000
2025-05-13 21:08:02,724 - __main__ - INFO - MeanAP: 41.2164

2025-05-13 21:08:03,923 - __main__ - INFO - lr:8.1e-05
2025-05-13 21:08:05,027 - __main__ - INFO - Task id: 18	Train Epoch: 9 [0/20000]	Loss: 2.0763 (2.0763) 	Acc: 87.50% (87.50%)
2025-05-13 21:09:14,955 - __main__ - INFO - Task id: 18	Train Epoch: 9 [6400/20000]	Loss: 1.5954 (1.7672) 	Acc: 87.50% (89.95%)
2025-05-13 21:10:27,366 - __main__ - INFO - Task id: 18	Train Epoch: 9 [12800/20000]	Loss: 1.8328 (1.7798) 	Acc: 81.25% (89.93%)
2025-05-13 21:11:38,495 - __main__ - INFO - Task id: 18	Train Epoch: 9 [19200/20000]	Loss: 1.9508 (1.7786) 	Acc: 100.00% (89.88%)
2025-05-13 21:12:33,239 - __main__ - INFO - Task id: 18
2025-05-13 21:12:33,239 - __main__ - INFO - Train Epoch: 9
2025-05-13 21:12:33,239 - __main__ - INFO - skirt_length mAP: 0.0000
2025-05-13 21:12:33,239 - __main__ - INFO - sleeve_length mAP: 0.0000
2025-05-13 21:12:33,239 - __main__ - INFO - coat_length mAP: 0.0000
2025-05-13 21:12:33,239 - __main__ - INFO - pant_length mAP: 0.0000
2025-05-13 21:12:33,239 - __main__ - INFO - collar_design mAP: 0.0000
2025-05-13 21:12:33,239 - __main__ - INFO - lapel_design mAP: 0.0000
2025-05-13 21:12:33,239 - __main__ - INFO - neckline_design mAP: 0.0000
2025-05-13 21:12:33,239 - __main__ - INFO - neck_design mAP: 0.0000
2025-05-13 21:12:33,239 - __main__ - INFO - texture-related mAP: 0.0000
2025-05-13 21:12:33,239 - __main__ - INFO - fabric-related mAP: 0.0000
2025-05-13 21:12:33,239 - __main__ - INFO - shape-related mAP: 0.0000
2025-05-13 21:12:33,239 - __main__ - INFO - part-related mAP: 0.0000
2025-05-13 21:12:33,239 - __main__ - INFO - style-related mAP: 0.0000
2025-05-13 21:12:33,239 - __main__ - INFO - clothes category mAP: 0.0000
2025-05-13 21:12:33,239 - __main__ - INFO - clothes button mAP: 0.0000
2025-05-13 21:12:33,239 - __main__ - INFO - clothes color mAP: 0.0000
2025-05-13 21:12:33,240 - __main__ - INFO - clothes length mAP: 0.0000
2025-05-13 21:12:33,240 - __main__ - INFO - clothes pattern mAP: 0.0000
2025-05-13 21:12:33,240 - __main__ - INFO - clothes shape mAP: 41.2432
2025-05-13 21:12:33,240 - __main__ - INFO - collar shape mAP: 0.0000
2025-05-13 21:12:33,240 - __main__ - INFO - sleeve length mAP: 0.0000
2025-05-13 21:12:33,240 - __main__ - INFO - sleeve shape mAP: 0.0000
2025-05-13 21:12:33,240 - __main__ - INFO - MeanAP: 41.2432

2025-05-13 21:12:34,458 - __main__ - INFO - lr:7.290000000000001e-05
2025-05-13 21:12:35,841 - __main__ - INFO - Task id: 18	Train Epoch: 10 [0/20000]	Loss: 1.9935 (1.9935) 	Acc: 81.25% (81.25%)
2025-05-13 21:13:46,124 - __main__ - INFO - Task id: 18	Train Epoch: 10 [6400/20000]	Loss: 2.2065 (1.7726) 	Acc: 81.25% (89.53%)
2025-05-13 21:14:56,238 - __main__ - INFO - Task id: 18	Train Epoch: 10 [12800/20000]	Loss: 1.8849 (1.7645) 	Acc: 100.00% (90.03%)
2025-05-13 21:16:06,436 - __main__ - INFO - Task id: 18	Train Epoch: 10 [19200/20000]	Loss: 1.5056 (1.7622) 	Acc: 93.75% (90.20%)
2025-05-13 21:17:04,258 - __main__ - INFO - Task id: 18
2025-05-13 21:17:04,258 - __main__ - INFO - Train Epoch: 10
2025-05-13 21:17:04,258 - __main__ - INFO - skirt_length mAP: 0.0000
2025-05-13 21:17:04,258 - __main__ - INFO - sleeve_length mAP: 0.0000
2025-05-13 21:17:04,259 - __main__ - INFO - coat_length mAP: 0.0000
2025-05-13 21:17:04,259 - __main__ - INFO - pant_length mAP: 0.0000
2025-05-13 21:17:04,259 - __main__ - INFO - collar_design mAP: 0.0000
2025-05-13 21:17:04,259 - __main__ - INFO - lapel_design mAP: 0.0000
2025-05-13 21:17:04,259 - __main__ - INFO - neckline_design mAP: 0.0000
2025-05-13 21:17:04,259 - __main__ - INFO - neck_design mAP: 0.0000
2025-05-13 21:17:04,259 - __main__ - INFO - texture-related mAP: 0.0000
2025-05-13 21:17:04,259 - __main__ - INFO - fabric-related mAP: 0.0000
2025-05-13 21:17:04,259 - __main__ - INFO - shape-related mAP: 0.0000
2025-05-13 21:17:04,259 - __main__ - INFO - part-related mAP: 0.0000
2025-05-13 21:17:04,259 - __main__ - INFO - style-related mAP: 0.0000
2025-05-13 21:17:04,259 - __main__ - INFO - clothes category mAP: 0.0000
2025-05-13 21:17:04,259 - __main__ - INFO - clothes button mAP: 0.0000
2025-05-13 21:17:04,259 - __main__ - INFO - clothes color mAP: 0.0000
2025-05-13 21:17:04,259 - __main__ - INFO - clothes length mAP: 0.0000
2025-05-13 21:17:04,259 - __main__ - INFO - clothes pattern mAP: 0.0000
2025-05-13 21:17:04,259 - __main__ - INFO - clothes shape mAP: 41.7584
2025-05-13 21:17:04,259 - __main__ - INFO - collar shape mAP: 0.0000
2025-05-13 21:17:04,259 - __main__ - INFO - sleeve length mAP: 0.0000
2025-05-13 21:17:04,259 - __main__ - INFO - sleeve shape mAP: 0.0000
2025-05-13 21:17:04,259 - __main__ - INFO - MeanAP: 41.7584

2025-05-13 21:17:05,463 - __main__ - INFO - lr:7.290000000000001e-05
2025-05-13 21:17:49,846 - __main__ - INFO - Task id: 19	Train Epoch: 1 [0/20000]	Loss: 3.4192 (3.4192) 	Acc: 37.50% (37.50%)
2025-05-13 21:18:59,744 - __main__ - INFO - Task id: 19	Train Epoch: 1 [6400/20000]	Loss: 3.3183 (2.9458) 	Acc: 56.25% (68.64%)
2025-05-13 21:20:08,123 - __main__ - INFO - Task id: 19	Train Epoch: 1 [12800/20000]	Loss: 2.7189 (2.7463) 	Acc: 75.00% (72.57%)
2025-05-13 21:21:16,685 - __main__ - INFO - Task id: 19	Train Epoch: 1 [19200/20000]	Loss: 2.3018 (2.6320) 	Acc: 68.75% (75.14%)
2025-05-13 21:22:29,545 - __main__ - INFO - Task id: 19
2025-05-13 21:22:29,545 - __main__ - INFO - Train Epoch: 1
2025-05-13 21:22:29,545 - __main__ - INFO - skirt_length mAP: 0.0000
2025-05-13 21:22:29,545 - __main__ - INFO - sleeve_length mAP: 0.0000
2025-05-13 21:22:29,545 - __main__ - INFO - coat_length mAP: 0.0000
2025-05-13 21:22:29,546 - __main__ - INFO - pant_length mAP: 0.0000
2025-05-13 21:22:29,546 - __main__ - INFO - collar_design mAP: 0.0000
2025-05-13 21:22:29,546 - __main__ - INFO - lapel_design mAP: 0.0000
2025-05-13 21:22:29,546 - __main__ - INFO - neckline_design mAP: 0.0000
2025-05-13 21:22:29,546 - __main__ - INFO - neck_design mAP: 0.0000
2025-05-13 21:22:29,546 - __main__ - INFO - texture-related mAP: 0.0000
2025-05-13 21:22:29,546 - __main__ - INFO - fabric-related mAP: 0.0000
2025-05-13 21:22:29,546 - __main__ - INFO - shape-related mAP: 0.0000
2025-05-13 21:22:29,546 - __main__ - INFO - part-related mAP: 0.0000
2025-05-13 21:22:29,546 - __main__ - INFO - style-related mAP: 0.0000
2025-05-13 21:22:29,546 - __main__ - INFO - clothes category mAP: 0.0000
2025-05-13 21:22:29,546 - __main__ - INFO - clothes button mAP: 0.0000
2025-05-13 21:22:29,546 - __main__ - INFO - clothes color mAP: 0.0000
2025-05-13 21:22:29,546 - __main__ - INFO - clothes length mAP: 0.0000
2025-05-13 21:22:29,546 - __main__ - INFO - clothes pattern mAP: 0.0000
2025-05-13 21:22:29,546 - __main__ - INFO - clothes shape mAP: 0.0000
2025-05-13 21:22:29,546 - __main__ - INFO - collar shape mAP: 17.7166
2025-05-13 21:22:29,546 - __main__ - INFO - sleeve length mAP: 0.0000
2025-05-13 21:22:29,546 - __main__ - INFO - sleeve shape mAP: 0.0000
2025-05-13 21:22:29,546 - __main__ - INFO - MeanAP: 17.7166

2025-05-13 21:22:32,033 - __main__ - INFO - lr:0.0001
2025-05-13 21:22:33,378 - __main__ - INFO - Task id: 19	Train Epoch: 2 [0/20000]	Loss: 2.7237 (2.7237) 	Acc: 81.25% (81.25%)
2025-05-13 21:23:42,158 - __main__ - INFO - Task id: 19	Train Epoch: 2 [6400/20000]	Loss: 3.0321 (2.3376) 	Acc: 68.75% (80.28%)
2025-05-13 21:24:53,487 - __main__ - INFO - Task id: 19	Train Epoch: 2 [12800/20000]	Loss: 2.7304 (2.3203) 	Acc: 75.00% (80.42%)
2025-05-13 21:26:02,599 - __main__ - INFO - Task id: 19	Train Epoch: 2 [19200/20000]	Loss: 2.1424 (2.3109) 	Acc: 100.00% (80.68%)
2025-05-13 21:27:10,694 - __main__ - INFO - Task id: 19
2025-05-13 21:27:10,695 - __main__ - INFO - Train Epoch: 2
2025-05-13 21:27:10,695 - __main__ - INFO - skirt_length mAP: 0.0000
2025-05-13 21:27:10,695 - __main__ - INFO - sleeve_length mAP: 0.0000
2025-05-13 21:27:10,695 - __main__ - INFO - coat_length mAP: 0.0000
2025-05-13 21:27:10,695 - __main__ - INFO - pant_length mAP: 0.0000
2025-05-13 21:27:10,695 - __main__ - INFO - collar_design mAP: 0.0000
2025-05-13 21:27:10,695 - __main__ - INFO - lapel_design mAP: 0.0000
2025-05-13 21:27:10,695 - __main__ - INFO - neckline_design mAP: 0.0000
2025-05-13 21:27:10,695 - __main__ - INFO - neck_design mAP: 0.0000
2025-05-13 21:27:10,695 - __main__ - INFO - texture-related mAP: 0.0000
2025-05-13 21:27:10,695 - __main__ - INFO - fabric-related mAP: 0.0000
2025-05-13 21:27:10,695 - __main__ - INFO - shape-related mAP: 0.0000
2025-05-13 21:27:10,695 - __main__ - INFO - part-related mAP: 0.0000
2025-05-13 21:27:10,695 - __main__ - INFO - style-related mAP: 0.0000
2025-05-13 21:27:10,695 - __main__ - INFO - clothes category mAP: 0.0000
2025-05-13 21:27:10,695 - __main__ - INFO - clothes button mAP: 0.0000
2025-05-13 21:27:10,695 - __main__ - INFO - clothes color mAP: 0.0000
2025-05-13 21:27:10,695 - __main__ - INFO - clothes length mAP: 0.0000
2025-05-13 21:27:10,695 - __main__ - INFO - clothes pattern mAP: 0.0000
2025-05-13 21:27:10,695 - __main__ - INFO - clothes shape mAP: 0.0000
2025-05-13 21:27:10,695 - __main__ - INFO - collar shape mAP: 18.5321
2025-05-13 21:27:10,695 - __main__ - INFO - sleeve length mAP: 0.0000
2025-05-13 21:27:10,695 - __main__ - INFO - sleeve shape mAP: 0.0000
2025-05-13 21:27:10,696 - __main__ - INFO - MeanAP: 18.5321

2025-05-13 21:27:11,858 - __main__ - INFO - lr:0.0001
2025-05-13 21:27:12,932 - __main__ - INFO - Task id: 19	Train Epoch: 3 [0/20000]	Loss: 2.3529 (2.3529) 	Acc: 81.25% (81.25%)
2025-05-13 21:28:20,895 - __main__ - INFO - Task id: 19	Train Epoch: 3 [6400/20000]	Loss: 2.6633 (2.2385) 	Acc: 81.25% (82.70%)
2025-05-13 21:29:29,159 - __main__ - INFO - Task id: 19	Train Epoch: 3 [12800/20000]	Loss: 1.6825 (2.2178) 	Acc: 87.50% (83.26%)
2025-05-13 21:30:37,071 - __main__ - INFO - Task id: 19	Train Epoch: 3 [19200/20000]	Loss: 1.9307 (2.2065) 	Acc: 87.50% (83.52%)
2025-05-13 21:31:47,544 - __main__ - INFO - Task id: 19
2025-05-13 21:31:47,545 - __main__ - INFO - Train Epoch: 3
2025-05-13 21:31:47,545 - __main__ - INFO - skirt_length mAP: 0.0000
2025-05-13 21:31:47,545 - __main__ - INFO - sleeve_length mAP: 0.0000
2025-05-13 21:31:47,545 - __main__ - INFO - coat_length mAP: 0.0000
2025-05-13 21:31:47,545 - __main__ - INFO - pant_length mAP: 0.0000
2025-05-13 21:31:47,545 - __main__ - INFO - collar_design mAP: 0.0000
2025-05-13 21:31:47,545 - __main__ - INFO - lapel_design mAP: 0.0000
2025-05-13 21:31:47,545 - __main__ - INFO - neckline_design mAP: 0.0000
2025-05-13 21:31:47,545 - __main__ - INFO - neck_design mAP: 0.0000
2025-05-13 21:31:47,545 - __main__ - INFO - texture-related mAP: 0.0000
2025-05-13 21:31:47,545 - __main__ - INFO - fabric-related mAP: 0.0000
2025-05-13 21:31:47,545 - __main__ - INFO - shape-related mAP: 0.0000
2025-05-13 21:31:47,545 - __main__ - INFO - part-related mAP: 0.0000
2025-05-13 21:31:47,545 - __main__ - INFO - style-related mAP: 0.0000
2025-05-13 21:31:47,545 - __main__ - INFO - clothes category mAP: 0.0000
2025-05-13 21:31:47,545 - __main__ - INFO - clothes button mAP: 0.0000
2025-05-13 21:31:47,545 - __main__ - INFO - clothes color mAP: 0.0000
2025-05-13 21:31:47,545 - __main__ - INFO - clothes length mAP: 0.0000
2025-05-13 21:31:47,545 - __main__ - INFO - clothes pattern mAP: 0.0000
2025-05-13 21:31:47,545 - __main__ - INFO - clothes shape mAP: 0.0000
2025-05-13 21:31:47,545 - __main__ - INFO - collar shape mAP: 18.7695
2025-05-13 21:31:47,545 - __main__ - INFO - sleeve length mAP: 0.0000
2025-05-13 21:31:47,545 - __main__ - INFO - sleeve shape mAP: 0.0000
2025-05-13 21:31:47,545 - __main__ - INFO - MeanAP: 18.7695

2025-05-13 21:31:48,701 - __main__ - INFO - lr:9e-05
2025-05-13 21:31:51,880 - __main__ - INFO - Task id: 19	Train Epoch: 4 [0/20000]	Loss: 1.9517 (1.9517) 	Acc: 87.50% (87.50%)
2025-05-13 21:33:01,300 - __main__ - INFO - Task id: 19	Train Epoch: 4 [6400/20000]	Loss: 1.8722 (2.1051) 	Acc: 100.00% (85.01%)
2025-05-13 21:34:10,252 - __main__ - INFO - Task id: 19	Train Epoch: 4 [12800/20000]	Loss: 1.9530 (2.1019) 	Acc: 87.50% (85.42%)
2025-05-13 21:35:17,788 - __main__ - INFO - Task id: 19	Train Epoch: 4 [19200/20000]	Loss: 2.5516 (2.0879) 	Acc: 75.00% (85.64%)
2025-05-13 21:36:26,742 - __main__ - INFO - Task id: 19
2025-05-13 21:36:26,742 - __main__ - INFO - Train Epoch: 4
2025-05-13 21:36:26,742 - __main__ - INFO - skirt_length mAP: 0.0000
2025-05-13 21:36:26,743 - __main__ - INFO - sleeve_length mAP: 0.0000
2025-05-13 21:36:26,743 - __main__ - INFO - coat_length mAP: 0.0000
2025-05-13 21:36:26,743 - __main__ - INFO - pant_length mAP: 0.0000
2025-05-13 21:36:26,743 - __main__ - INFO - collar_design mAP: 0.0000
2025-05-13 21:36:26,743 - __main__ - INFO - lapel_design mAP: 0.0000
2025-05-13 21:36:26,743 - __main__ - INFO - neckline_design mAP: 0.0000
2025-05-13 21:36:26,743 - __main__ - INFO - neck_design mAP: 0.0000
2025-05-13 21:36:26,743 - __main__ - INFO - texture-related mAP: 0.0000
2025-05-13 21:36:26,743 - __main__ - INFO - fabric-related mAP: 0.0000
2025-05-13 21:36:26,743 - __main__ - INFO - shape-related mAP: 0.0000
2025-05-13 21:36:26,743 - __main__ - INFO - part-related mAP: 0.0000
2025-05-13 21:36:26,743 - __main__ - INFO - style-related mAP: 0.0000
2025-05-13 21:36:26,743 - __main__ - INFO - clothes category mAP: 0.0000
2025-05-13 21:36:26,743 - __main__ - INFO - clothes button mAP: 0.0000
2025-05-13 21:36:26,743 - __main__ - INFO - clothes color mAP: 0.0000
2025-05-13 21:36:26,743 - __main__ - INFO - clothes length mAP: 0.0000
2025-05-13 21:36:26,743 - __main__ - INFO - clothes pattern mAP: 0.0000
2025-05-13 21:36:26,743 - __main__ - INFO - clothes shape mAP: 0.0000
2025-05-13 21:36:26,743 - __main__ - INFO - collar shape mAP: 18.5402
2025-05-13 21:36:26,743 - __main__ - INFO - sleeve length mAP: 0.0000
2025-05-13 21:36:26,743 - __main__ - INFO - sleeve shape mAP: 0.0000
2025-05-13 21:36:26,743 - __main__ - INFO - MeanAP: 18.5402

2025-05-13 21:36:27,327 - __main__ - INFO - lr:9e-05
2025-05-13 21:36:28,356 - __main__ - INFO - Task id: 19	Train Epoch: 5 [0/20000]	Loss: 2.2389 (2.2389) 	Acc: 81.25% (81.25%)
2025-05-13 21:37:37,159 - __main__ - INFO - Task id: 19	Train Epoch: 5 [6400/20000]	Loss: 2.5169 (2.0464) 	Acc: 62.50% (86.32%)
2025-05-13 21:38:45,659 - __main__ - INFO - Task id: 19	Train Epoch: 5 [12800/20000]	Loss: 2.0019 (2.0496) 	Acc: 87.50% (86.54%)
2025-05-13 21:39:53,302 - __main__ - INFO - Task id: 19	Train Epoch: 5 [19200/20000]	Loss: 1.7868 (2.0261) 	Acc: 87.50% (87.14%)
2025-05-13 21:41:01,522 - __main__ - INFO - Task id: 19
2025-05-13 21:41:01,522 - __main__ - INFO - Train Epoch: 5
2025-05-13 21:41:01,522 - __main__ - INFO - skirt_length mAP: 0.0000
2025-05-13 21:41:01,522 - __main__ - INFO - sleeve_length mAP: 0.0000
2025-05-13 21:41:01,522 - __main__ - INFO - coat_length mAP: 0.0000
2025-05-13 21:41:01,522 - __main__ - INFO - pant_length mAP: 0.0000
2025-05-13 21:41:01,522 - __main__ - INFO - collar_design mAP: 0.0000
2025-05-13 21:41:01,522 - __main__ - INFO - lapel_design mAP: 0.0000
2025-05-13 21:41:01,522 - __main__ - INFO - neckline_design mAP: 0.0000
2025-05-13 21:41:01,522 - __main__ - INFO - neck_design mAP: 0.0000
2025-05-13 21:41:01,523 - __main__ - INFO - texture-related mAP: 0.0000
2025-05-13 21:41:01,523 - __main__ - INFO - fabric-related mAP: 0.0000
2025-05-13 21:41:01,523 - __main__ - INFO - shape-related mAP: 0.0000
2025-05-13 21:41:01,523 - __main__ - INFO - part-related mAP: 0.0000
2025-05-13 21:41:01,523 - __main__ - INFO - style-related mAP: 0.0000
2025-05-13 21:41:01,523 - __main__ - INFO - clothes category mAP: 0.0000
2025-05-13 21:41:01,523 - __main__ - INFO - clothes button mAP: 0.0000
2025-05-13 21:41:01,523 - __main__ - INFO - clothes color mAP: 0.0000
2025-05-13 21:41:01,523 - __main__ - INFO - clothes length mAP: 0.0000
2025-05-13 21:41:01,523 - __main__ - INFO - clothes pattern mAP: 0.0000
2025-05-13 21:41:01,523 - __main__ - INFO - clothes shape mAP: 0.0000
2025-05-13 21:41:01,523 - __main__ - INFO - collar shape mAP: 18.9750
2025-05-13 21:41:01,523 - __main__ - INFO - sleeve length mAP: 0.0000
2025-05-13 21:41:01,523 - __main__ - INFO - sleeve shape mAP: 0.0000
2025-05-13 21:41:01,523 - __main__ - INFO - MeanAP: 18.9750

2025-05-13 21:41:02,681 - __main__ - INFO - lr:9e-05
2025-05-13 21:41:04,222 - __main__ - INFO - Task id: 19	Train Epoch: 6 [0/20000]	Loss: 2.3002 (2.3002) 	Acc: 87.50% (87.50%)
2025-05-13 21:42:12,774 - __main__ - INFO - Task id: 19	Train Epoch: 6 [6400/20000]	Loss: 1.6946 (1.9890) 	Acc: 93.75% (87.86%)
2025-05-13 21:43:20,844 - __main__ - INFO - Task id: 19	Train Epoch: 6 [12800/20000]	Loss: 2.0112 (1.9791) 	Acc: 93.75% (87.90%)
2025-05-13 21:44:29,300 - __main__ - INFO - Task id: 19	Train Epoch: 6 [19200/20000]	Loss: 1.7491 (1.9639) 	Acc: 93.75% (88.05%)
2025-05-13 21:45:39,423 - __main__ - INFO - Task id: 19
2025-05-13 21:45:39,424 - __main__ - INFO - Train Epoch: 6
2025-05-13 21:45:39,424 - __main__ - INFO - skirt_length mAP: 0.0000
2025-05-13 21:45:39,424 - __main__ - INFO - sleeve_length mAP: 0.0000
2025-05-13 21:45:39,424 - __main__ - INFO - coat_length mAP: 0.0000
2025-05-13 21:45:39,424 - __main__ - INFO - pant_length mAP: 0.0000
2025-05-13 21:45:39,424 - __main__ - INFO - collar_design mAP: 0.0000
2025-05-13 21:45:39,424 - __main__ - INFO - lapel_design mAP: 0.0000
2025-05-13 21:45:39,424 - __main__ - INFO - neckline_design mAP: 0.0000
2025-05-13 21:45:39,424 - __main__ - INFO - neck_design mAP: 0.0000
2025-05-13 21:45:39,424 - __main__ - INFO - texture-related mAP: 0.0000
2025-05-13 21:45:39,424 - __main__ - INFO - fabric-related mAP: 0.0000
2025-05-13 21:45:39,424 - __main__ - INFO - shape-related mAP: 0.0000
2025-05-13 21:45:39,424 - __main__ - INFO - part-related mAP: 0.0000
2025-05-13 21:45:39,424 - __main__ - INFO - style-related mAP: 0.0000
2025-05-13 21:45:39,424 - __main__ - INFO - clothes category mAP: 0.0000
2025-05-13 21:45:39,424 - __main__ - INFO - clothes button mAP: 0.0000
2025-05-13 21:45:39,424 - __main__ - INFO - clothes color mAP: 0.0000
2025-05-13 21:45:39,424 - __main__ - INFO - clothes length mAP: 0.0000
2025-05-13 21:45:39,425 - __main__ - INFO - clothes pattern mAP: 0.0000
2025-05-13 21:45:39,425 - __main__ - INFO - clothes shape mAP: 0.0000
2025-05-13 21:45:39,425 - __main__ - INFO - collar shape mAP: 18.6477
2025-05-13 21:45:39,425 - __main__ - INFO - sleeve length mAP: 0.0000
2025-05-13 21:45:39,425 - __main__ - INFO - sleeve shape mAP: 0.0000
2025-05-13 21:45:39,425 - __main__ - INFO - MeanAP: 18.6477

2025-05-13 21:45:40,046 - __main__ - INFO - lr:8.1e-05
2025-05-13 21:45:41,100 - __main__ - INFO - Task id: 19	Train Epoch: 7 [0/20000]	Loss: 1.9380 (1.9380) 	Acc: 93.75% (93.75%)
2025-05-13 21:46:49,927 - __main__ - INFO - Task id: 19	Train Epoch: 7 [6400/20000]	Loss: 1.4737 (1.9002) 	Acc: 93.75% (89.46%)
2025-05-13 21:47:58,088 - __main__ - INFO - Task id: 19	Train Epoch: 7 [12800/20000]	Loss: 1.7517 (1.8916) 	Acc: 93.75% (89.31%)
2025-05-13 21:49:06,096 - __main__ - INFO - Task id: 19	Train Epoch: 7 [19200/20000]	Loss: 1.6676 (1.8730) 	Acc: 87.50% (89.51%)
2025-05-13 21:50:14,031 - __main__ - INFO - Task id: 19
2025-05-13 21:50:14,031 - __main__ - INFO - Train Epoch: 7
2025-05-13 21:50:14,031 - __main__ - INFO - skirt_length mAP: 0.0000
2025-05-13 21:50:14,031 - __main__ - INFO - sleeve_length mAP: 0.0000
2025-05-13 21:50:14,031 - __main__ - INFO - coat_length mAP: 0.0000
2025-05-13 21:50:14,031 - __main__ - INFO - pant_length mAP: 0.0000
2025-05-13 21:50:14,031 - __main__ - INFO - collar_design mAP: 0.0000
2025-05-13 21:50:14,031 - __main__ - INFO - lapel_design mAP: 0.0000
2025-05-13 21:50:14,032 - __main__ - INFO - neckline_design mAP: 0.0000
2025-05-13 21:50:14,032 - __main__ - INFO - neck_design mAP: 0.0000
2025-05-13 21:50:14,032 - __main__ - INFO - texture-related mAP: 0.0000
2025-05-13 21:50:14,032 - __main__ - INFO - fabric-related mAP: 0.0000
2025-05-13 21:50:14,032 - __main__ - INFO - shape-related mAP: 0.0000
2025-05-13 21:50:14,032 - __main__ - INFO - part-related mAP: 0.0000
2025-05-13 21:50:14,032 - __main__ - INFO - style-related mAP: 0.0000
2025-05-13 21:50:14,032 - __main__ - INFO - clothes category mAP: 0.0000
2025-05-13 21:50:14,032 - __main__ - INFO - clothes button mAP: 0.0000
2025-05-13 21:50:14,032 - __main__ - INFO - clothes color mAP: 0.0000
2025-05-13 21:50:14,032 - __main__ - INFO - clothes length mAP: 0.0000
2025-05-13 21:50:14,032 - __main__ - INFO - clothes pattern mAP: 0.0000
2025-05-13 21:50:14,032 - __main__ - INFO - clothes shape mAP: 0.0000
2025-05-13 21:50:14,032 - __main__ - INFO - collar shape mAP: 19.2791
2025-05-13 21:50:14,032 - __main__ - INFO - sleeve length mAP: 0.0000
2025-05-13 21:50:14,032 - __main__ - INFO - sleeve shape mAP: 0.0000
2025-05-13 21:50:14,032 - __main__ - INFO - MeanAP: 19.2791

2025-05-13 21:50:15,213 - __main__ - INFO - lr:8.1e-05
2025-05-13 21:50:16,267 - __main__ - INFO - Task id: 19	Train Epoch: 8 [0/20000]	Loss: 1.5959 (1.5959) 	Acc: 93.75% (93.75%)
2025-05-13 21:51:26,682 - __main__ - INFO - Task id: 19	Train Epoch: 8 [6400/20000]	Loss: 1.5121 (1.8140) 	Acc: 93.75% (90.66%)
2025-05-13 21:52:36,473 - __main__ - INFO - Task id: 19	Train Epoch: 8 [12800/20000]	Loss: 1.8765 (1.8219) 	Acc: 87.50% (90.50%)
2025-05-13 21:53:46,610 - __main__ - INFO - Task id: 19	Train Epoch: 8 [19200/20000]	Loss: 1.9071 (1.8171) 	Acc: 100.00% (90.73%)
2025-05-13 21:54:53,545 - __main__ - INFO - Task id: 19
2025-05-13 21:54:53,546 - __main__ - INFO - Train Epoch: 8
2025-05-13 21:54:53,546 - __main__ - INFO - skirt_length mAP: 0.0000
2025-05-13 21:54:53,546 - __main__ - INFO - sleeve_length mAP: 0.0000
2025-05-13 21:54:53,546 - __main__ - INFO - coat_length mAP: 0.0000
2025-05-13 21:54:53,546 - __main__ - INFO - pant_length mAP: 0.0000
2025-05-13 21:54:53,546 - __main__ - INFO - collar_design mAP: 0.0000
2025-05-13 21:54:53,546 - __main__ - INFO - lapel_design mAP: 0.0000
2025-05-13 21:54:53,546 - __main__ - INFO - neckline_design mAP: 0.0000
2025-05-13 21:54:53,546 - __main__ - INFO - neck_design mAP: 0.0000
2025-05-13 21:54:53,546 - __main__ - INFO - texture-related mAP: 0.0000
2025-05-13 21:54:53,546 - __main__ - INFO - fabric-related mAP: 0.0000
2025-05-13 21:54:53,546 - __main__ - INFO - shape-related mAP: 0.0000
2025-05-13 21:54:53,546 - __main__ - INFO - part-related mAP: 0.0000
2025-05-13 21:54:53,546 - __main__ - INFO - style-related mAP: 0.0000
2025-05-13 21:54:53,546 - __main__ - INFO - clothes category mAP: 0.0000
2025-05-13 21:54:53,546 - __main__ - INFO - clothes button mAP: 0.0000
2025-05-13 21:54:53,546 - __main__ - INFO - clothes color mAP: 0.0000
2025-05-13 21:54:53,546 - __main__ - INFO - clothes length mAP: 0.0000
2025-05-13 21:54:53,546 - __main__ - INFO - clothes pattern mAP: 0.0000
2025-05-13 21:54:53,546 - __main__ - INFO - clothes shape mAP: 0.0000
2025-05-13 21:54:53,546 - __main__ - INFO - collar shape mAP: 19.0830
2025-05-13 21:54:53,546 - __main__ - INFO - sleeve length mAP: 0.0000
2025-05-13 21:54:53,546 - __main__ - INFO - sleeve shape mAP: 0.0000
2025-05-13 21:54:53,546 - __main__ - INFO - MeanAP: 19.0830

2025-05-13 21:54:54,171 - __main__ - INFO - lr:8.1e-05
2025-05-13 21:54:55,115 - __main__ - INFO - Task id: 19	Train Epoch: 9 [0/20000]	Loss: 1.6215 (1.6215) 	Acc: 93.75% (93.75%)
2025-05-13 21:56:04,846 - __main__ - INFO - Task id: 19	Train Epoch: 9 [6400/20000]	Loss: 1.7069 (1.7481) 	Acc: 93.75% (91.49%)
2025-05-13 21:57:14,452 - __main__ - INFO - Task id: 19	Train Epoch: 9 [12800/20000]	Loss: 1.7088 (1.7432) 	Acc: 100.00% (91.70%)
2025-05-13 21:58:24,442 - __main__ - INFO - Task id: 19	Train Epoch: 9 [19200/20000]	Loss: 2.2622 (1.7519) 	Acc: 93.75% (91.48%)
2025-05-13 21:59:35,408 - __main__ - INFO - Task id: 19
2025-05-13 21:59:35,408 - __main__ - INFO - Train Epoch: 9
2025-05-13 21:59:35,408 - __main__ - INFO - skirt_length mAP: 0.0000
2025-05-13 21:59:35,408 - __main__ - INFO - sleeve_length mAP: 0.0000
2025-05-13 21:59:35,408 - __main__ - INFO - coat_length mAP: 0.0000
2025-05-13 21:59:35,408 - __main__ - INFO - pant_length mAP: 0.0000
2025-05-13 21:59:35,408 - __main__ - INFO - collar_design mAP: 0.0000
2025-05-13 21:59:35,408 - __main__ - INFO - lapel_design mAP: 0.0000
2025-05-13 21:59:35,408 - __main__ - INFO - neckline_design mAP: 0.0000
2025-05-13 21:59:35,408 - __main__ - INFO - neck_design mAP: 0.0000
2025-05-13 21:59:35,408 - __main__ - INFO - texture-related mAP: 0.0000
2025-05-13 21:59:35,408 - __main__ - INFO - fabric-related mAP: 0.0000
2025-05-13 21:59:35,408 - __main__ - INFO - shape-related mAP: 0.0000
2025-05-13 21:59:35,408 - __main__ - INFO - part-related mAP: 0.0000
2025-05-13 21:59:35,408 - __main__ - INFO - style-related mAP: 0.0000
2025-05-13 21:59:35,408 - __main__ - INFO - clothes category mAP: 0.0000
2025-05-13 21:59:35,408 - __main__ - INFO - clothes button mAP: 0.0000
2025-05-13 21:59:35,408 - __main__ - INFO - clothes color mAP: 0.0000
2025-05-13 21:59:35,408 - __main__ - INFO - clothes length mAP: 0.0000
2025-05-13 21:59:35,408 - __main__ - INFO - clothes pattern mAP: 0.0000
2025-05-13 21:59:35,408 - __main__ - INFO - clothes shape mAP: 0.0000
2025-05-13 21:59:35,408 - __main__ - INFO - collar shape mAP: 19.8125
2025-05-13 21:59:35,409 - __main__ - INFO - sleeve length mAP: 0.0000
2025-05-13 21:59:35,409 - __main__ - INFO - sleeve shape mAP: 0.0000
2025-05-13 21:59:35,409 - __main__ - INFO - MeanAP: 19.8125

2025-05-13 21:59:36,575 - __main__ - INFO - lr:7.290000000000001e-05
2025-05-13 21:59:37,645 - __main__ - INFO - Task id: 19	Train Epoch: 10 [0/20000]	Loss: 1.9187 (1.9187) 	Acc: 93.75% (93.75%)
2025-05-13 22:00:47,233 - __main__ - INFO - Task id: 19	Train Epoch: 10 [6400/20000]	Loss: 1.6747 (1.7229) 	Acc: 93.75% (92.19%)
2025-05-13 22:01:57,145 - __main__ - INFO - Task id: 19	Train Epoch: 10 [12800/20000]	Loss: 1.6218 (1.7100) 	Acc: 100.00% (92.38%)
2025-05-13 22:03:07,481 - __main__ - INFO - Task id: 19	Train Epoch: 10 [19200/20000]	Loss: 1.5768 (1.6996) 	Acc: 93.75% (92.32%)
2025-05-13 22:04:15,895 - __main__ - INFO - Task id: 19
2025-05-13 22:04:15,896 - __main__ - INFO - Train Epoch: 10
2025-05-13 22:04:15,896 - __main__ - INFO - skirt_length mAP: 0.0000
2025-05-13 22:04:15,896 - __main__ - INFO - sleeve_length mAP: 0.0000
2025-05-13 22:04:15,896 - __main__ - INFO - coat_length mAP: 0.0000
2025-05-13 22:04:15,896 - __main__ - INFO - pant_length mAP: 0.0000
2025-05-13 22:04:15,896 - __main__ - INFO - collar_design mAP: 0.0000
2025-05-13 22:04:15,896 - __main__ - INFO - lapel_design mAP: 0.0000
2025-05-13 22:04:15,896 - __main__ - INFO - neckline_design mAP: 0.0000
2025-05-13 22:04:15,896 - __main__ - INFO - neck_design mAP: 0.0000
2025-05-13 22:04:15,896 - __main__ - INFO - texture-related mAP: 0.0000
2025-05-13 22:04:15,896 - __main__ - INFO - fabric-related mAP: 0.0000
2025-05-13 22:04:15,896 - __main__ - INFO - shape-related mAP: 0.0000
2025-05-13 22:04:15,896 - __main__ - INFO - part-related mAP: 0.0000
2025-05-13 22:04:15,896 - __main__ - INFO - style-related mAP: 0.0000
2025-05-13 22:04:15,896 - __main__ - INFO - clothes category mAP: 0.0000
2025-05-13 22:04:15,896 - __main__ - INFO - clothes button mAP: 0.0000
2025-05-13 22:04:15,896 - __main__ - INFO - clothes color mAP: 0.0000
2025-05-13 22:04:15,896 - __main__ - INFO - clothes length mAP: 0.0000
2025-05-13 22:04:15,896 - __main__ - INFO - clothes pattern mAP: 0.0000
2025-05-13 22:04:15,896 - __main__ - INFO - clothes shape mAP: 0.0000
2025-05-13 22:04:15,896 - __main__ - INFO - collar shape mAP: 19.4554
2025-05-13 22:04:15,896 - __main__ - INFO - sleeve length mAP: 0.0000
2025-05-13 22:04:15,896 - __main__ - INFO - sleeve shape mAP: 0.0000
2025-05-13 22:04:15,896 - __main__ - INFO - MeanAP: 19.4554

2025-05-13 22:04:16,509 - __main__ - INFO - lr:7.290000000000001e-05
2025-05-13 22:04:23,320 - __main__ - INFO - Task id: 20	Train Epoch: 1 [0/20000]	Loss: 3.4214 (3.4214) 	Acc: 56.25% (56.25%)
2025-05-13 22:05:32,950 - __main__ - INFO - Task id: 20	Train Epoch: 1 [6400/20000]	Loss: 3.0772 (3.0485) 	Acc: 75.00% (67.16%)
2025-05-13 22:06:41,972 - __main__ - INFO - Task id: 20	Train Epoch: 1 [12800/20000]	Loss: 2.7809 (2.9173) 	Acc: 75.00% (71.25%)
2025-05-13 22:07:51,871 - __main__ - INFO - Task id: 20	Train Epoch: 1 [19200/20000]	Loss: 2.6311 (2.8410) 	Acc: 81.25% (74.06%)
2025-05-13 22:08:31,483 - __main__ - INFO - Task id: 20
2025-05-13 22:08:31,483 - __main__ - INFO - Train Epoch: 1
2025-05-13 22:08:31,484 - __main__ - INFO - skirt_length mAP: 0.0000
2025-05-13 22:08:31,484 - __main__ - INFO - sleeve_length mAP: 0.0000
2025-05-13 22:08:31,484 - __main__ - INFO - coat_length mAP: 0.0000
2025-05-13 22:08:31,484 - __main__ - INFO - pant_length mAP: 0.0000
2025-05-13 22:08:31,484 - __main__ - INFO - collar_design mAP: 0.0000
2025-05-13 22:08:31,484 - __main__ - INFO - lapel_design mAP: 0.0000
2025-05-13 22:08:31,484 - __main__ - INFO - neckline_design mAP: 0.0000
2025-05-13 22:08:31,484 - __main__ - INFO - neck_design mAP: 0.0000
2025-05-13 22:08:31,484 - __main__ - INFO - texture-related mAP: 0.0000
2025-05-13 22:08:31,484 - __main__ - INFO - fabric-related mAP: 0.0000
2025-05-13 22:08:31,484 - __main__ - INFO - shape-related mAP: 0.0000
2025-05-13 22:08:31,484 - __main__ - INFO - part-related mAP: 0.0000
2025-05-13 22:08:31,484 - __main__ - INFO - style-related mAP: 0.0000
2025-05-13 22:08:31,484 - __main__ - INFO - clothes category mAP: 0.0000
2025-05-13 22:08:31,484 - __main__ - INFO - clothes button mAP: 0.0000
2025-05-13 22:08:31,484 - __main__ - INFO - clothes color mAP: 0.0000
2025-05-13 22:08:31,484 - __main__ - INFO - clothes length mAP: 0.0000
2025-05-13 22:08:31,484 - __main__ - INFO - clothes pattern mAP: 0.0000
2025-05-13 22:08:31,484 - __main__ - INFO - clothes shape mAP: 0.0000
2025-05-13 22:08:31,484 - __main__ - INFO - collar shape mAP: 0.0000
2025-05-13 22:08:31,484 - __main__ - INFO - sleeve length mAP: 73.3273
2025-05-13 22:08:31,484 - __main__ - INFO - sleeve shape mAP: 0.0000
2025-05-13 22:08:31,484 - __main__ - INFO - MeanAP: 73.3273

2025-05-13 22:08:34,729 - __main__ - INFO - lr:0.0001
2025-05-13 22:08:35,706 - __main__ - INFO - Task id: 20	Train Epoch: 2 [0/20000]	Loss: 3.0900 (3.0900) 	Acc: 68.75% (68.75%)
2025-05-13 22:09:45,316 - __main__ - INFO - Task id: 20	Train Epoch: 2 [6400/20000]	Loss: 2.3846 (2.6075) 	Acc: 81.25% (80.70%)
2025-05-13 22:10:55,972 - __main__ - INFO - Task id: 20	Train Epoch: 2 [12800/20000]	Loss: 2.9480 (2.5690) 	Acc: 68.75% (81.58%)
2025-05-13 22:12:06,636 - __main__ - INFO - Task id: 20	Train Epoch: 2 [19200/20000]	Loss: 2.1199 (2.5350) 	Acc: 75.00% (82.41%)
2025-05-13 22:12:42,315 - __main__ - INFO - Task id: 20
2025-05-13 22:12:42,316 - __main__ - INFO - Train Epoch: 2
2025-05-13 22:12:42,316 - __main__ - INFO - skirt_length mAP: 0.0000
2025-05-13 22:12:42,316 - __main__ - INFO - sleeve_length mAP: 0.0000
2025-05-13 22:12:42,316 - __main__ - INFO - coat_length mAP: 0.0000
2025-05-13 22:12:42,316 - __main__ - INFO - pant_length mAP: 0.0000
2025-05-13 22:12:42,316 - __main__ - INFO - collar_design mAP: 0.0000
2025-05-13 22:12:42,316 - __main__ - INFO - lapel_design mAP: 0.0000
2025-05-13 22:12:42,316 - __main__ - INFO - neckline_design mAP: 0.0000
2025-05-13 22:12:42,316 - __main__ - INFO - neck_design mAP: 0.0000
2025-05-13 22:12:42,316 - __main__ - INFO - texture-related mAP: 0.0000
2025-05-13 22:12:42,316 - __main__ - INFO - fabric-related mAP: 0.0000
2025-05-13 22:12:42,316 - __main__ - INFO - shape-related mAP: 0.0000
2025-05-13 22:12:42,316 - __main__ - INFO - part-related mAP: 0.0000
2025-05-13 22:12:42,316 - __main__ - INFO - style-related mAP: 0.0000
2025-05-13 22:12:42,316 - __main__ - INFO - clothes category mAP: 0.0000
2025-05-13 22:12:42,316 - __main__ - INFO - clothes button mAP: 0.0000
2025-05-13 22:12:42,316 - __main__ - INFO - clothes color mAP: 0.0000
2025-05-13 22:12:42,316 - __main__ - INFO - clothes length mAP: 0.0000
2025-05-13 22:12:42,316 - __main__ - INFO - clothes pattern mAP: 0.0000
2025-05-13 22:12:42,316 - __main__ - INFO - clothes shape mAP: 0.0000
2025-05-13 22:12:42,316 - __main__ - INFO - collar shape mAP: 0.0000
2025-05-13 22:12:42,316 - __main__ - INFO - sleeve length mAP: 73.0621
2025-05-13 22:12:42,316 - __main__ - INFO - sleeve shape mAP: 0.0000
2025-05-13 22:12:42,316 - __main__ - INFO - MeanAP: 73.0621

2025-05-13 22:12:42,935 - __main__ - INFO - lr:0.0001
2025-05-13 22:12:44,423 - __main__ - INFO - Task id: 20	Train Epoch: 3 [0/20000]	Loss: 2.6657 (2.6657) 	Acc: 75.00% (75.00%)
2025-05-13 22:13:54,911 - __main__ - INFO - Task id: 20	Train Epoch: 3 [6400/20000]	Loss: 2.6424 (2.4724) 	Acc: 68.75% (83.54%)
2025-05-13 22:15:03,930 - __main__ - INFO - Task id: 20	Train Epoch: 3 [12800/20000]	Loss: 2.4434 (2.4540) 	Acc: 81.25% (84.37%)
2025-05-13 22:16:13,668 - __main__ - INFO - Task id: 20	Train Epoch: 3 [19200/20000]	Loss: 2.3141 (2.4312) 	Acc: 81.25% (85.18%)
2025-05-13 22:16:50,122 - __main__ - INFO - Task id: 20
2025-05-13 22:16:50,122 - __main__ - INFO - Train Epoch: 3
2025-05-13 22:16:50,122 - __main__ - INFO - skirt_length mAP: 0.0000
2025-05-13 22:16:50,122 - __main__ - INFO - sleeve_length mAP: 0.0000
2025-05-13 22:16:50,122 - __main__ - INFO - coat_length mAP: 0.0000
2025-05-13 22:16:50,122 - __main__ - INFO - pant_length mAP: 0.0000
2025-05-13 22:16:50,122 - __main__ - INFO - collar_design mAP: 0.0000
2025-05-13 22:16:50,122 - __main__ - INFO - lapel_design mAP: 0.0000
2025-05-13 22:16:50,122 - __main__ - INFO - neckline_design mAP: 0.0000
2025-05-13 22:16:50,122 - __main__ - INFO - neck_design mAP: 0.0000
2025-05-13 22:16:50,123 - __main__ - INFO - texture-related mAP: 0.0000
2025-05-13 22:16:50,123 - __main__ - INFO - fabric-related mAP: 0.0000
2025-05-13 22:16:50,123 - __main__ - INFO - shape-related mAP: 0.0000
2025-05-13 22:16:50,123 - __main__ - INFO - part-related mAP: 0.0000
2025-05-13 22:16:50,123 - __main__ - INFO - style-related mAP: 0.0000
2025-05-13 22:16:50,123 - __main__ - INFO - clothes category mAP: 0.0000
2025-05-13 22:16:50,123 - __main__ - INFO - clothes button mAP: 0.0000
2025-05-13 22:16:50,123 - __main__ - INFO - clothes color mAP: 0.0000
2025-05-13 22:16:50,123 - __main__ - INFO - clothes length mAP: 0.0000
2025-05-13 22:16:50,123 - __main__ - INFO - clothes pattern mAP: 0.0000
2025-05-13 22:16:50,123 - __main__ - INFO - clothes shape mAP: 0.0000
2025-05-13 22:16:50,123 - __main__ - INFO - collar shape mAP: 0.0000
2025-05-13 22:16:50,123 - __main__ - INFO - sleeve length mAP: 73.5354
2025-05-13 22:16:50,123 - __main__ - INFO - sleeve shape mAP: 0.0000
2025-05-13 22:16:50,123 - __main__ - INFO - MeanAP: 73.5354

2025-05-13 22:16:51,587 - __main__ - INFO - lr:9e-05
2025-05-13 22:16:52,611 - __main__ - INFO - Task id: 20	Train Epoch: 4 [0/20000]	Loss: 2.0071 (2.0071) 	Acc: 93.75% (93.75%)
2025-05-13 22:18:01,404 - __main__ - INFO - Task id: 20	Train Epoch: 4 [6400/20000]	Loss: 1.8900 (2.3109) 	Acc: 87.50% (87.08%)
2025-05-13 22:19:09,828 - __main__ - INFO - Task id: 20	Train Epoch: 4 [12800/20000]	Loss: 2.2121 (2.2931) 	Acc: 93.75% (87.36%)
2025-05-13 22:20:18,022 - __main__ - INFO - Task id: 20	Train Epoch: 4 [19200/20000]	Loss: 2.4201 (2.2821) 	Acc: 87.50% (87.69%)
2025-05-13 22:20:53,108 - __main__ - INFO - Task id: 20
2025-05-13 22:20:53,108 - __main__ - INFO - Train Epoch: 4
2025-05-13 22:20:53,108 - __main__ - INFO - skirt_length mAP: 0.0000
2025-05-13 22:20:53,108 - __main__ - INFO - sleeve_length mAP: 0.0000
2025-05-13 22:20:53,108 - __main__ - INFO - coat_length mAP: 0.0000
2025-05-13 22:20:53,108 - __main__ - INFO - pant_length mAP: 0.0000
2025-05-13 22:20:53,109 - __main__ - INFO - collar_design mAP: 0.0000
2025-05-13 22:20:53,109 - __main__ - INFO - lapel_design mAP: 0.0000
2025-05-13 22:20:53,109 - __main__ - INFO - neckline_design mAP: 0.0000
2025-05-13 22:20:53,109 - __main__ - INFO - neck_design mAP: 0.0000
2025-05-13 22:20:53,109 - __main__ - INFO - texture-related mAP: 0.0000
2025-05-13 22:20:53,109 - __main__ - INFO - fabric-related mAP: 0.0000
2025-05-13 22:20:53,109 - __main__ - INFO - shape-related mAP: 0.0000
2025-05-13 22:20:53,109 - __main__ - INFO - part-related mAP: 0.0000
2025-05-13 22:20:53,109 - __main__ - INFO - style-related mAP: 0.0000
2025-05-13 22:20:53,109 - __main__ - INFO - clothes category mAP: 0.0000
2025-05-13 22:20:53,109 - __main__ - INFO - clothes button mAP: 0.0000
2025-05-13 22:20:53,109 - __main__ - INFO - clothes color mAP: 0.0000
2025-05-13 22:20:53,109 - __main__ - INFO - clothes length mAP: 0.0000
2025-05-13 22:20:53,109 - __main__ - INFO - clothes pattern mAP: 0.0000
2025-05-13 22:20:53,109 - __main__ - INFO - clothes shape mAP: 0.0000
2025-05-13 22:20:53,109 - __main__ - INFO - collar shape mAP: 0.0000
2025-05-13 22:20:53,109 - __main__ - INFO - sleeve length mAP: 74.5480
2025-05-13 22:20:53,109 - __main__ - INFO - sleeve shape mAP: 0.0000
2025-05-13 22:20:53,109 - __main__ - INFO - MeanAP: 74.5480

2025-05-13 22:20:54,526 - __main__ - INFO - lr:9e-05
2025-05-13 22:20:55,509 - __main__ - INFO - Task id: 20	Train Epoch: 5 [0/20000]	Loss: 2.0849 (2.0849) 	Acc: 100.00% (100.00%)
2025-05-13 22:22:04,396 - __main__ - INFO - Task id: 20	Train Epoch: 5 [6400/20000]	Loss: 2.3164 (2.2229) 	Acc: 87.50% (88.70%)
2025-05-13 22:23:12,780 - __main__ - INFO - Task id: 20	Train Epoch: 5 [12800/20000]	Loss: 1.8275 (2.2145) 	Acc: 100.00% (88.69%)
2025-05-13 22:24:21,379 - __main__ - INFO - Task id: 20	Train Epoch: 5 [19200/20000]	Loss: 2.1208 (2.1941) 	Acc: 87.50% (89.14%)
2025-05-13 22:24:55,203 - __main__ - INFO - Task id: 20
2025-05-13 22:24:55,203 - __main__ - INFO - Train Epoch: 5
2025-05-13 22:24:55,203 - __main__ - INFO - skirt_length mAP: 0.0000
2025-05-13 22:24:55,203 - __main__ - INFO - sleeve_length mAP: 0.0000
2025-05-13 22:24:55,203 - __main__ - INFO - coat_length mAP: 0.0000
2025-05-13 22:24:55,203 - __main__ - INFO - pant_length mAP: 0.0000
2025-05-13 22:24:55,203 - __main__ - INFO - collar_design mAP: 0.0000
2025-05-13 22:24:55,203 - __main__ - INFO - lapel_design mAP: 0.0000
2025-05-13 22:24:55,203 - __main__ - INFO - neckline_design mAP: 0.0000
2025-05-13 22:24:55,203 - __main__ - INFO - neck_design mAP: 0.0000
2025-05-13 22:24:55,203 - __main__ - INFO - texture-related mAP: 0.0000
2025-05-13 22:24:55,203 - __main__ - INFO - fabric-related mAP: 0.0000
2025-05-13 22:24:55,203 - __main__ - INFO - shape-related mAP: 0.0000
2025-05-13 22:24:55,203 - __main__ - INFO - part-related mAP: 0.0000
2025-05-13 22:24:55,203 - __main__ - INFO - style-related mAP: 0.0000
2025-05-13 22:24:55,203 - __main__ - INFO - clothes category mAP: 0.0000
2025-05-13 22:24:55,203 - __main__ - INFO - clothes button mAP: 0.0000
2025-05-13 22:24:55,203 - __main__ - INFO - clothes color mAP: 0.0000
2025-05-13 22:24:55,203 - __main__ - INFO - clothes length mAP: 0.0000
2025-05-13 22:24:55,203 - __main__ - INFO - clothes pattern mAP: 0.0000
2025-05-13 22:24:55,203 - __main__ - INFO - clothes shape mAP: 0.0000
2025-05-13 22:24:55,203 - __main__ - INFO - collar shape mAP: 0.0000
2025-05-13 22:24:55,204 - __main__ - INFO - sleeve length mAP: 74.1132
2025-05-13 22:24:55,204 - __main__ - INFO - sleeve shape mAP: 0.0000
2025-05-13 22:24:55,204 - __main__ - INFO - MeanAP: 74.1132

2025-05-13 22:24:55,812 - __main__ - INFO - lr:9e-05
2025-05-13 22:24:56,809 - __main__ - INFO - Task id: 20	Train Epoch: 6 [0/20000]	Loss: 2.3367 (2.3367) 	Acc: 87.50% (87.50%)
2025-05-13 22:26:07,290 - __main__ - INFO - Task id: 20	Train Epoch: 6 [6400/20000]	Loss: 2.6152 (2.1499) 	Acc: 93.75% (90.77%)
2025-05-13 22:27:16,509 - __main__ - INFO - Task id: 20	Train Epoch: 6 [12800/20000]	Loss: 2.0320 (2.1319) 	Acc: 87.50% (90.71%)
2025-05-13 22:28:25,385 - __main__ - INFO - Task id: 20	Train Epoch: 6 [19200/20000]	Loss: 2.0530 (2.1221) 	Acc: 87.50% (90.84%)
2025-05-13 22:29:00,338 - __main__ - INFO - Task id: 20
2025-05-13 22:29:00,338 - __main__ - INFO - Train Epoch: 6
2025-05-13 22:29:00,338 - __main__ - INFO - skirt_length mAP: 0.0000
2025-05-13 22:29:00,338 - __main__ - INFO - sleeve_length mAP: 0.0000
2025-05-13 22:29:00,338 - __main__ - INFO - coat_length mAP: 0.0000
2025-05-13 22:29:00,338 - __main__ - INFO - pant_length mAP: 0.0000
2025-05-13 22:29:00,338 - __main__ - INFO - collar_design mAP: 0.0000
2025-05-13 22:29:00,338 - __main__ - INFO - lapel_design mAP: 0.0000
2025-05-13 22:29:00,339 - __main__ - INFO - neckline_design mAP: 0.0000
2025-05-13 22:29:00,339 - __main__ - INFO - neck_design mAP: 0.0000
2025-05-13 22:29:00,339 - __main__ - INFO - texture-related mAP: 0.0000
2025-05-13 22:29:00,339 - __main__ - INFO - fabric-related mAP: 0.0000
2025-05-13 22:29:00,339 - __main__ - INFO - shape-related mAP: 0.0000
2025-05-13 22:29:00,339 - __main__ - INFO - part-related mAP: 0.0000
2025-05-13 22:29:00,339 - __main__ - INFO - style-related mAP: 0.0000
2025-05-13 22:29:00,339 - __main__ - INFO - clothes category mAP: 0.0000
2025-05-13 22:29:00,339 - __main__ - INFO - clothes button mAP: 0.0000
2025-05-13 22:29:00,339 - __main__ - INFO - clothes color mAP: 0.0000
2025-05-13 22:29:00,339 - __main__ - INFO - clothes length mAP: 0.0000
2025-05-13 22:29:00,339 - __main__ - INFO - clothes pattern mAP: 0.0000
2025-05-13 22:29:00,339 - __main__ - INFO - clothes shape mAP: 0.0000
2025-05-13 22:29:00,339 - __main__ - INFO - collar shape mAP: 0.0000
2025-05-13 22:29:00,339 - __main__ - INFO - sleeve length mAP: 73.2662
2025-05-13 22:29:00,339 - __main__ - INFO - sleeve shape mAP: 0.0000
2025-05-13 22:29:00,339 - __main__ - INFO - MeanAP: 73.2662

2025-05-13 22:29:00,946 - __main__ - INFO - lr:8.1e-05
2025-05-13 22:29:02,056 - __main__ - INFO - Task id: 20	Train Epoch: 7 [0/20000]	Loss: 1.7888 (1.7888) 	Acc: 100.00% (100.00%)
2025-05-13 22:30:12,050 - __main__ - INFO - Task id: 20	Train Epoch: 7 [6400/20000]	Loss: 2.4719 (2.0702) 	Acc: 87.50% (91.72%)
2025-05-13 22:31:20,866 - __main__ - INFO - Task id: 20	Train Epoch: 7 [12800/20000]	Loss: 2.0403 (2.0619) 	Acc: 93.75% (91.97%)
2025-05-13 22:32:30,076 - __main__ - INFO - Task id: 20	Train Epoch: 7 [19200/20000]	Loss: 1.8167 (2.0529) 	Acc: 100.00% (92.25%)
2025-05-13 22:33:04,872 - __main__ - INFO - Task id: 20
2025-05-13 22:33:04,872 - __main__ - INFO - Train Epoch: 7
2025-05-13 22:33:04,872 - __main__ - INFO - skirt_length mAP: 0.0000
2025-05-13 22:33:04,872 - __main__ - INFO - sleeve_length mAP: 0.0000
2025-05-13 22:33:04,872 - __main__ - INFO - coat_length mAP: 0.0000
2025-05-13 22:33:04,872 - __main__ - INFO - pant_length mAP: 0.0000
2025-05-13 22:33:04,872 - __main__ - INFO - collar_design mAP: 0.0000
2025-05-13 22:33:04,872 - __main__ - INFO - lapel_design mAP: 0.0000
2025-05-13 22:33:04,872 - __main__ - INFO - neckline_design mAP: 0.0000
2025-05-13 22:33:04,872 - __main__ - INFO - neck_design mAP: 0.0000
2025-05-13 22:33:04,872 - __main__ - INFO - texture-related mAP: 0.0000
2025-05-13 22:33:04,872 - __main__ - INFO - fabric-related mAP: 0.0000
2025-05-13 22:33:04,872 - __main__ - INFO - shape-related mAP: 0.0000
2025-05-13 22:33:04,872 - __main__ - INFO - part-related mAP: 0.0000
2025-05-13 22:33:04,872 - __main__ - INFO - style-related mAP: 0.0000
2025-05-13 22:33:04,872 - __main__ - INFO - clothes category mAP: 0.0000
2025-05-13 22:33:04,872 - __main__ - INFO - clothes button mAP: 0.0000
2025-05-13 22:33:04,872 - __main__ - INFO - clothes color mAP: 0.0000
2025-05-13 22:33:04,872 - __main__ - INFO - clothes length mAP: 0.0000
2025-05-13 22:33:04,873 - __main__ - INFO - clothes pattern mAP: 0.0000
2025-05-13 22:33:04,873 - __main__ - INFO - clothes shape mAP: 0.0000
2025-05-13 22:33:04,873 - __main__ - INFO - collar shape mAP: 0.0000
2025-05-13 22:33:04,873 - __main__ - INFO - sleeve length mAP: 73.9825
2025-05-13 22:33:04,873 - __main__ - INFO - sleeve shape mAP: 0.0000
2025-05-13 22:33:04,873 - __main__ - INFO - MeanAP: 73.9825

2025-05-13 22:33:05,480 - __main__ - INFO - lr:8.1e-05
2025-05-13 22:33:06,525 - __main__ - INFO - Task id: 20	Train Epoch: 8 [0/20000]	Loss: 2.0715 (2.0715) 	Acc: 93.75% (93.75%)
2025-05-13 22:34:15,794 - __main__ - INFO - Task id: 20	Train Epoch: 8 [6400/20000]	Loss: 1.7851 (2.0228) 	Acc: 100.00% (92.49%)
2025-05-13 22:35:24,955 - __main__ - INFO - Task id: 20	Train Epoch: 8 [12800/20000]	Loss: 1.8391 (2.0069) 	Acc: 100.00% (92.85%)
2025-05-13 22:36:33,511 - __main__ - INFO - Task id: 20	Train Epoch: 8 [19200/20000]	Loss: 1.9732 (1.9898) 	Acc: 93.75% (93.02%)
2025-05-13 22:37:09,115 - __main__ - INFO - Task id: 20
2025-05-13 22:37:09,116 - __main__ - INFO - Train Epoch: 8
2025-05-13 22:37:09,116 - __main__ - INFO - skirt_length mAP: 0.0000
2025-05-13 22:37:09,116 - __main__ - INFO - sleeve_length mAP: 0.0000
2025-05-13 22:37:09,116 - __main__ - INFO - coat_length mAP: 0.0000
2025-05-13 22:37:09,116 - __main__ - INFO - pant_length mAP: 0.0000
2025-05-13 22:37:09,116 - __main__ - INFO - collar_design mAP: 0.0000
2025-05-13 22:37:09,116 - __main__ - INFO - lapel_design mAP: 0.0000
2025-05-13 22:37:09,116 - __main__ - INFO - neckline_design mAP: 0.0000
2025-05-13 22:37:09,116 - __main__ - INFO - neck_design mAP: 0.0000
2025-05-13 22:37:09,116 - __main__ - INFO - texture-related mAP: 0.0000
2025-05-13 22:37:09,116 - __main__ - INFO - fabric-related mAP: 0.0000
2025-05-13 22:37:09,116 - __main__ - INFO - shape-related mAP: 0.0000
2025-05-13 22:37:09,116 - __main__ - INFO - part-related mAP: 0.0000
2025-05-13 22:37:09,116 - __main__ - INFO - style-related mAP: 0.0000
2025-05-13 22:37:09,116 - __main__ - INFO - clothes category mAP: 0.0000
2025-05-13 22:37:09,116 - __main__ - INFO - clothes button mAP: 0.0000
2025-05-13 22:37:09,116 - __main__ - INFO - clothes color mAP: 0.0000
2025-05-13 22:37:09,116 - __main__ - INFO - clothes length mAP: 0.0000
2025-05-13 22:37:09,116 - __main__ - INFO - clothes pattern mAP: 0.0000
2025-05-13 22:37:09,116 - __main__ - INFO - clothes shape mAP: 0.0000
2025-05-13 22:37:09,116 - __main__ - INFO - collar shape mAP: 0.0000
2025-05-13 22:37:09,116 - __main__ - INFO - sleeve length mAP: 74.5464
2025-05-13 22:37:09,116 - __main__ - INFO - sleeve shape mAP: 0.0000
2025-05-13 22:37:09,116 - __main__ - INFO - MeanAP: 74.5464

2025-05-13 22:37:09,731 - __main__ - INFO - lr:8.1e-05
2025-05-13 22:37:10,855 - __main__ - INFO - Task id: 20	Train Epoch: 9 [0/20000]	Loss: 1.7728 (1.7728) 	Acc: 100.00% (100.00%)
2025-05-13 22:38:20,625 - __main__ - INFO - Task id: 20	Train Epoch: 9 [6400/20000]	Loss: 1.4657 (1.9443) 	Acc: 100.00% (93.73%)
2025-05-13 22:39:29,658 - __main__ - INFO - Task id: 20	Train Epoch: 9 [12800/20000]	Loss: 1.8219 (1.9484) 	Acc: 100.00% (93.77%)
2025-05-13 22:40:38,834 - __main__ - INFO - Task id: 20	Train Epoch: 9 [19200/20000]	Loss: 1.6386 (1.9357) 	Acc: 93.75% (93.94%)
2025-05-13 22:41:15,980 - __main__ - INFO - Task id: 20
2025-05-13 22:41:15,981 - __main__ - INFO - Train Epoch: 9
2025-05-13 22:41:15,981 - __main__ - INFO - skirt_length mAP: 0.0000
2025-05-13 22:41:15,981 - __main__ - INFO - sleeve_length mAP: 0.0000
2025-05-13 22:41:15,981 - __main__ - INFO - coat_length mAP: 0.0000
2025-05-13 22:41:15,981 - __main__ - INFO - pant_length mAP: 0.0000
2025-05-13 22:41:15,981 - __main__ - INFO - collar_design mAP: 0.0000
2025-05-13 22:41:15,981 - __main__ - INFO - lapel_design mAP: 0.0000
2025-05-13 22:41:15,981 - __main__ - INFO - neckline_design mAP: 0.0000
2025-05-13 22:41:15,981 - __main__ - INFO - neck_design mAP: 0.0000
2025-05-13 22:41:15,981 - __main__ - INFO - texture-related mAP: 0.0000
2025-05-13 22:41:15,981 - __main__ - INFO - fabric-related mAP: 0.0000
2025-05-13 22:41:15,981 - __main__ - INFO - shape-related mAP: 0.0000
2025-05-13 22:41:15,981 - __main__ - INFO - part-related mAP: 0.0000
2025-05-13 22:41:15,981 - __main__ - INFO - style-related mAP: 0.0000
2025-05-13 22:41:15,981 - __main__ - INFO - clothes category mAP: 0.0000
2025-05-13 22:41:15,981 - __main__ - INFO - clothes button mAP: 0.0000
2025-05-13 22:41:15,981 - __main__ - INFO - clothes color mAP: 0.0000
2025-05-13 22:41:15,981 - __main__ - INFO - clothes length mAP: 0.0000
2025-05-13 22:41:15,981 - __main__ - INFO - clothes pattern mAP: 0.0000
2025-05-13 22:41:15,981 - __main__ - INFO - clothes shape mAP: 0.0000
2025-05-13 22:41:15,981 - __main__ - INFO - collar shape mAP: 0.0000
2025-05-13 22:41:15,981 - __main__ - INFO - sleeve length mAP: 74.0568
2025-05-13 22:41:15,981 - __main__ - INFO - sleeve shape mAP: 0.0000
2025-05-13 22:41:15,981 - __main__ - INFO - MeanAP: 74.0568

2025-05-13 22:41:16,589 - __main__ - INFO - lr:7.290000000000001e-05
2025-05-13 22:41:17,609 - __main__ - INFO - Task id: 20	Train Epoch: 10 [0/20000]	Loss: 1.9787 (1.9787) 	Acc: 93.75% (93.75%)
2025-05-13 22:42:27,237 - __main__ - INFO - Task id: 20	Train Epoch: 10 [6400/20000]	Loss: 2.4122 (1.9069) 	Acc: 87.50% (94.34%)
2025-05-13 22:43:35,957 - __main__ - INFO - Task id: 20	Train Epoch: 10 [12800/20000]	Loss: 1.6420 (1.8945) 	Acc: 100.00% (94.74%)
2025-05-13 22:44:45,333 - __main__ - INFO - Task id: 20	Train Epoch: 10 [19200/20000]	Loss: 1.8651 (1.8826) 	Acc: 93.75% (94.66%)
2025-05-13 22:45:20,695 - __main__ - INFO - Task id: 20
2025-05-13 22:45:20,695 - __main__ - INFO - Train Epoch: 10
2025-05-13 22:45:20,695 - __main__ - INFO - skirt_length mAP: 0.0000
2025-05-13 22:45:20,695 - __main__ - INFO - sleeve_length mAP: 0.0000
2025-05-13 22:45:20,695 - __main__ - INFO - coat_length mAP: 0.0000
2025-05-13 22:45:20,695 - __main__ - INFO - pant_length mAP: 0.0000
2025-05-13 22:45:20,695 - __main__ - INFO - collar_design mAP: 0.0000
2025-05-13 22:45:20,695 - __main__ - INFO - lapel_design mAP: 0.0000
2025-05-13 22:45:20,695 - __main__ - INFO - neckline_design mAP: 0.0000
2025-05-13 22:45:20,696 - __main__ - INFO - neck_design mAP: 0.0000
2025-05-13 22:45:20,696 - __main__ - INFO - texture-related mAP: 0.0000
2025-05-13 22:45:20,696 - __main__ - INFO - fabric-related mAP: 0.0000
2025-05-13 22:45:20,696 - __main__ - INFO - shape-related mAP: 0.0000
2025-05-13 22:45:20,696 - __main__ - INFO - part-related mAP: 0.0000
2025-05-13 22:45:20,696 - __main__ - INFO - style-related mAP: 0.0000
2025-05-13 22:45:20,696 - __main__ - INFO - clothes category mAP: 0.0000
2025-05-13 22:45:20,696 - __main__ - INFO - clothes button mAP: 0.0000
2025-05-13 22:45:20,696 - __main__ - INFO - clothes color mAP: 0.0000
2025-05-13 22:45:20,696 - __main__ - INFO - clothes length mAP: 0.0000
2025-05-13 22:45:20,696 - __main__ - INFO - clothes pattern mAP: 0.0000
2025-05-13 22:45:20,696 - __main__ - INFO - clothes shape mAP: 0.0000
2025-05-13 22:45:20,696 - __main__ - INFO - collar shape mAP: 0.0000
2025-05-13 22:45:20,696 - __main__ - INFO - sleeve length mAP: 74.4235
2025-05-13 22:45:20,696 - __main__ - INFO - sleeve shape mAP: 0.0000
2025-05-13 22:45:20,696 - __main__ - INFO - MeanAP: 74.4235

2025-05-13 22:45:21,326 - __main__ - INFO - lr:7.290000000000001e-05
2025-05-13 22:45:53,869 - __main__ - INFO - Task id: 21	Train Epoch: 1 [0/20000]	Loss: 3.4420 (3.4420) 	Acc: 56.25% (56.25%)
2025-05-13 22:47:03,787 - __main__ - INFO - Task id: 21	Train Epoch: 1 [6400/20000]	Loss: 3.0367 (3.0723) 	Acc: 56.25% (64.34%)
2025-05-13 22:48:12,422 - __main__ - INFO - Task id: 21	Train Epoch: 1 [12800/20000]	Loss: 3.1655 (2.9535) 	Acc: 81.25% (67.60%)
2025-05-13 22:49:22,955 - __main__ - INFO - Task id: 21	Train Epoch: 1 [19200/20000]	Loss: 2.1365 (2.8434) 	Acc: 75.00% (69.69%)
2025-05-13 22:50:30,013 - __main__ - INFO - Task id: 21
2025-05-13 22:50:30,014 - __main__ - INFO - Train Epoch: 1
2025-05-13 22:50:30,014 - __main__ - INFO - skirt_length mAP: 0.0000
2025-05-13 22:50:30,014 - __main__ - INFO - sleeve_length mAP: 0.0000
2025-05-13 22:50:30,014 - __main__ - INFO - coat_length mAP: 0.0000
2025-05-13 22:50:30,014 - __main__ - INFO - pant_length mAP: 0.0000
2025-05-13 22:50:30,014 - __main__ - INFO - collar_design mAP: 0.0000
2025-05-13 22:50:30,014 - __main__ - INFO - lapel_design mAP: 0.0000
2025-05-13 22:50:30,014 - __main__ - INFO - neckline_design mAP: 0.0000
2025-05-13 22:50:30,014 - __main__ - INFO - neck_design mAP: 0.0000
2025-05-13 22:50:30,014 - __main__ - INFO - texture-related mAP: 0.0000
2025-05-13 22:50:30,014 - __main__ - INFO - fabric-related mAP: 0.0000
2025-05-13 22:50:30,014 - __main__ - INFO - shape-related mAP: 0.0000
2025-05-13 22:50:30,014 - __main__ - INFO - part-related mAP: 0.0000
2025-05-13 22:50:30,014 - __main__ - INFO - style-related mAP: 0.0000
2025-05-13 22:50:30,014 - __main__ - INFO - clothes category mAP: 0.0000
2025-05-13 22:50:30,014 - __main__ - INFO - clothes button mAP: 0.0000
2025-05-13 22:50:30,014 - __main__ - INFO - clothes color mAP: 0.0000
2025-05-13 22:50:30,014 - __main__ - INFO - clothes length mAP: 0.0000
2025-05-13 22:50:30,014 - __main__ - INFO - clothes pattern mAP: 0.0000
2025-05-13 22:50:30,014 - __main__ - INFO - clothes shape mAP: 0.0000
2025-05-13 22:50:30,014 - __main__ - INFO - collar shape mAP: 0.0000
2025-05-13 22:50:30,014 - __main__ - INFO - sleeve length mAP: 0.0000
2025-05-13 22:50:30,014 - __main__ - INFO - sleeve shape mAP: 57.0272
2025-05-13 22:50:30,014 - __main__ - INFO - MeanAP: 57.0272

2025-05-13 22:50:32,547 - __main__ - INFO - lr:0.0001
2025-05-13 22:50:33,735 - __main__ - INFO - Task id: 21	Train Epoch: 2 [0/20000]	Loss: 2.7686 (2.7686) 	Acc: 75.00% (75.00%)
2025-05-13 22:51:43,033 - __main__ - INFO - Task id: 21	Train Epoch: 2 [6400/20000]	Loss: 3.4218 (2.4813) 	Acc: 25.00% (78.10%)
2025-05-13 22:52:50,388 - __main__ - INFO - Task id: 21	Train Epoch: 2 [12800/20000]	Loss: 2.2739 (2.4081) 	Acc: 75.00% (79.32%)
2025-05-13 22:53:58,695 - __main__ - INFO - Task id: 21	Train Epoch: 2 [19200/20000]	Loss: 1.9659 (2.3659) 	Acc: 93.75% (79.98%)
2025-05-13 22:55:00,079 - __main__ - INFO - Task id: 21
2025-05-13 22:55:00,079 - __main__ - INFO - Train Epoch: 2
2025-05-13 22:55:00,079 - __main__ - INFO - skirt_length mAP: 0.0000
2025-05-13 22:55:00,079 - __main__ - INFO - sleeve_length mAP: 0.0000
2025-05-13 22:55:00,079 - __main__ - INFO - coat_length mAP: 0.0000
2025-05-13 22:55:00,079 - __main__ - INFO - pant_length mAP: 0.0000
2025-05-13 22:55:00,079 - __main__ - INFO - collar_design mAP: 0.0000
2025-05-13 22:55:00,079 - __main__ - INFO - lapel_design mAP: 0.0000
2025-05-13 22:55:00,079 - __main__ - INFO - neckline_design mAP: 0.0000
2025-05-13 22:55:00,079 - __main__ - INFO - neck_design mAP: 0.0000
2025-05-13 22:55:00,079 - __main__ - INFO - texture-related mAP: 0.0000
2025-05-13 22:55:00,079 - __main__ - INFO - fabric-related mAP: 0.0000
2025-05-13 22:55:00,079 - __main__ - INFO - shape-related mAP: 0.0000
2025-05-13 22:55:00,079 - __main__ - INFO - part-related mAP: 0.0000
2025-05-13 22:55:00,079 - __main__ - INFO - style-related mAP: 0.0000
2025-05-13 22:55:00,079 - __main__ - INFO - clothes category mAP: 0.0000
2025-05-13 22:55:00,079 - __main__ - INFO - clothes button mAP: 0.0000
2025-05-13 22:55:00,079 - __main__ - INFO - clothes color mAP: 0.0000
2025-05-13 22:55:00,079 - __main__ - INFO - clothes length mAP: 0.0000
2025-05-13 22:55:00,079 - __main__ - INFO - clothes pattern mAP: 0.0000
2025-05-13 22:55:00,080 - __main__ - INFO - clothes shape mAP: 0.0000
2025-05-13 22:55:00,080 - __main__ - INFO - collar shape mAP: 0.0000
2025-05-13 22:55:00,080 - __main__ - INFO - sleeve length mAP: 0.0000
2025-05-13 22:55:00,080 - __main__ - INFO - sleeve shape mAP: 57.4828
2025-05-13 22:55:00,080 - __main__ - INFO - MeanAP: 57.4828

2025-05-13 22:55:01,368 - __main__ - INFO - lr:0.0001
2025-05-13 22:55:02,408 - __main__ - INFO - Task id: 21	Train Epoch: 3 [0/20000]	Loss: 2.3142 (2.3142) 	Acc: 75.00% (75.00%)
2025-05-13 22:56:12,609 - __main__ - INFO - Task id: 21	Train Epoch: 3 [6400/20000]	Loss: 2.1599 (2.2440) 	Acc: 100.00% (81.90%)
2025-05-13 22:57:21,377 - __main__ - INFO - Task id: 21	Train Epoch: 3 [12800/20000]	Loss: 1.8683 (2.2068) 	Acc: 93.75% (82.67%)
2025-05-13 22:58:30,747 - __main__ - INFO - Task id: 21	Train Epoch: 3 [19200/20000]	Loss: 2.0363 (2.1640) 	Acc: 87.50% (83.67%)
2025-05-13 22:59:31,507 - __main__ - INFO - Task id: 21
2025-05-13 22:59:31,508 - __main__ - INFO - Train Epoch: 3
2025-05-13 22:59:31,508 - __main__ - INFO - skirt_length mAP: 0.0000
2025-05-13 22:59:31,508 - __main__ - INFO - sleeve_length mAP: 0.0000
2025-05-13 22:59:31,508 - __main__ - INFO - coat_length mAP: 0.0000
2025-05-13 22:59:31,508 - __main__ - INFO - pant_length mAP: 0.0000
2025-05-13 22:59:31,508 - __main__ - INFO - collar_design mAP: 0.0000
2025-05-13 22:59:31,508 - __main__ - INFO - lapel_design mAP: 0.0000
2025-05-13 22:59:31,508 - __main__ - INFO - neckline_design mAP: 0.0000
2025-05-13 22:59:31,508 - __main__ - INFO - neck_design mAP: 0.0000
2025-05-13 22:59:31,508 - __main__ - INFO - texture-related mAP: 0.0000
2025-05-13 22:59:31,508 - __main__ - INFO - fabric-related mAP: 0.0000
2025-05-13 22:59:31,508 - __main__ - INFO - shape-related mAP: 0.0000
2025-05-13 22:59:31,508 - __main__ - INFO - part-related mAP: 0.0000
2025-05-13 22:59:31,508 - __main__ - INFO - style-related mAP: 0.0000
2025-05-13 22:59:31,508 - __main__ - INFO - clothes category mAP: 0.0000
2025-05-13 22:59:31,508 - __main__ - INFO - clothes button mAP: 0.0000
2025-05-13 22:59:31,508 - __main__ - INFO - clothes color mAP: 0.0000
2025-05-13 22:59:31,508 - __main__ - INFO - clothes length mAP: 0.0000
2025-05-13 22:59:31,508 - __main__ - INFO - clothes pattern mAP: 0.0000
2025-05-13 22:59:31,508 - __main__ - INFO - clothes shape mAP: 0.0000
2025-05-13 22:59:31,508 - __main__ - INFO - collar shape mAP: 0.0000
2025-05-13 22:59:31,508 - __main__ - INFO - sleeve length mAP: 0.0000
2025-05-13 22:59:31,508 - __main__ - INFO - sleeve shape mAP: 57.2910
2025-05-13 22:59:31,508 - __main__ - INFO - MeanAP: 57.2910

2025-05-13 22:59:32,125 - __main__ - INFO - lr:9e-05
2025-05-13 22:59:33,195 - __main__ - INFO - Task id: 21	Train Epoch: 4 [0/20000]	Loss: 2.3784 (2.3784) 	Acc: 81.25% (81.25%)
2025-05-13 23:00:43,679 - __main__ - INFO - Task id: 21	Train Epoch: 4 [6400/20000]	Loss: 2.3438 (2.0391) 	Acc: 87.50% (86.36%)
2025-05-13 23:02:09,187 - __main__ - INFO - Task id: 21	Train Epoch: 4 [12800/20000]	Loss: 1.6001 (1.9966) 	Acc: 87.50% (87.09%)
2025-05-13 23:03:19,238 - __main__ - INFO - Task id: 21	Train Epoch: 4 [19200/20000]	Loss: 1.5996 (1.9715) 	Acc: 100.00% (87.67%)
2025-05-13 23:04:20,568 - __main__ - INFO - Task id: 21
2025-05-13 23:04:20,569 - __main__ - INFO - Train Epoch: 4
2025-05-13 23:04:20,569 - __main__ - INFO - skirt_length mAP: 0.0000
2025-05-13 23:04:20,569 - __main__ - INFO - sleeve_length mAP: 0.0000
2025-05-13 23:04:20,569 - __main__ - INFO - coat_length mAP: 0.0000
2025-05-13 23:04:20,569 - __main__ - INFO - pant_length mAP: 0.0000
2025-05-13 23:04:20,569 - __main__ - INFO - collar_design mAP: 0.0000
2025-05-13 23:04:20,569 - __main__ - INFO - lapel_design mAP: 0.0000
2025-05-13 23:04:20,569 - __main__ - INFO - neckline_design mAP: 0.0000
2025-05-13 23:04:20,569 - __main__ - INFO - neck_design mAP: 0.0000
2025-05-13 23:04:20,569 - __main__ - INFO - texture-related mAP: 0.0000
2025-05-13 23:04:20,569 - __main__ - INFO - fabric-related mAP: 0.0000
2025-05-13 23:04:20,569 - __main__ - INFO - shape-related mAP: 0.0000
2025-05-13 23:04:20,569 - __main__ - INFO - part-related mAP: 0.0000
2025-05-13 23:04:20,569 - __main__ - INFO - style-related mAP: 0.0000
2025-05-13 23:04:20,569 - __main__ - INFO - clothes category mAP: 0.0000
2025-05-13 23:04:20,569 - __main__ - INFO - clothes button mAP: 0.0000
2025-05-13 23:04:20,569 - __main__ - INFO - clothes color mAP: 0.0000
2025-05-13 23:04:20,569 - __main__ - INFO - clothes length mAP: 0.0000
2025-05-13 23:04:20,569 - __main__ - INFO - clothes pattern mAP: 0.0000
2025-05-13 23:04:20,569 - __main__ - INFO - clothes shape mAP: 0.0000
2025-05-13 23:04:20,569 - __main__ - INFO - collar shape mAP: 0.0000
2025-05-13 23:04:20,570 - __main__ - INFO - sleeve length mAP: 0.0000
2025-05-13 23:04:20,570 - __main__ - INFO - sleeve shape mAP: 57.9255
2025-05-13 23:04:20,570 - __main__ - INFO - MeanAP: 57.9255

2025-05-13 23:04:21,880 - __main__ - INFO - lr:9e-05
2025-05-13 23:04:22,928 - __main__ - INFO - Task id: 21	Train Epoch: 5 [0/20000]	Loss: 1.6994 (1.6994) 	Acc: 93.75% (93.75%)
2025-05-13 23:05:32,249 - __main__ - INFO - Task id: 21	Train Epoch: 5 [6400/20000]	Loss: 1.5499 (1.8722) 	Acc: 100.00% (88.89%)
2025-05-13 23:06:53,930 - __main__ - INFO - Task id: 21	Train Epoch: 5 [12800/20000]	Loss: 2.0226 (1.8489) 	Acc: 87.50% (89.58%)
2025-05-13 23:08:03,179 - __main__ - INFO - Task id: 21	Train Epoch: 5 [19200/20000]	Loss: 1.6298 (1.8242) 	Acc: 87.50% (89.83%)
2025-05-13 23:09:11,691 - __main__ - INFO - Task id: 21
2025-05-13 23:09:11,691 - __main__ - INFO - Train Epoch: 5
2025-05-13 23:09:11,691 - __main__ - INFO - skirt_length mAP: 0.0000
2025-05-13 23:09:11,691 - __main__ - INFO - sleeve_length mAP: 0.0000
2025-05-13 23:09:11,691 - __main__ - INFO - coat_length mAP: 0.0000
2025-05-13 23:09:11,691 - __main__ - INFO - pant_length mAP: 0.0000
2025-05-13 23:09:11,691 - __main__ - INFO - collar_design mAP: 0.0000
2025-05-13 23:09:11,691 - __main__ - INFO - lapel_design mAP: 0.0000
2025-05-13 23:09:11,691 - __main__ - INFO - neckline_design mAP: 0.0000
2025-05-13 23:09:11,691 - __main__ - INFO - neck_design mAP: 0.0000
2025-05-13 23:09:11,691 - __main__ - INFO - texture-related mAP: 0.0000
2025-05-13 23:09:11,691 - __main__ - INFO - fabric-related mAP: 0.0000
2025-05-13 23:09:11,691 - __main__ - INFO - shape-related mAP: 0.0000
2025-05-13 23:09:11,691 - __main__ - INFO - part-related mAP: 0.0000
2025-05-13 23:09:11,691 - __main__ - INFO - style-related mAP: 0.0000
2025-05-13 23:09:11,691 - __main__ - INFO - clothes category mAP: 0.0000
2025-05-13 23:09:11,691 - __main__ - INFO - clothes button mAP: 0.0000
2025-05-13 23:09:11,691 - __main__ - INFO - clothes color mAP: 0.0000
2025-05-13 23:09:11,692 - __main__ - INFO - clothes length mAP: 0.0000
2025-05-13 23:09:11,692 - __main__ - INFO - clothes pattern mAP: 0.0000
2025-05-13 23:09:11,692 - __main__ - INFO - clothes shape mAP: 0.0000
2025-05-13 23:09:11,692 - __main__ - INFO - collar shape mAP: 0.0000
2025-05-13 23:09:11,692 - __main__ - INFO - sleeve length mAP: 0.0000
2025-05-13 23:09:11,692 - __main__ - INFO - sleeve shape mAP: 57.9415
2025-05-13 23:09:11,692 - __main__ - INFO - MeanAP: 57.9415

2025-05-13 23:09:13,207 - __main__ - INFO - lr:9e-05
2025-05-13 23:09:14,306 - __main__ - INFO - Task id: 21	Train Epoch: 6 [0/20000]	Loss: 1.5610 (1.5610) 	Acc: 87.50% (87.50%)
2025-05-13 23:10:26,545 - __main__ - INFO - Task id: 21	Train Epoch: 6 [6400/20000]	Loss: 1.4349 (1.7185) 	Acc: 93.75% (91.19%)
2025-05-13 23:11:34,751 - __main__ - INFO - Task id: 21	Train Epoch: 6 [12800/20000]	Loss: 1.6515 (1.7159) 	Acc: 87.50% (90.84%)
2025-05-13 23:12:43,927 - __main__ - INFO - Task id: 21	Train Epoch: 6 [19200/20000]	Loss: 1.7579 (1.7034) 	Acc: 87.50% (91.10%)
2025-05-13 23:13:48,110 - __main__ - INFO - Task id: 21
2025-05-13 23:13:48,110 - __main__ - INFO - Train Epoch: 6
2025-05-13 23:13:48,110 - __main__ - INFO - skirt_length mAP: 0.0000
2025-05-13 23:13:48,110 - __main__ - INFO - sleeve_length mAP: 0.0000
2025-05-13 23:13:48,110 - __main__ - INFO - coat_length mAP: 0.0000
2025-05-13 23:13:48,110 - __main__ - INFO - pant_length mAP: 0.0000
2025-05-13 23:13:48,110 - __main__ - INFO - collar_design mAP: 0.0000
2025-05-13 23:13:48,110 - __main__ - INFO - lapel_design mAP: 0.0000
2025-05-13 23:13:48,110 - __main__ - INFO - neckline_design mAP: 0.0000
2025-05-13 23:13:48,110 - __main__ - INFO - neck_design mAP: 0.0000
2025-05-13 23:13:48,110 - __main__ - INFO - texture-related mAP: 0.0000
2025-05-13 23:13:48,110 - __main__ - INFO - fabric-related mAP: 0.0000
2025-05-13 23:13:48,111 - __main__ - INFO - shape-related mAP: 0.0000
2025-05-13 23:13:48,111 - __main__ - INFO - part-related mAP: 0.0000
2025-05-13 23:13:48,111 - __main__ - INFO - style-related mAP: 0.0000
2025-05-13 23:13:48,111 - __main__ - INFO - clothes category mAP: 0.0000
2025-05-13 23:13:48,111 - __main__ - INFO - clothes button mAP: 0.0000
2025-05-13 23:13:48,111 - __main__ - INFO - clothes color mAP: 0.0000
2025-05-13 23:13:48,111 - __main__ - INFO - clothes length mAP: 0.0000
2025-05-13 23:13:48,111 - __main__ - INFO - clothes pattern mAP: 0.0000
2025-05-13 23:13:48,111 - __main__ - INFO - clothes shape mAP: 0.0000
2025-05-13 23:13:48,111 - __main__ - INFO - collar shape mAP: 0.0000
2025-05-13 23:13:48,111 - __main__ - INFO - sleeve length mAP: 0.0000
2025-05-13 23:13:48,111 - __main__ - INFO - sleeve shape mAP: 58.0006
2025-05-13 23:13:48,111 - __main__ - INFO - MeanAP: 58.0006

2025-05-13 23:13:49,370 - __main__ - INFO - lr:8.1e-05
2025-05-13 23:13:50,461 - __main__ - INFO - Task id: 21	Train Epoch: 7 [0/20000]	Loss: 2.1501 (2.1501) 	Acc: 75.00% (75.00%)
2025-05-13 23:14:59,396 - __main__ - INFO - Task id: 21	Train Epoch: 7 [6400/20000]	Loss: 1.2643 (1.6459) 	Acc: 100.00% (91.82%)
2025-05-13 23:16:09,295 - __main__ - INFO - Task id: 21	Train Epoch: 7 [12800/20000]	Loss: 1.8421 (1.6359) 	Acc: 87.50% (92.02%)
2025-05-13 23:17:18,087 - __main__ - INFO - Task id: 21	Train Epoch: 7 [19200/20000]	Loss: 1.6276 (1.6228) 	Acc: 87.50% (92.27%)
2025-05-13 23:18:21,247 - __main__ - INFO - Task id: 21
2025-05-13 23:18:21,247 - __main__ - INFO - Train Epoch: 7
2025-05-13 23:18:21,247 - __main__ - INFO - skirt_length mAP: 0.0000
2025-05-13 23:18:21,247 - __main__ - INFO - sleeve_length mAP: 0.0000
2025-05-13 23:18:21,247 - __main__ - INFO - coat_length mAP: 0.0000
2025-05-13 23:18:21,247 - __main__ - INFO - pant_length mAP: 0.0000
2025-05-13 23:18:21,247 - __main__ - INFO - collar_design mAP: 0.0000
2025-05-13 23:18:21,247 - __main__ - INFO - lapel_design mAP: 0.0000
2025-05-13 23:18:21,247 - __main__ - INFO - neckline_design mAP: 0.0000
2025-05-13 23:18:21,247 - __main__ - INFO - neck_design mAP: 0.0000
2025-05-13 23:18:21,247 - __main__ - INFO - texture-related mAP: 0.0000
2025-05-13 23:18:21,247 - __main__ - INFO - fabric-related mAP: 0.0000
2025-05-13 23:18:21,247 - __main__ - INFO - shape-related mAP: 0.0000
2025-05-13 23:18:21,247 - __main__ - INFO - part-related mAP: 0.0000
2025-05-13 23:18:21,247 - __main__ - INFO - style-related mAP: 0.0000
2025-05-13 23:18:21,247 - __main__ - INFO - clothes category mAP: 0.0000
2025-05-13 23:18:21,247 - __main__ - INFO - clothes button mAP: 0.0000
2025-05-13 23:18:21,247 - __main__ - INFO - clothes color mAP: 0.0000
2025-05-13 23:18:21,247 - __main__ - INFO - clothes length mAP: 0.0000
2025-05-13 23:18:21,247 - __main__ - INFO - clothes pattern mAP: 0.0000
2025-05-13 23:18:21,247 - __main__ - INFO - clothes shape mAP: 0.0000
2025-05-13 23:18:21,247 - __main__ - INFO - collar shape mAP: 0.0000
2025-05-13 23:18:21,247 - __main__ - INFO - sleeve length mAP: 0.0000
2025-05-13 23:18:21,247 - __main__ - INFO - sleeve shape mAP: 58.0364
2025-05-13 23:18:21,248 - __main__ - INFO - MeanAP: 58.0364

2025-05-13 23:18:22,589 - __main__ - INFO - lr:8.1e-05
2025-05-13 23:18:23,586 - __main__ - INFO - Task id: 21	Train Epoch: 8 [0/20000]	Loss: 1.4099 (1.4099) 	Acc: 93.75% (93.75%)
2025-05-13 23:19:32,336 - __main__ - INFO - Task id: 21	Train Epoch: 8 [6400/20000]	Loss: 1.5958 (1.5685) 	Acc: 87.50% (92.75%)
2025-05-13 23:20:40,985 - __main__ - INFO - Task id: 21	Train Epoch: 8 [12800/20000]	Loss: 1.2972 (1.5657) 	Acc: 87.50% (92.74%)
2025-05-13 23:21:49,660 - __main__ - INFO - Task id: 21	Train Epoch: 8 [19200/20000]	Loss: 1.5896 (1.5603) 	Acc: 100.00% (93.18%)
2025-05-13 23:22:53,628 - __main__ - INFO - Task id: 21
2025-05-13 23:22:53,629 - __main__ - INFO - Train Epoch: 8
2025-05-13 23:22:53,629 - __main__ - INFO - skirt_length mAP: 0.0000
2025-05-13 23:22:53,629 - __main__ - INFO - sleeve_length mAP: 0.0000
2025-05-13 23:22:53,629 - __main__ - INFO - coat_length mAP: 0.0000
2025-05-13 23:22:53,629 - __main__ - INFO - pant_length mAP: 0.0000
2025-05-13 23:22:53,629 - __main__ - INFO - collar_design mAP: 0.0000
2025-05-13 23:22:53,629 - __main__ - INFO - lapel_design mAP: 0.0000
2025-05-13 23:22:53,629 - __main__ - INFO - neckline_design mAP: 0.0000
2025-05-13 23:22:53,629 - __main__ - INFO - neck_design mAP: 0.0000
2025-05-13 23:22:53,629 - __main__ - INFO - texture-related mAP: 0.0000
2025-05-13 23:22:53,629 - __main__ - INFO - fabric-related mAP: 0.0000
2025-05-13 23:22:53,629 - __main__ - INFO - shape-related mAP: 0.0000
2025-05-13 23:22:53,629 - __main__ - INFO - part-related mAP: 0.0000
2025-05-13 23:22:53,629 - __main__ - INFO - style-related mAP: 0.0000
2025-05-13 23:22:53,629 - __main__ - INFO - clothes category mAP: 0.0000
2025-05-13 23:22:53,629 - __main__ - INFO - clothes button mAP: 0.0000
2025-05-13 23:22:53,629 - __main__ - INFO - clothes color mAP: 0.0000
2025-05-13 23:22:53,629 - __main__ - INFO - clothes length mAP: 0.0000
2025-05-13 23:22:53,629 - __main__ - INFO - clothes pattern mAP: 0.0000
2025-05-13 23:22:53,629 - __main__ - INFO - clothes shape mAP: 0.0000
2025-05-13 23:22:53,629 - __main__ - INFO - collar shape mAP: 0.0000
2025-05-13 23:22:53,629 - __main__ - INFO - sleeve length mAP: 0.0000
2025-05-13 23:22:53,629 - __main__ - INFO - sleeve shape mAP: 57.1489
2025-05-13 23:22:53,629 - __main__ - INFO - MeanAP: 57.1489

2025-05-13 23:22:54,237 - __main__ - INFO - lr:8.1e-05
2025-05-13 23:22:55,329 - __main__ - INFO - Task id: 21	Train Epoch: 9 [0/20000]	Loss: 1.7205 (1.7205) 	Acc: 87.50% (87.50%)
2025-05-13 23:24:06,015 - __main__ - INFO - Task id: 21	Train Epoch: 9 [6400/20000]	Loss: 1.8675 (1.5541) 	Acc: 87.50% (93.44%)
2025-05-13 23:25:15,433 - __main__ - INFO - Task id: 21	Train Epoch: 9 [12800/20000]	Loss: 1.5818 (1.5419) 	Acc: 93.75% (93.70%)
2025-05-13 23:26:24,348 - __main__ - INFO - Task id: 21	Train Epoch: 9 [19200/20000]	Loss: 1.8553 (1.5446) 	Acc: 93.75% (93.67%)
2025-05-13 23:27:27,966 - __main__ - INFO - Task id: 21
2025-05-13 23:27:27,967 - __main__ - INFO - Train Epoch: 9
2025-05-13 23:27:27,967 - __main__ - INFO - skirt_length mAP: 0.0000
2025-05-13 23:27:27,967 - __main__ - INFO - sleeve_length mAP: 0.0000
2025-05-13 23:27:27,967 - __main__ - INFO - coat_length mAP: 0.0000
2025-05-13 23:27:27,967 - __main__ - INFO - pant_length mAP: 0.0000
2025-05-13 23:27:27,967 - __main__ - INFO - collar_design mAP: 0.0000
2025-05-13 23:27:27,967 - __main__ - INFO - lapel_design mAP: 0.0000
2025-05-13 23:27:27,967 - __main__ - INFO - neckline_design mAP: 0.0000
2025-05-13 23:27:27,967 - __main__ - INFO - neck_design mAP: 0.0000
2025-05-13 23:27:27,967 - __main__ - INFO - texture-related mAP: 0.0000
2025-05-13 23:27:27,967 - __main__ - INFO - fabric-related mAP: 0.0000
2025-05-13 23:27:27,967 - __main__ - INFO - shape-related mAP: 0.0000
2025-05-13 23:27:27,967 - __main__ - INFO - part-related mAP: 0.0000
2025-05-13 23:27:27,967 - __main__ - INFO - style-related mAP: 0.0000
2025-05-13 23:27:27,967 - __main__ - INFO - clothes category mAP: 0.0000
2025-05-13 23:27:27,967 - __main__ - INFO - clothes button mAP: 0.0000
2025-05-13 23:27:27,967 - __main__ - INFO - clothes color mAP: 0.0000
2025-05-13 23:27:27,967 - __main__ - INFO - clothes length mAP: 0.0000
2025-05-13 23:27:27,967 - __main__ - INFO - clothes pattern mAP: 0.0000
2025-05-13 23:27:27,967 - __main__ - INFO - clothes shape mAP: 0.0000
2025-05-13 23:27:27,967 - __main__ - INFO - collar shape mAP: 0.0000
2025-05-13 23:27:27,967 - __main__ - INFO - sleeve length mAP: 0.0000
2025-05-13 23:27:27,967 - __main__ - INFO - sleeve shape mAP: 58.1790
2025-05-13 23:27:27,968 - __main__ - INFO - MeanAP: 58.1790

2025-05-13 23:27:29,233 - __main__ - INFO - lr:7.290000000000001e-05
2025-05-13 23:27:30,308 - __main__ - INFO - Task id: 21	Train Epoch: 10 [0/20000]	Loss: 1.4060 (1.4060) 	Acc: 93.75% (93.75%)
2025-05-13 23:28:39,993 - __main__ - INFO - Task id: 21	Train Epoch: 10 [6400/20000]	Loss: 1.2393 (1.5004) 	Acc: 100.00% (94.11%)
2025-05-13 23:29:49,131 - __main__ - INFO - Task id: 21	Train Epoch: 10 [12800/20000]	Loss: 1.5881 (1.4959) 	Acc: 93.75% (94.08%)
2025-05-13 23:30:59,279 - __main__ - INFO - Task id: 21	Train Epoch: 10 [19200/20000]	Loss: 1.5872 (1.4918) 	Acc: 93.75% (94.31%)
2025-05-13 23:32:04,990 - __main__ - INFO - Task id: 21
2025-05-13 23:32:04,991 - __main__ - INFO - Train Epoch: 10
2025-05-13 23:32:04,991 - __main__ - INFO - skirt_length mAP: 0.0000
2025-05-13 23:32:04,991 - __main__ - INFO - sleeve_length mAP: 0.0000
2025-05-13 23:32:04,991 - __main__ - INFO - coat_length mAP: 0.0000
2025-05-13 23:32:04,991 - __main__ - INFO - pant_length mAP: 0.0000
2025-05-13 23:32:04,991 - __main__ - INFO - collar_design mAP: 0.0000
2025-05-13 23:32:04,991 - __main__ - INFO - lapel_design mAP: 0.0000
2025-05-13 23:32:04,991 - __main__ - INFO - neckline_design mAP: 0.0000
2025-05-13 23:32:04,991 - __main__ - INFO - neck_design mAP: 0.0000
2025-05-13 23:32:04,991 - __main__ - INFO - texture-related mAP: 0.0000
2025-05-13 23:32:04,991 - __main__ - INFO - fabric-related mAP: 0.0000
2025-05-13 23:32:04,991 - __main__ - INFO - shape-related mAP: 0.0000
2025-05-13 23:32:04,991 - __main__ - INFO - part-related mAP: 0.0000
2025-05-13 23:32:04,991 - __main__ - INFO - style-related mAP: 0.0000
2025-05-13 23:32:04,991 - __main__ - INFO - clothes category mAP: 0.0000
2025-05-13 23:32:04,991 - __main__ - INFO - clothes button mAP: 0.0000
2025-05-13 23:32:04,991 - __main__ - INFO - clothes color mAP: 0.0000
2025-05-13 23:32:04,991 - __main__ - INFO - clothes length mAP: 0.0000
2025-05-13 23:32:04,991 - __main__ - INFO - clothes pattern mAP: 0.0000
2025-05-13 23:32:04,991 - __main__ - INFO - clothes shape mAP: 0.0000
2025-05-13 23:32:04,991 - __main__ - INFO - collar shape mAP: 0.0000
2025-05-13 23:32:04,991 - __main__ - INFO - sleeve length mAP: 0.0000
2025-05-13 23:32:04,991 - __main__ - INFO - sleeve shape mAP: 58.4170
2025-05-13 23:32:04,991 - __main__ - INFO - MeanAP: 58.4170

2025-05-13 23:32:06,284 - __main__ - INFO - lr:7.290000000000001e-05
2025-05-13 23:32:06,284 - __main__ - INFO - training time 13h 58min
